# Blender v3.4.1 OBJ File: 'thin_laptop.blend'
# www.blender.org
mtllib thin_laptop.mtl
o Plane
v -1.996397 0.087676 2.909276
v 1.994576 0.099948 2.909631
v -1.995296 0.087680 -2.908543
v 1.993888 0.099946 -2.908999
v -1.996155 0.034909 2.909276
v 1.994548 0.083085 2.909631
v -1.995053 0.034912 -2.908543
v 1.993860 0.083083 -2.908999
v -1.996276 0.007563 2.840384
v 1.960174 0.055634 2.840384
v -1.994788 0.007567 -2.837875
v 1.960174 0.055634 -2.837875
v -1.935147 -0.007441 -2.720006
v -1.989191 -0.007608 2.722514
v 1.916398 0.040307 2.722514
v 1.916398 0.040307 -2.720006
v -1.935225 -0.007442 0.001254
v -1.935225 -0.007442 0.001254
v 1.742844 0.013187 2.380530
v 1.742844 0.013187 -2.378022
v -1.921599 0.087906 2.915410
v -1.921599 0.087906 -2.912902
v -1.921362 0.035848 2.915410
v -1.921362 0.035848 -2.912902
v -1.908154 0.013520 2.837757
v -1.921813 0.008500 -2.837875
v -1.922497 -0.006694 2.722514
v -1.922497 -0.006694 -2.720006
v -1.925923 -0.007229 0.048213
v -1.925923 -0.007229 -0.045705
v -2.000546 0.087664 -2.330071
v -1.935980 0.087862 -1.747240
v -1.935980 0.087862 -1.164408
v -1.935980 0.087862 -0.581577
v -1.935980 0.087862 0.001254
v -1.935980 0.087862 0.584085
v -1.935980 0.087862 1.166917
v -1.935980 0.087862 1.749748
v -2.000546 0.087664 2.332579
v 1.999435 0.099963 2.332579
v 1.999435 0.099963 1.749748
v 1.999435 0.099963 1.166917
v 1.999435 0.099963 0.584085
v 1.999435 0.099963 0.001254
v 1.999435 0.099963 -0.581577
v 1.999435 0.099963 -1.164408
v 1.999435 0.099963 -1.747240
v 1.999435 0.099963 -2.330071
v -2.000303 0.034896 -2.330071
v -1.935737 0.035095 -1.747240
v -1.935737 0.035095 -1.164408
v -1.935737 0.035095 -0.581577
v -1.935737 0.035095 0.001254
v -1.935737 0.035095 0.584085
v -1.935737 0.035095 1.166917
v -1.935737 0.035095 1.749748
v -2.000303 0.034896 2.332579
v 1.999406 0.083100 2.332579
v 1.999406 0.083100 1.749748
v 1.999406 0.083100 1.166917
v 1.999406 0.083100 0.584085
v 1.999406 0.083100 0.001254
v 1.999406 0.083100 -0.581577
v 1.999406 0.083100 -1.164408
v 1.999406 0.083100 -1.747240
v 1.999406 0.083100 -2.330071
v -1.999974 0.007551 -2.329451
v -1.935408 0.007750 -1.702224
v -1.935408 0.007750 -1.134398
v -1.935408 0.007750 -0.566572
v -1.935408 0.007750 0.001254
v -1.935408 0.007750 0.569080
v -1.935408 0.007750 1.136906
v -1.935408 0.007750 1.704732
v -1.999974 0.007551 2.331959
v 1.960174 0.055634 2.272558
v 1.960174 0.055634 1.704732
v 1.960174 0.055634 1.136906
v 1.960174 0.055634 0.569080
v 1.960174 0.055634 0.001254
v 1.960174 0.055634 -0.566572
v 1.960174 0.055634 -1.134398
v 1.960174 0.055634 -1.702224
v 1.960174 0.055634 -2.270050
v -1.935408 0.007750 -2.314891
v -1.935225 -0.007442 -1.087250
v -1.935225 -0.007442 -0.542998
v -1.935225 -0.007442 0.001254
v -1.935225 -0.007442 0.545506
v -1.935225 -0.007442 1.089758
v -1.935225 -0.007442 1.634010
v -1.935225 -0.007442 2.319741
v 1.916398 0.040307 2.178262
v 1.916398 0.040307 1.634010
v 1.916398 0.040307 1.089758
v 1.916398 0.040307 0.545506
v 1.916398 0.040307 0.001254
v 1.916398 0.040307 -0.542998
v 1.916398 0.040307 -1.087250
v 1.916398 0.040307 -1.631502
v 1.916398 0.040307 -2.175754
v -1.935225 -0.007442 0.001254
v 1.907682 0.038945 -2.690037
v 1.881535 0.034859 -2.651308
v 1.881535 0.034859 2.653816
v 1.742844 0.013187 1.904675
v 1.742844 0.013187 1.428820
v 1.742844 0.013187 0.952965
v 1.742844 0.013187 0.477109
v 1.742844 0.013187 0.001254
v 1.742844 0.013187 -0.474601
v 1.742844 0.013187 -0.950457
v 1.742844 0.013187 -1.426312
v 1.742844 0.013187 -1.902167
v -1.925923 -0.007229 0.038822
v -1.861357 -0.007031 0.029430
v 1.988393 0.099929 -2.899113
v 1.898966 0.037583 -2.672944
v 1.988926 0.075763 -2.879167
v 1.881535 0.034859 -2.638757
v 1.732513 0.013130 -2.360228
v 1.742844 0.013187 -2.366765
v -1.925923 -0.007229 -0.036313
v -1.921599 0.087906 -2.330071
v -1.921599 0.087906 -1.747240
v -1.921599 0.087906 -1.164408
v -1.921599 0.087906 -0.581577
v -1.921599 0.087906 0.001254
v -1.921599 0.087906 0.584085
v -1.921599 0.087906 1.166917
v -1.921599 0.087906 1.749748
v -1.921599 0.087906 2.332579
v -1.935980 0.087862 -2.315126
v 1.999435 0.099963 -2.315126
v -1.935737 0.035095 -2.315126
v 1.999406 0.083100 -2.315126
v 1.960174 0.055634 -2.255490
v 1.916398 0.040307 -2.161799
v 1.742844 0.013187 -1.889966
v -1.925923 -0.007229 -0.036073
v -1.921599 0.087906 -2.315126
v -1.935980 0.087862 2.317635
v 1.999435 0.099963 2.317635
v -1.935737 0.035095 2.317635
v 1.999406 0.083100 2.317635
v -1.935408 0.007750 2.317400
v 1.960174 0.055634 2.257998
v 1.916398 0.040307 2.164307
v -1.923185 -0.006801 2.185298
v 1.742844 0.013187 1.892474
v 1.916398 0.040307 -2.707130
v -1.921599 0.087906 2.317635
v -1.923186 -0.006801 -2.182790
v 1.881535 0.034859 2.123304
v 1.881535 0.034859 1.592791
v 1.881535 0.034859 1.062279
v 1.881535 0.034859 0.531767
v 1.881535 0.034859 0.001254
v 1.881535 0.034859 -0.529258
v 1.881535 0.034859 -1.059771
v 1.881535 0.034859 -1.590283
v 1.881535 0.034859 -2.120796
v 1.881535 0.034859 -2.107193
v 1.881535 0.034859 2.109701
v -1.983116 0.087717 -2.912902
v -1.982875 0.035106 -2.912902
v -1.982718 0.007761 -2.837875
v -1.932354 -0.007276 -2.720006
v -1.933171 -0.007395 -0.009114
v -1.983116 0.087717 2.915410
v -1.982875 0.035106 2.915410
v -1.982718 0.007761 2.840384
v -1.974466 -0.007406 2.722514
v 1.960174 0.055634 -2.824442
v -1.932567 -0.007300 2.290059
v -1.983116 0.087717 2.332579
v -1.932805 0.087872 1.749748
v -1.932805 0.087872 1.166917
v -1.932805 0.087872 0.584085
v -1.932805 0.087872 0.001254
v -1.932805 0.087872 -0.581577
v -1.932805 0.087872 -1.164408
v -1.932805 0.087872 -1.747240
v -1.983116 0.087717 -2.330071
v -1.933171 -0.007395 -0.007040
v -1.932709 0.004537 -2.285726
v -1.932805 0.087872 -2.315126
v -1.932805 0.087872 2.317635
v -1.995030 0.027608 -2.892861
v 1.988926 0.075763 -2.892861
v 1.988926 0.075763 2.895369
v -1.996517 0.027603 2.895369
v -1.921482 0.028543 2.895369
v -1.921482 0.028543 -2.892861
v -1.935649 0.027790 -2.315064
v -2.000215 0.027592 -2.329905
v -1.935649 0.027790 -1.735215
v -1.935649 0.027790 -1.156392
v -1.935649 0.027790 -0.577569
v -1.935649 0.027790 0.001254
v -1.935649 0.027790 0.580077
v -1.935649 0.027790 1.158900
v -1.935649 0.027790 1.737723
v -2.000215 0.027592 2.332413
v 1.988926 0.075763 2.316546
v 1.988926 0.075763 1.737723
v 1.988926 0.075763 1.158900
v 1.988926 0.075763 0.580077
v 1.988926 0.075763 0.001254
v 1.988926 0.075763 -0.577569
v 1.988926 0.075763 -1.156392
v 1.988926 0.075763 -1.735215
v 1.988926 0.075763 -2.314038
v 1.988926 0.075763 -2.299196
v 1.988926 0.075763 2.301704
v -1.935649 0.027790 2.317572
v -1.982833 0.027802 2.895369
v -1.982833 0.027802 -2.892861
v -2.000546 0.087664 2.623995
v 1.999435 0.099963 -2.621486
v -2.000303 0.034896 2.623995
v 1.999406 0.083100 -2.621486
v -1.999974 0.007551 2.586171
v 1.960174 0.055634 -2.553962
v -1.962208 -0.007525 2.521128
v 1.916398 0.040307 -2.447880
v 1.898966 0.037583 0.538636
v 1.742844 0.013187 -2.140095
v 1.898966 0.037583 2.688165
v -1.925923 -0.007229 -0.041009
v -1.921599 0.087906 2.623995
v -2.000546 0.087664 -2.621486
v 1.999435 0.099963 2.896164
v -2.000303 0.034896 -2.621486
v 1.999406 0.083100 2.896164
v -1.999974 0.007551 -2.583663
v 1.960174 0.055634 2.556470
v -1.935277 0.000154 -2.517449
v 1.916398 0.040307 2.450388
v 1.898966 0.037583 1.076019
v 1.742844 0.013187 2.142603
v 1.999406 0.083100 -2.899113
v -1.921599 0.087906 -2.621486
v 1.898966 0.037583 1.613401
v 1.898966 0.037583 2.150783
v -1.922841 -0.006748 -2.451398
v -1.922841 -0.006748 2.453906
v 1.898966 0.037583 -2.685657
v 1.898966 0.037583 0.001254
v 1.898966 0.037583 -0.536128
v 1.898966 0.037583 -1.073510
v 1.898966 0.037583 -1.610893
v 1.898966 0.037583 -2.148275
v 1.898966 0.037583 -2.134496
v 1.898966 0.037583 2.137004
v 1.881535 0.034859 2.388560
v 1.881535 0.034859 -2.386052
v -1.932532 -0.001370 -2.502866
v -1.953516 -0.007353 2.506287
v -1.983116 0.087717 2.623995
v -1.983116 0.087717 -2.621486
v -1.933171 -0.007395 -0.008077
v 1.988926 0.075763 2.605958
v -2.000215 0.027592 -2.611383
v -2.000215 0.027592 2.613891
v 1.988926 0.075763 -2.603449
v 1.898966 0.037583 -2.416966
v 1.898966 0.037583 2.419474
v 1.985139 0.099919 2.915410
v 1.985111 0.082957 2.915410
v 1.949242 0.055501 2.840384
v 1.905588 0.040175 2.722514
v 1.732513 0.013130 2.373963
v 1.985106 0.099919 -2.912902
v 1.985079 0.082957 -2.912902
v 1.949242 0.055501 -2.837875
v 1.905588 0.040175 -2.720006
v 1.732513 0.013130 -2.371454
v 1.732513 0.013130 1.899421
v 1.732695 0.013130 1.424879
v 1.732695 0.013130 0.950338
v 1.732695 0.013130 0.475796
v 1.732695 0.013130 0.001254
v 1.732695 0.013130 -0.473288
v 1.732695 0.013130 -0.947829
v 1.732695 0.013130 -1.422371
v 1.732513 0.013130 -1.896913
v 1.988393 0.099929 2.332579
v 1.988393 0.099929 1.749748
v 1.988393 0.099929 1.166917
v 1.988393 0.099929 0.584085
v 1.988393 0.099929 0.001254
v 1.988393 0.099929 -0.581577
v 1.988393 0.099929 -1.164408
v 1.988393 0.099929 -1.747240
v 1.988393 0.099929 -2.330071
v 1.988393 0.099929 -2.315126
v 1.732513 0.013130 -1.884745
v 1.988393 0.099929 2.317635
v 1.732695 0.013130 1.887253
v 1.870821 0.034742 -2.649989
v 1.870821 0.034742 2.652497
v 1.977915 0.075630 -2.892861
v 1.977915 0.075630 2.895369
v 1.888204 0.037458 2.687505
v 1.888204 0.037458 -2.684997
v 1.988393 0.099929 2.895397
v 1.732513 0.013130 2.136692
v 1.732513 0.013130 -2.134183
v 1.988393 0.099929 -2.621486
v -2.000546 0.087664 2.898788
v 1.999435 0.099963 -2.767194
v -2.000303 0.034896 2.888863
v 1.999406 0.083100 -2.767194
v -1.999974 0.007551 2.713277
v 1.960174 0.055634 -2.695919
v -1.975699 -0.007566 2.621821
v 1.916398 0.040307 -2.583943
v 1.742844 0.013187 -2.259058
v 1.907682 0.038945 2.705340
v -1.925923 -0.007229 -0.043357
v -1.921599 0.087906 2.769702
v 1.881535 0.034859 2.521188
v -1.983116 0.087717 2.898788
v -1.933171 -0.007395 -0.008595
v 1.988926 0.075763 2.750663
v -2.000215 0.027592 -2.752122
v 1.907682 0.038945 0.542071
v -2.000546 0.087664 -2.767194
v 1.999435 0.099963 2.895927
v -2.000303 0.034896 -2.767194
v 1.999406 0.083100 2.895927
v -1.999974 0.007551 -2.710769
v 1.960174 0.055634 2.698427
v -1.935212 -0.003644 -2.618727
v 1.916398 0.040307 2.586451
v 1.907682 0.038945 1.082888
v 1.742844 0.013187 2.261567
v 1.999435 0.099963 -2.899113
v -1.921599 0.087906 -2.767194
v 1.907682 0.038945 1.623706
v 1.907682 0.038945 2.164523
v -1.922669 -0.006721 -2.585702
v -1.922669 -0.006721 2.588210
v 1.907682 0.038945 -2.702832
v 1.907682 0.038945 0.001254
v 1.907682 0.038945 -0.539563
v 1.907682 0.038945 -1.080380
v 1.907682 0.038945 -1.621197
v 1.907682 0.038945 -2.162014
v 1.907682 0.038945 -2.148148
v 1.907682 0.038945 2.150656
v 1.881535 0.034859 -2.518680
v -1.932443 -0.004323 -2.611436
v -1.963991 -0.007379 2.614401
v -1.983116 0.087717 -2.767194
v -2.000215 0.027592 2.873791
v 1.988926 0.075763 -2.748155
v 1.907682 0.038945 -2.432423
v 1.898966 0.037583 -2.551312
v 1.907682 0.038945 2.434931
v 1.898966 0.037583 2.553820
v 1.732513 0.013130 2.255327
v 1.988393 0.099929 2.905404
v 1.896896 0.038816 -2.702502
v 1.896896 0.038816 2.705010
v 1.732513 0.013130 -2.252819
v 1.988393 0.099929 -2.767194
v 1.907682 0.038945 2.570136
v 1.907682 0.038945 -2.567627
v -1.996794 0.087675 2.908274
v -1.999974 0.007551 2.828233
v -1.987901 -0.007604 2.712888
v 1.915565 0.040177 2.720872
v -1.921599 0.087906 2.901481
v 1.915565 0.040177 -2.705496
v -1.983116 0.087717 2.913821
v -2.000215 0.027592 -2.879407
v 1.915565 0.040177 0.545178
v -2.000546 0.087664 -2.898973
v -2.000303 0.034896 -2.898973
v -1.999974 0.007551 -2.825725
v -1.935153 -0.007078 -2.710324
v 1.915565 0.040177 1.089102
v -1.921599 0.087906 -2.898973
v 1.915565 0.040177 1.633025
v 1.915565 0.040177 2.176949
v -1.922514 -0.006696 -2.707167
v -1.922514 -0.006696 2.709675
v 1.915565 0.040177 -2.718364
v 1.915565 0.040177 0.001254
v 1.915565 0.040177 -0.542670
v 1.915565 0.040177 -1.086593
v 1.915565 0.040177 -1.630517
v 1.915565 0.040177 -2.174441
v 1.915565 0.040177 -2.160494
v 1.915565 0.040177 2.163002
v -1.932362 -0.006994 -2.709627
v -1.973465 -0.007403 2.712179
v -1.983116 0.087717 -2.898973
v 1.915565 0.040177 -2.446403
v 1.915565 0.040177 2.448911
v 1.904757 0.040045 -2.718333
v 1.904757 0.040045 2.720841
v 1.915565 0.040177 2.584892
v 1.915565 0.040177 -2.582383
v -1.740339 0.088464 -2.912902
v -1.740114 0.038033 -2.912902
v -1.742207 0.010681 -2.837875
v -1.744885 -0.004519 -2.720006
v -1.747155 -0.004874 -2.204467
v -1.740561 0.030727 -2.892861
v -1.746020 -0.004697 -2.462236
v -1.745453 -0.004608 -2.591121
v -1.744940 -0.004528 -2.707685
v -1.996357 0.078882 2.909276
v -1.995255 0.078885 -2.908543
v 1.993884 0.097136 -2.908999
v 1.994572 0.097138 2.909631
v -1.921560 0.079230 2.915410
v -1.921560 0.079230 -2.912902
v 1.999430 0.097153 2.332579
v 1.999430 0.097153 1.749748
v 1.999430 0.097153 1.166917
v 1.999430 0.097153 0.584085
v 1.999430 0.097153 0.001254
v 1.999430 0.097153 -0.581577
v 1.999430 0.097153 -1.164408
v 1.999430 0.097153 -1.747240
v 1.999430 0.097153 -2.330071
v -2.000505 0.078869 -2.330071
v -1.935940 0.079068 -1.747240
v -1.935940 0.079068 -1.164408
v -1.935940 0.079068 -0.581577
v -1.935940 0.079068 0.001254
v -1.935940 0.079068 0.584085
v -1.935940 0.079068 1.166917
v -1.935940 0.079068 1.749748
v -2.000505 0.078869 2.332579
v -1.935940 0.079068 -2.315126
v 1.999430 0.097153 -2.315126
v -1.935940 0.079068 2.317635
v 1.999430 0.097153 2.317635
v -1.983076 0.078949 2.915410
v -1.983076 0.078949 -2.912902
v -2.000505 0.078869 -2.621486
v 1.999430 0.097153 2.896164
v 1.999430 0.097153 -2.621486
v -2.000505 0.078869 2.623995
v 1.985102 0.097092 -2.912902
v 1.985135 0.097092 2.915410
v 1.999430 0.097153 2.895927
v -2.000505 0.078869 -2.767194
v 1.999430 0.097153 -2.899113
v 1.999430 0.097153 -2.767194
v -2.000505 0.078869 2.897134
v -2.000505 0.078869 -2.898973
v -1.740302 0.080059 -2.912902
v 1.938286 0.047970 -2.778941
v 1.938286 0.047970 2.781449
v -1.992733 -0.000022 2.781449
v -1.964967 0.000063 -2.778941
v -1.922155 0.000903 2.781449
v -1.922155 0.000903 -2.778941
v 1.999435 0.099963 -2.322599
v 1.999406 0.083100 -2.322599
v 1.960174 0.055634 -2.262770
v 1.916398 0.040307 -2.168777
v 1.742844 0.013187 -1.896066
v -1.925923 -0.007229 -0.036193
v -1.934198 -0.007418 -0.002893
v -1.967690 0.007651 -2.322171
v -1.967599 0.000055 2.325850
v 1.938286 0.047970 2.225410
v 1.938286 0.047970 1.669371
v 1.938286 0.047970 1.113332
v 1.938286 0.047970 0.557293
v 1.938286 0.047970 0.001254
v 1.938286 0.047970 -0.554785
v 1.938286 0.047970 -1.110824
v 1.938286 0.047970 -1.666863
v 1.938286 0.047970 -2.222902
v -1.968263 0.087763 -2.322599
v -1.968020 0.034996 -2.322599
v -1.921599 0.087906 -2.322599
v 1.938286 0.047970 -2.208644
v 1.938286 0.047970 -2.765786
v 1.938286 0.047970 2.211153
v 1.881535 0.034859 -2.113994
v -1.957961 0.087794 -2.322599
v -1.978592 0.000178 2.781449
v -1.957536 0.000242 -2.778941
v -1.967932 0.027691 -2.322484
v 1.988926 0.075763 -2.306617
v 1.898966 0.037583 -2.141386
v 1.938286 0.047970 2.503429
v -1.967625 0.003853 -2.550556
v -1.981091 0.000013 2.553650
v 1.938286 0.047970 -2.500921
v 1.988393 0.099929 -2.322599
v 1.732513 0.013130 -1.890829
v 1.927415 0.047838 -2.778941
v 1.927415 0.047838 2.781449
v -1.967593 0.001954 -2.664748
v 1.938286 0.047970 2.642439
v 1.907682 0.038945 -2.155081
v -1.987836 -0.000007 2.667549
v 1.938286 0.047970 -2.639931
v 1.915565 0.040177 -2.167467
v -1.967563 0.000237 -2.768024
v -1.993937 -0.000026 2.770561
v -1.743546 0.003081 -2.778941
v -1.968223 0.078968 -2.322599
v 1.999430 0.097153 -2.322599
v 1.938286 0.047970 -2.215773
v -1.748319 -0.004887 2.206831
v -1.741759 0.030713 2.895369
v -1.747190 -0.004710 2.464673
v -1.741537 0.088460 2.915410
v -1.741312 0.038019 2.915410
v -1.761392 0.006839 2.836632
v -1.746060 -0.004534 2.722514
v -1.746625 -0.004622 2.593593
v -1.746114 -0.004542 2.710190
v -1.741500 0.080053 2.915410
v -1.744728 0.003067 2.781449
v -1.880958 0.079753 2.837757
v -1.881283 0.079414 2.915410
v -1.771233 0.079856 2.836632
v -1.770138 0.079922 2.915410
v -1.761604 0.075902 2.836632
v -1.753326 0.069591 2.836632
v -1.746964 0.061352 2.836632
v -1.742951 0.051748 2.836632
v -1.741561 0.041432 2.836632
v -1.742888 0.031107 2.836632
v -1.742888 0.031107 2.915381
v -1.746842 0.021478 2.836632
v -1.746842 0.021478 2.915381
v -1.753153 0.013201 2.836632
v -1.753153 0.013201 2.915381
v -1.761392 0.006839 2.915381
v -1.770996 0.002826 2.915381
v -1.880720 0.002254 2.837757
v -1.880720 0.002254 2.914257
v -1.890753 0.003544 2.837757
v -1.890753 0.003544 2.914257
v -1.900110 0.007386 2.837757
v -1.900110 0.007386 2.914257
v -1.908154 0.013520 2.914257
v -1.914337 0.021526 2.837757
v -1.914337 0.021526 2.914257
v -1.918237 0.030859 2.837757
v -1.918237 0.030859 2.914257
v -1.919588 0.040884 2.837757
v -1.918298 0.050917 2.837757
v -1.914456 0.060275 2.837757
v -1.908323 0.068319 2.837757
v -1.900316 0.074502 2.837757
v -1.890983 0.078401 2.837757
v -1.772948 0.077851 2.915350
v -1.879713 0.077744 2.915315
v -1.763579 0.074103 2.915350
v -1.755526 0.068120 2.915350
v -1.749336 0.060310 2.915350
v -1.745432 0.051204 2.915350
v -1.744080 0.041424 2.915350
v -1.745372 0.031636 2.915350
v -1.749219 0.022506 2.915350
v -1.755361 0.014658 2.915350
v -1.763378 0.008625 2.915350
v -1.772724 0.004820 2.915350
v -1.879487 0.004270 2.914284
v -1.889249 0.005492 2.914284
v -1.898354 0.009134 2.914284
v -1.906181 0.014948 2.914284
v -1.912196 0.022538 2.914284
v -1.915990 0.031387 2.914284
v -1.917304 0.040891 2.915335
v -1.916048 0.050404 2.915335
v -1.912309 0.059276 2.915344
v -1.906341 0.066902 2.915344
v -1.898550 0.072765 2.915344
v -1.889468 0.076463 2.915344
v -1.772878 0.077851 2.860429
v -1.879642 0.077745 2.859362
v -1.763509 0.074104 2.860429
v -1.755455 0.068121 2.860429
v -1.749265 0.060310 2.860429
v -1.745361 0.051204 2.860429
v -1.744009 0.041424 2.860429
v -1.745301 0.031636 2.860429
v -1.749149 0.022506 2.860429
v -1.755291 0.014658 2.860429
v -1.763307 0.008626 2.860429
v -1.772653 0.004820 2.860429
v -1.879416 0.004270 2.859362
v -1.889179 0.005492 2.859362
v -1.898283 0.009134 2.859362
v -1.906110 0.014948 2.859362
v -1.912125 0.022539 2.859362
v -1.915919 0.031387 2.859362
v -1.917233 0.040892 2.859362
v -1.915978 0.050404 2.859362
v -1.912238 0.059276 2.859362
v -1.906270 0.066903 2.859362
v -1.898479 0.072765 2.859362
v -1.889397 0.076463 2.859362
v -1.796168 0.052040 2.860021
v -1.867372 0.051886 2.859706
v -1.793146 0.050934 2.860021
v -1.790549 0.049170 2.860021
v -1.788553 0.046865 2.860021
v -1.787295 0.044178 2.860021
v -1.786860 0.041292 2.860021
v -1.787277 0.038404 2.860021
v -1.788519 0.035709 2.860021
v -1.790501 0.033393 2.860021
v -1.793087 0.031612 2.860021
v -1.796101 0.030488 2.860021
v -1.867306 0.030204 2.859706
v -1.870454 0.030564 2.859706
v -1.873390 0.031638 2.859706
v -1.875914 0.033353 2.859706
v -1.877853 0.035592 2.859706
v -1.879076 0.038203 2.859706
v -1.879499 0.041008 2.859706
v -1.879093 0.043815 2.859706
v -1.877886 0.046433 2.859706
v -1.875961 0.048684 2.859706
v -1.873448 0.050415 2.859706
v -1.870518 0.051507 2.859706
v -1.796302 0.052039 2.904273
v -1.867506 0.051886 2.903958
v -1.793280 0.050934 2.904273
v -1.790684 0.049169 2.904273
v -1.788688 0.046865 2.904273
v -1.787430 0.044178 2.904273
v -1.786994 0.041292 2.904273
v -1.787412 0.038403 2.904273
v -1.788654 0.035709 2.904273
v -1.790635 0.033392 2.904273
v -1.793221 0.031612 2.904273
v -1.796236 0.030488 2.904273
v -1.867440 0.030204 2.903958
v -1.870588 0.030563 2.903958
v -1.873524 0.031637 2.903958
v -1.876048 0.033352 2.903958
v -1.877987 0.035592 2.903958
v -1.879210 0.038203 2.903958
v -1.879633 0.041007 2.903958
v -1.879227 0.043814 2.903958
v -1.878021 0.046433 2.903958
v -1.876095 0.048684 2.903958
v -1.873582 0.050415 2.903958
v -1.870652 0.051507 2.903958
v -1.881322 0.088030 2.915410
v -1.770176 0.088372 2.915410
v -1.741374 0.038868 2.895819
v -1.746842 0.021478 2.895797
v -1.753153 0.013201 2.895797
v -1.761392 0.006839 2.895797
v -1.770996 0.002826 2.895797
v -1.880720 0.002254 2.895232
v -1.890753 0.003544 2.895232
v -1.900110 0.007386 2.895232
v -1.908154 0.013520 2.895232
v -1.914337 0.021526 2.895232
v -1.920921 0.037100 2.896098
v -1.766383 0.004753 2.867383
v -1.880720 0.002254 2.867630
v -1.890753 0.003544 2.867630
v -1.900110 0.007386 2.867630
v -1.915037 0.021278 2.867510
v -1.918148 0.070127 2.878117
v -1.919890 0.043085 2.878117
v -1.920281 0.038918 2.868080
v -1.908154 0.013520 2.867630
v -1.919924 0.029655 2.867701
v -1.982777 0.018111 2.868780
v -1.996401 0.017912 2.868780
v -1.516769 0.089151 2.915410
v -1.516559 0.040722 2.915410
v -1.528647 0.013891 2.835810
v -1.525800 -0.001845 2.722514
v -1.530012 -0.002503 2.233609
v -1.518382 0.031798 2.895769
v -1.527906 -0.002174 2.478062
v -1.526853 -0.002009 2.600288
v -1.525901 -0.001860 2.710830
v -1.516734 0.081080 2.915410
v -1.523236 0.005759 2.781449
v -1.703911 -0.004402 2.212279
v -1.693731 0.031550 2.895203
v -1.702583 -0.004194 2.467396
v -1.701919 -0.004090 2.594955
v -1.701318 -0.003997 2.710320
v -1.695777 0.080262 2.915410
v -1.699672 0.003614 2.781449
v -1.695814 0.088601 2.915410
v -1.695592 0.038569 2.915410
v -1.675605 0.008077 2.836935
v -1.701255 -0.003987 2.722514
v -1.656452 0.080443 2.836935
v -1.655699 0.080445 2.915410
v -1.546727 0.080546 2.835810
v -1.546737 0.080943 2.915410
v -1.537098 0.076593 2.835810
v -1.528821 0.070281 2.835810
v -1.522459 0.062043 2.835810
v -1.518445 0.052438 2.835810
v -1.517055 0.042122 2.835810
v -1.518382 0.031798 2.835810
v -1.518382 0.031798 2.915558
v -1.522336 0.022169 2.835810
v -1.522336 0.022169 2.915558
v -1.528647 0.013891 2.915558
v -1.536886 0.007529 2.835810
v -1.536886 0.007529 2.915558
v -1.546490 0.003516 2.835810
v -1.546490 0.003516 2.915558
v -1.656214 0.002945 2.836935
v -1.656214 0.002945 2.914433
v -1.666247 0.004234 2.836935
v -1.666247 0.004234 2.914433
v -1.675605 0.008077 2.914433
v -1.683649 0.014210 2.836935
v -1.683649 0.014210 2.914433
v -1.689831 0.022216 2.836935
v -1.689831 0.022216 2.914433
v -1.693731 0.031550 2.836935
v -1.693731 0.031550 2.914433
v -1.695082 0.041575 2.836935
v -1.522336 0.022169 2.895769
v -1.693793 0.051608 2.836935
v -1.689950 0.060965 2.836935
v -1.528647 0.013891 2.895769
v -1.683817 0.069009 2.836935
v -1.656214 0.002945 2.895203
v -1.675811 0.075192 2.836935
v -1.546490 0.003516 2.895769
v -1.666477 0.079092 2.836935
v -1.536886 0.007529 2.895769
v -1.548443 0.078541 2.915526
v -1.655207 0.078435 2.915451
v -1.539074 0.074794 2.915526
v -1.531020 0.068811 2.915526
v -1.524830 0.061000 2.915526
v -1.520926 0.051895 2.915526
v -1.519574 0.042114 2.915526
v -1.520866 0.032326 2.915526
v -1.524714 0.023197 2.915526
v -1.530855 0.015348 2.915526
v -1.538872 0.009316 2.915526
v -1.548218 0.005510 2.915526
v -1.654982 0.004960 2.914460
v -1.664744 0.006182 2.914460
v -1.673848 0.009824 2.914460
v -1.681675 0.015639 2.914460
v -1.687690 0.023229 2.915411
v -1.691484 0.032077 2.915411
v -1.692798 0.041582 2.915451
v -1.691543 0.051094 2.915451
v -1.687803 0.059966 2.915451
v -1.681835 0.067593 2.915451
v -1.674044 0.073455 2.915451
v -1.664962 0.077153 2.915451
v -1.548372 0.078542 2.861069
v -1.655137 0.078435 2.860003
v -1.539003 0.074794 2.861069
v -1.530949 0.068811 2.861069
v -1.524760 0.061000 2.861069
v -1.520855 0.051895 2.861069
v -1.519503 0.042115 2.861069
v -1.520795 0.032326 2.861069
v -1.524643 0.023197 2.861069
v -1.530785 0.015348 2.861069
v -1.538802 0.009316 2.861069
v -1.548147 0.005511 2.861069
v -1.654911 0.004961 2.860003
v -1.664673 0.006182 2.860003
v -1.673778 0.009825 2.860003
v -1.681604 0.015639 2.860003
v -1.687620 0.023229 2.860003
v -1.691413 0.032078 2.860003
v -1.692727 0.041582 2.860003
v -1.691472 0.051094 2.860003
v -1.687732 0.059966 2.860003
v -1.681764 0.067593 2.860003
v -1.673974 0.073455 2.860003
v -1.664891 0.077153 2.860003
v -1.571662 0.052730 2.860662
v -1.642866 0.052576 2.860347
v -1.568641 0.051625 2.860662
v -1.566044 0.049860 2.860662
v -1.564048 0.047556 2.860662
v -1.562790 0.044869 2.860662
v -1.562354 0.041983 2.860662
v -1.562772 0.039094 2.860662
v -1.564014 0.036400 2.860662
v -1.565995 0.034083 2.860662
v -1.568581 0.032302 2.860662
v -1.571596 0.031179 2.860662
v -1.642800 0.030894 2.860347
v -1.645948 0.031254 2.860347
v -1.648884 0.032328 2.860347
v -1.651408 0.034043 2.860347
v -1.653347 0.036282 2.860347
v -1.654570 0.038893 2.860347
v -1.654993 0.041698 2.860347
v -1.654588 0.044505 2.860347
v -1.653381 0.047124 2.860347
v -1.651455 0.049375 2.860347
v -1.648942 0.051105 2.860347
v -1.646013 0.052197 2.860347
v -1.571796 0.052730 2.904550
v -1.643001 0.052576 2.904235
v -1.568775 0.051624 2.904550
v -1.566178 0.049859 2.904550
v -1.564182 0.047555 2.904550
v -1.562924 0.044868 2.904550
v -1.562489 0.041982 2.904550
v -1.562906 0.039094 2.904550
v -1.564148 0.036399 2.904550
v -1.566129 0.034083 2.904550
v -1.568715 0.032302 2.904550
v -1.571730 0.031178 2.904550
v -1.642934 0.030894 2.904235
v -1.646082 0.031254 2.904235
v -1.649018 0.032328 2.904235
v -1.651542 0.034043 2.904235
v -1.653481 0.036282 2.904235
v -1.654704 0.038893 2.904235
v -1.655127 0.041698 2.904235
v -1.654721 0.044505 2.904235
v -1.653515 0.047123 2.904235
v -1.651589 0.049374 2.904235
v -1.649076 0.051105 2.904235
v -1.646147 0.052197 2.904235
v -1.546772 0.089059 2.915410
v -1.655736 0.088724 2.915410
v -1.666247 0.004234 2.895203
v -1.675605 0.008077 2.895203
v -1.683649 0.014210 2.895203
v -1.689831 0.022216 2.895203
v -1.516682 0.041069 2.895658
v -1.695466 0.039315 2.895937
v -1.929768 0.073354 -2.912902
v -1.929623 0.041587 -2.912902
v -1.974666 0.041044 -2.912902
v -1.974814 0.073148 -2.912902
v -1.929768 0.073354 -2.889241
v -1.929623 0.041587 -2.889241
v -1.974666 0.041044 -2.889241
v -1.974814 0.073148 -2.889241
v -1.425395 -0.001351 -2.244089
v -1.409864 0.034721 -2.892861
v -1.422816 -0.000948 -2.482047
v -1.421526 -0.000746 -2.601027
v -1.420359 -0.000564 -2.708632
v -1.409022 0.089482 -2.912902
v -1.408820 0.042029 -2.912902
v -1.413914 0.014667 -2.837875
v -1.420236 -0.000544 -2.720006
v -1.408988 0.081573 -2.912902
v -1.417075 0.007061 -2.778941
v -1.880136 0.088034 -2.912902
v -1.879902 0.036348 -2.912902
v -1.880728 0.008999 -2.837875
v -1.881869 -0.006196 -2.720006
v -1.882919 -0.006360 -2.187749
v -1.880097 0.029042 -2.892861
v -1.882394 -0.006278 -2.453877
v -1.882131 -0.006237 -2.586942
v -1.881894 -0.006200 -2.707286
v -1.880097 0.079419 -2.912902
v -1.881299 0.001401 -2.778941
v -1.434802 0.048998 -2.912902
v -1.733947 0.046243 -2.912902
v -1.734079 0.072144 -2.912902
v -1.860308 0.071626 -2.912902
v -1.434919 0.073369 -2.912902
v -1.860169 0.045081 -2.912902
v -1.434802 0.048998 -2.869455
v -1.733947 0.046243 -2.869455
v -1.734079 0.072144 -2.869455
v -1.860308 0.071626 -2.869455
v -1.434919 0.073369 -2.869455
v -1.860169 0.045081 -2.869455
v -1.551478 0.089044 2.332579
v -1.374763 0.089588 1.749748
v -1.374763 0.089588 1.166917
v -1.374763 0.089588 0.584085
v -1.374763 0.089588 0.001254
v -1.374763 0.089588 -0.581577
v -1.374763 0.089588 -1.164408
v -1.374763 0.089588 -1.747240
v -1.551478 0.089044 -2.330071
v -1.374763 0.089588 -2.315126
v -1.374763 0.089588 2.317635
v -1.551478 0.089044 -2.322599
v 0.606518 0.095680 2.332579
v 0.640964 0.095786 1.749748
v 0.640964 0.095786 1.166917
v 0.640964 0.095786 0.584085
v 0.640964 0.095786 0.001254
v 0.640964 0.095786 -0.581577
v 0.640964 0.095786 -1.164408
v 0.640964 0.095786 -1.747240
v 0.606518 0.095680 -2.330071
v 0.640964 0.095786 -2.315126
v 0.640964 0.095786 2.317635
v 0.606518 0.095680 -2.322599
v -1.349049 0.067156 1.749748
v -1.349049 0.067156 2.317635
v -1.349049 0.067156 1.166917
v -1.349049 0.067156 0.584085
v -1.349049 0.067156 0.001254
v -1.349049 0.067156 -0.581577
v -1.349049 0.067156 -1.164408
v -1.349049 0.067156 -1.747240
v -1.349049 0.067156 -2.315126
v 0.606587 0.073169 1.749748
v 0.606587 0.073169 1.166917
v 0.606587 0.073169 0.584085
v 0.606587 0.073169 0.001254
v 0.606587 0.073169 -0.581577
v 0.606587 0.073169 -1.164408
v 0.606587 0.073169 -1.747240
v 0.606587 0.073169 -2.315126
v 0.606587 0.073169 2.317635
v 0.660709 0.095847 2.332579
v 0.693805 0.095948 1.749748
v 0.700359 0.095948 1.166917
v 0.700359 0.095948 0.584085
v 0.700359 0.095948 0.001254
v 0.700359 0.095948 -0.581577
v 0.700359 0.095948 -1.164408
v 0.693805 0.095948 -1.747240
v 0.660709 0.095847 -2.330071
v 0.693805 0.095948 -2.315126
v 0.693805 0.095948 2.317635
v 0.660709 0.095847 -2.322599
v 1.940976 0.099783 2.332579
v 1.942158 0.099787 1.749748
v 1.892233 0.099787 1.166917
v 1.892233 0.099787 0.584085
v 1.892233 0.099787 0.001254
v 1.892233 0.099787 -0.581577
v 1.892233 0.099787 -1.164408
v 1.942158 0.099787 -1.747240
v 1.940976 0.099783 -2.330071
v 1.942158 0.099787 -2.315126
v 1.942158 0.099787 2.317635
v 1.940976 0.099783 -2.322599
v 0.705843 0.089905 0.577419
v 0.705843 0.089905 1.153583
v 0.705843 0.089905 0.001254
v 0.705843 0.089905 -0.574911
v 0.705843 0.089905 -1.151075
v 1.886750 0.093744 1.153583
v 1.886750 0.093744 0.577419
v 1.886750 0.093744 0.001254
v 1.886750 0.093744 -0.574911
v 1.886750 0.093744 -1.151075
v -1.349056 0.069305 1.749748
v -1.349056 0.069305 2.317635
v -1.349056 0.069305 1.166916
v -1.349056 0.069305 0.584085
v -1.349056 0.069305 0.001254
v -1.349056 0.069305 -0.581577
v -1.349056 0.069305 -1.164408
v -1.349056 0.069305 -1.747240
v -1.349056 0.069305 -2.315126
v 0.606581 0.075318 1.749748
v 0.606581 0.075318 1.166917
v 0.606581 0.075318 0.584085
v 0.606581 0.075318 0.001254
v 0.606581 0.075318 -0.581577
v 0.606581 0.075318 -1.164408
v 0.606581 0.075318 -1.747240
v 0.606581 0.075318 -2.315126
v 0.606581 0.075318 2.317635
v -1.313915 0.069413 1.749748
v -1.313915 0.069413 1.166916
v -1.313915 0.069413 0.584085
v -1.313915 0.069413 0.001254
v -1.313915 0.069413 -0.581577
v -1.313915 0.069413 -1.164408
v -1.313915 0.069413 -1.747240
v -1.313915 0.069413 -2.315126
v -1.313915 0.069413 2.317635
v -1.349056 0.069305 -2.287648
v 0.606581 0.075318 -2.287648
v -1.313915 0.069413 -2.287648
v -1.141407 0.069943 1.749748
v -1.141407 0.069943 1.166916
v -1.141407 0.069943 0.584085
v -1.141407 0.069943 0.001254
v -1.141407 0.069943 -0.581577
v -1.141407 0.069943 -1.164408
v -1.141407 0.069943 -1.747240
v -1.141407 0.069943 -2.315126
v -1.141407 0.069943 2.317635
v -1.141407 0.069943 -2.287648
v -1.081816 0.070126 1.749748
v -1.081816 0.070126 1.166916
v -1.081816 0.070126 0.584085
v -1.081816 0.070126 0.001254
v -1.081816 0.070126 -0.581577
v -1.081816 0.070126 -1.164408
v -1.081816 0.070126 -1.747240
v -1.081816 0.070126 -2.315126
v -1.081816 0.070126 2.317635
v -1.081816 0.070126 -2.287648
v -0.799399 0.070995 1.749748
v -0.799399 0.070995 1.166916
v -0.799399 0.070995 0.584085
v -0.799399 0.070995 0.001254
v -0.799399 0.070995 -0.581577
v -0.799399 0.070995 -1.164408
v -0.799399 0.070995 -1.747240
v -0.799399 0.070995 -2.315126
v -0.799399 0.070995 2.317635
v -0.799399 0.070995 -2.287648
v -0.741326 0.071173 1.749748
v -0.741326 0.071173 1.166916
v -0.741326 0.071173 0.584085
v -0.741326 0.071173 0.001254
v -0.741326 0.071173 -0.581577
v -0.741326 0.071173 -1.164408
v -0.741326 0.071173 -1.747240
v -0.741326 0.071173 -2.315126
v -0.741326 0.071173 2.317635
v -0.741326 0.071173 -2.287648
v -0.452489 0.072061 1.749748
v -0.452489 0.072061 1.166916
v -0.452489 0.072061 0.584085
v -0.452489 0.072061 0.001254
v -0.452489 0.072061 -0.581577
v -0.452489 0.072061 -1.164408
v -0.452489 0.072061 -1.747240
v -0.452489 0.072061 -2.315126
v -0.452489 0.072061 2.317635
v -0.452489 0.072061 -2.287648
v -0.401984 0.072217 1.749748
v -0.401984 0.072217 1.166916
v -0.401984 0.072217 0.584085
v -0.401984 0.072217 0.001254
v -0.401984 0.072217 -0.581577
v -0.401984 0.072217 -1.164408
v -0.401984 0.072217 -1.747240
v -0.401984 0.072217 -2.315126
v -0.401984 0.072217 2.317635
v -0.401984 0.072217 -2.287648
v -0.110111 0.073114 1.749748
v -0.110111 0.073114 1.166917
v -0.110111 0.073114 0.584085
v -0.110111 0.073114 0.001254
v -0.110111 0.073114 -0.581577
v -0.110111 0.073114 -1.164408
v -0.110111 0.073114 -1.747240
v -0.110111 0.073114 -2.315126
v -0.110111 0.073114 2.317635
v -0.110111 0.073114 -2.287648
v -0.058044 0.073274 1.749748
v -0.058044 0.073274 1.166917
v -0.058044 0.073274 0.584085
v -0.058044 0.073274 0.001254
v -0.058044 0.073274 -0.581577
v -0.058044 0.073274 -1.164408
v -0.058044 0.073274 -1.747240
v -0.058044 0.073274 -2.315126
v -0.058044 0.073274 2.317635
v -0.058044 0.073274 -2.287648
v 0.232921 0.074169 1.749748
v 0.232921 0.074169 1.166917
v 0.232921 0.074169 0.584085
v 0.232921 0.074169 0.001254
v 0.232921 0.074169 -0.581577
v 0.232921 0.074169 -1.164408
v 0.232921 0.074169 -1.747240
v 0.232921 0.074169 -2.315126
v 0.232921 0.074169 2.317635
v 0.232921 0.074169 -2.287648
v 0.288051 0.074339 1.749748
v 0.288051 0.074339 1.166917
v 0.288051 0.074339 0.584085
v 0.288051 0.074339 0.001254
v 0.288051 0.074339 -0.581577
v 0.288051 0.074339 -1.164408
v 0.288051 0.074339 -1.747240
v 0.288051 0.074339 -2.315126
v 0.288051 0.074339 2.317635
v 0.288051 0.074339 -2.287648
v 0.574422 0.075219 1.749748
v 0.574422 0.075219 1.166917
v 0.574422 0.075219 0.584085
v 0.574422 0.075219 0.001254
v 0.574422 0.075219 -0.581577
v 0.574422 0.075219 -1.164408
v 0.574422 0.075219 -1.747240
v 0.574422 0.075219 -2.315126
v 0.574422 0.075219 2.317635
v 0.574422 0.075219 -2.287648
v -1.349056 0.069305 -2.025077
v 0.606581 0.075318 -2.025077
v -1.313915 0.069413 -2.025077
v -1.141407 0.069943 -2.025077
v -1.081816 0.070126 -2.025077
v -0.799399 0.070995 -2.025077
v -0.741326 0.071173 -2.025077
v -0.452489 0.072061 -2.025077
v -0.401984 0.072217 -2.025077
v -0.110111 0.073114 -2.025077
v -0.058044 0.073274 -2.025077
v 0.232921 0.074169 -2.025077
v 0.288051 0.074339 -2.025077
v 0.574422 0.075219 -2.025077
v -1.349056 0.069305 -1.974699
v 0.606581 0.075318 -1.974699
v -1.313915 0.069413 -1.974699
v -1.141407 0.069943 -1.974699
v -1.081816 0.070126 -1.974699
v -0.799399 0.070995 -1.974699
v -0.741326 0.071173 -1.974699
v -0.452489 0.072061 -1.974699
v -0.401984 0.072217 -1.974699
v -0.110111 0.073114 -1.974699
v -0.058044 0.073274 -1.974699
v 0.232921 0.074169 -1.974699
v 0.288051 0.074339 -1.974699
v 0.574422 0.075219 -1.974699
v -1.349056 0.069305 -1.910150
v 0.606581 0.075318 -1.910150
v -1.313915 0.069413 -1.910150
v -1.141407 0.069943 -1.910150
v -1.081816 0.070126 -1.910150
v -0.799399 0.070995 -1.910150
v -0.741326 0.071173 -1.910150
v -0.452489 0.072061 -1.910150
v -0.401984 0.072217 -1.910150
v -0.110111 0.073114 -1.910150
v -0.058044 0.073274 -1.910150
v 0.232921 0.074169 -1.910150
v 0.288051 0.074339 -1.910150
v 0.574422 0.075219 -1.910150
v -1.349056 0.069305 -1.920908
v 0.606581 0.075318 -1.920908
v -1.313915 0.069413 -1.920908
v -1.141407 0.069943 -1.920908
v -1.081816 0.070126 -1.920908
v -0.799399 0.070995 -1.920908
v -0.741326 0.071173 -1.920908
v -0.452489 0.072061 -1.920908
v -0.401984 0.072217 -1.920908
v -0.110111 0.073114 -1.920908
v -0.058044 0.073274 -1.920908
v 0.232921 0.074169 -1.920908
v 0.288051 0.074339 -1.920908
v 0.574422 0.075219 -1.920908
v -1.349056 0.069305 -1.859433
v 0.606581 0.075318 -1.859433
v -1.313915 0.069413 -1.859433
v -1.141407 0.069943 -1.859433
v -1.081816 0.070126 -1.859433
v -0.799399 0.070995 -1.859433
v -0.741326 0.071173 -1.859433
v -0.452489 0.072061 -1.859433
v -0.401984 0.072217 -1.859433
v -0.110111 0.073114 -1.859433
v -0.058044 0.073274 -1.859433
v 0.232921 0.074169 -1.859433
v 0.288051 0.074339 -1.859433
v 0.574422 0.075219 -1.859433
v -1.349056 0.069305 -1.825151
v 0.606581 0.075318 -1.825151
v -1.313915 0.069413 -1.825151
v -1.141407 0.069943 -1.825151
v -1.081816 0.070126 -1.825151
v -0.799399 0.070995 -1.825151
v -0.741326 0.071173 -1.825151
v -0.452489 0.072061 -1.825151
v -0.401984 0.072217 -1.825151
v -0.110111 0.073114 -1.825151
v -0.058044 0.073274 -1.825151
v 0.232921 0.074169 -1.825151
v 0.288051 0.074339 -1.825151
v 0.574422 0.075219 -1.825151
v -1.349056 0.069305 -1.676686
v 0.606581 0.075318 -1.676686
v -1.313915 0.069413 -1.676686
v -1.141407 0.069943 -1.676686
v -1.081816 0.070126 -1.676686
v -0.799399 0.070995 -1.676686
v -0.741326 0.071173 -1.676686
v -0.452489 0.072061 -1.676686
v -0.401984 0.072217 -1.676686
v -0.110111 0.073114 -1.676686
v -0.058044 0.073274 -1.676686
v 0.232921 0.074169 -1.676686
v 0.288051 0.074339 -1.676686
v 0.574422 0.075219 -1.676686
v -1.349056 0.069305 -1.655213
v 0.606581 0.075318 -1.655213
v -1.313915 0.069413 -1.655213
v -1.141407 0.069943 -1.655213
v -1.081816 0.070126 -1.655213
v -0.799399 0.070995 -1.655213
v -0.741326 0.071173 -1.655213
v -0.452489 0.072061 -1.655213
v -0.401984 0.072217 -1.655213
v -0.110111 0.073114 -1.655213
v -0.058044 0.073274 -1.655213
v 0.232921 0.074169 -1.655213
v 0.288051 0.074339 -1.655213
v 0.574422 0.075219 -1.655213
v -1.349056 0.069305 -1.603065
v 0.606581 0.075318 -1.603065
v -1.313915 0.069413 -1.603065
v -1.141407 0.069943 -1.603065
v -1.081816 0.070126 -1.603065
v -0.799399 0.070995 -1.603065
v -0.741326 0.071173 -1.603065
v -0.452489 0.072061 -1.603065
v -0.401984 0.072217 -1.603065
v -0.110111 0.073114 -1.603065
v -0.058044 0.073274 -1.603065
v 0.232921 0.074169 -1.603065
v 0.288051 0.074339 -1.603065
v 0.574422 0.075219 -1.603065
v -1.349056 0.069305 -1.621471
v 0.606581 0.075318 -1.621471
v -1.313915 0.069413 -1.621471
v -1.141407 0.069943 -1.621471
v -1.081816 0.070126 -1.621471
v -0.799399 0.070995 -1.621471
v -0.741326 0.071173 -1.621471
v -0.452489 0.072061 -1.621471
v -0.401984 0.072217 -1.621471
v -0.110111 0.073114 -1.621471
v -0.058044 0.073274 -1.621471
v 0.232921 0.074169 -1.621471
v 0.288051 0.074339 -1.621471
v 0.574422 0.075219 -1.621471
v -1.349056 0.069305 -1.538647
v 0.606581 0.075318 -1.538647
v -1.313915 0.069413 -1.538647
v -1.141407 0.069943 -1.538647
v -1.081816 0.070126 -1.538647
v -0.799399 0.070995 -1.538647
v -0.741326 0.071173 -1.538647
v -0.452489 0.072061 -1.538647
v -0.401984 0.072217 -1.538647
v -0.110111 0.073114 -1.538647
v -0.058044 0.073274 -1.538647
v 0.232921 0.074169 -1.538647
v 0.288051 0.074339 -1.538647
v 0.574422 0.075219 -1.538647
v -1.349056 0.069305 -1.391406
v 0.606581 0.075318 -1.391406
v -1.313915 0.069413 -1.391406
v -1.141407 0.069943 -1.391406
v -1.081816 0.070126 -1.391406
v -0.799399 0.070995 -1.391406
v -0.741326 0.071173 -1.391406
v -0.452489 0.072061 -1.391406
v -0.401984 0.072217 -1.391406
v -0.110111 0.073114 -1.391406
v -0.058044 0.073274 -1.391406
v 0.232921 0.074169 -1.391406
v 0.288051 0.074339 -1.391406
v 0.574422 0.075219 -1.391406
v -1.349056 0.069305 -1.503371
v 0.606581 0.075318 -1.503371
v -1.313915 0.069413 -1.503371
v -1.141407 0.069943 -1.503371
v -1.081816 0.070126 -1.503371
v -0.799399 0.070995 -1.503371
v -0.741326 0.071173 -1.503371
v -0.452489 0.072061 -1.503371
v -0.401984 0.072217 -1.503371
v -0.110111 0.073114 -1.503371
v -0.058044 0.073274 -1.503371
v 0.232921 0.074169 -1.503371
v 0.288051 0.074339 -1.503371
v 0.574422 0.075219 -1.503371
v -1.349056 0.069305 -1.447388
v 0.606581 0.075318 -1.447388
v -1.313915 0.069413 -1.447388
v -1.141407 0.069943 -1.447388
v -1.081816 0.070126 -1.447388
v -0.799399 0.070995 -1.447388
v -0.741326 0.071173 -1.447388
v -0.452489 0.072061 -1.447388
v -0.401984 0.072217 -1.447388
v -0.110111 0.073114 -1.447388
v -0.058044 0.073274 -1.447388
v 0.232921 0.074169 -1.447388
v 0.288051 0.074339 -1.447388
v 0.574422 0.075219 -1.447388
v -1.349056 0.069305 -1.456719
v 0.606581 0.075318 -1.456719
v -1.313915 0.069413 -1.456719
v -1.141407 0.069943 -1.456719
v -1.081816 0.070126 -1.456719
v -0.799399 0.070995 -1.456719
v -0.741326 0.071173 -1.456719
v -0.452489 0.072061 -1.456719
v -0.401984 0.072217 -1.456719
v -0.110111 0.073114 -1.456719
v -0.058044 0.073274 -1.456719
v 0.232921 0.074169 -1.456719
v 0.288051 0.074339 -1.456719
v 0.574422 0.075219 -1.456719
v -1.349056 0.069305 -1.374534
v 0.606581 0.075318 -1.374534
v -1.313915 0.069413 -1.374534
v -1.141407 0.069943 -1.374534
v -1.081816 0.070126 -1.374534
v -0.799399 0.070995 -1.374534
v -0.741326 0.071173 -1.374534
v -0.452489 0.072061 -1.374534
v -0.401984 0.072217 -1.374534
v -0.110111 0.073114 -1.374534
v -0.058044 0.073274 -1.374534
v 0.232921 0.074169 -1.374534
v 0.288051 0.074339 -1.374534
v 0.574422 0.075219 -1.374534
v -1.349056 0.069305 -1.338998
v 0.606581 0.075318 -1.338998
v -1.313915 0.069413 -1.338998
v -1.141407 0.069943 -1.338998
v -1.081816 0.070126 -1.338998
v -0.799399 0.070995 -1.338998
v -0.741326 0.071173 -1.338998
v -0.452489 0.072061 -1.338998
v -0.401984 0.072217 -1.338998
v -0.110111 0.073114 -1.338998
v -0.058044 0.073274 -1.338998
v 0.232921 0.074169 -1.338998
v 0.288051 0.074339 -1.338998
v 0.574422 0.075219 -1.338998
v -1.349056 0.069305 -1.288459
v 0.606581 0.075318 -1.288459
v -1.313915 0.069413 -1.288459
v -1.141407 0.069943 -1.288459
v -1.081816 0.070126 -1.288459
v -0.799399 0.070995 -1.288459
v -0.741326 0.071173 -1.288459
v -0.452489 0.072061 -1.288459
v -0.401984 0.072217 -1.288459
v -0.110111 0.073114 -1.288459
v -0.058044 0.073274 -1.288459
v 0.232921 0.074169 -1.288459
v 0.288051 0.074339 -1.288459
v 0.574422 0.075219 -1.288459
v -1.349056 0.069305 -1.274503
v 0.606581 0.075318 -1.274503
v -1.313915 0.069413 -1.274503
v -1.141407 0.069943 -1.274503
v -1.081816 0.070126 -1.274503
v -0.799399 0.070995 -1.274503
v -0.741326 0.071173 -1.274503
v -0.452489 0.072061 -1.274503
v -0.401984 0.072217 -1.274503
v -0.110111 0.073114 -1.274503
v -0.058044 0.073274 -1.274503
v 0.232921 0.074169 -1.274503
v 0.288051 0.074339 -1.274503
v 0.574422 0.075219 -1.274503
v -1.349056 0.069305 -1.222514
v 0.606581 0.075318 -1.222514
v -1.313915 0.069413 -1.222514
v -1.141407 0.069943 -1.222514
v -1.081816 0.070126 -1.222514
v -0.799399 0.070995 -1.222514
v -0.741326 0.071173 -1.222514
v -0.452489 0.072061 -1.222514
v -0.401984 0.072217 -1.222514
v -0.110111 0.073114 -1.222514
v -0.058044 0.073274 -1.222514
v 0.232921 0.074169 -1.222514
v 0.288051 0.074339 -1.222514
v 0.574422 0.075219 -1.222514
v -1.349056 0.069305 -1.193461
v 0.606581 0.075318 -1.193461
v -1.313915 0.069413 -1.193461
v -1.141407 0.069943 -1.193461
v -1.081816 0.070126 -1.193461
v -0.799399 0.070995 -1.193461
v -0.741326 0.071173 -1.193461
v -0.452489 0.072061 -1.193461
v -0.401984 0.072217 -1.193461
v -0.110111 0.073114 -1.193461
v -0.058044 0.073274 -1.193461
v 0.232921 0.074169 -1.193461
v 0.288051 0.074339 -1.193461
v 0.574422 0.075219 -1.193461
v -1.349056 0.069305 -1.183777
v 0.606581 0.075318 -1.183777
v -1.313915 0.069413 -1.183777
v -1.141407 0.069943 -1.183777
v -1.081816 0.070126 -1.183777
v -0.799399 0.070995 -1.183777
v -0.741326 0.071173 -1.183777
v -0.452489 0.072061 -1.183777
v -0.401984 0.072217 -1.183777
v -0.110111 0.073114 -1.183777
v -0.058044 0.073274 -1.183777
v 0.232921 0.074169 -1.183777
v 0.288051 0.074339 -1.183777
v 0.574422 0.075219 -1.183777
v -1.349056 0.069305 -1.138334
v 0.606581 0.075318 -1.138334
v -1.313915 0.069413 -1.138334
v -1.141407 0.069943 -1.138334
v -1.081816 0.070126 -1.138334
v -0.799399 0.070995 -1.138334
v -0.741326 0.071173 -1.138334
v -0.452489 0.072061 -1.138334
v -0.401984 0.072217 -1.138334
v -0.110111 0.073114 -1.138334
v -0.058044 0.073274 -1.138334
v 0.232921 0.074169 -1.138334
v 0.288051 0.074339 -1.138334
v 0.574422 0.075219 -1.138334
v -1.349056 0.069305 -1.071034
v 0.606581 0.075318 -1.071034
v -1.313915 0.069413 -1.071034
v -1.141407 0.069943 -1.071034
v -1.081816 0.070126 -1.071034
v -0.799399 0.070995 -1.071034
v -0.741326 0.071173 -1.071034
v -0.452489 0.072061 -1.071034
v -0.401984 0.072217 -1.071034
v -0.110111 0.073114 -1.071034
v -0.058044 0.073274 -1.071034
v 0.232921 0.074169 -1.071034
v 0.288051 0.074339 -1.071034
v 0.574422 0.075219 -1.071034
v -1.349056 0.069305 -1.023618
v 0.606581 0.075318 -1.023618
v -1.313915 0.069413 -1.023618
v -1.141407 0.069943 -1.023618
v -1.081816 0.070126 -1.023618
v -0.799399 0.070995 -1.023618
v -0.741326 0.071173 -1.023618
v -0.452489 0.072061 -1.023618
v -0.401984 0.072217 -1.023618
v -0.110111 0.073114 -1.023618
v -0.058044 0.073274 -1.023618
v 0.232921 0.074169 -1.023618
v 0.288051 0.074339 -1.023618
v 0.574422 0.075219 -1.023618
v -1.349056 0.069305 -1.326363
v 0.606581 0.075318 -1.326363
v -1.313915 0.069413 -1.326363
v -1.141407 0.069943 -1.326363
v -1.081816 0.070126 -1.326363
v -0.799399 0.070995 -1.326363
v -0.741326 0.071173 -1.326363
v -0.452489 0.072061 -1.326363
v -0.401984 0.072217 -1.326363
v -0.110111 0.073114 -1.326363
v -0.058044 0.073274 -1.326363
v 0.232921 0.074169 -1.326363
v 0.288051 0.074339 -1.326363
v 0.574422 0.075219 -1.326363
v -1.349056 0.069305 -0.969898
v 0.606581 0.075318 -0.969898
v -1.313915 0.069413 -0.969898
v -1.141407 0.069943 -0.969898
v -1.081816 0.070126 -0.969898
v -0.799399 0.070995 -0.969898
v -0.741326 0.071173 -0.969898
v -0.452489 0.072061 -0.969898
v -0.401984 0.072217 -0.969898
v -0.110111 0.073114 -0.969898
v -0.058044 0.073274 -0.969898
v 0.232921 0.074169 -0.969898
v 0.288051 0.074339 -0.969898
v 0.574422 0.075219 -0.969898
v -1.349056 0.069305 -0.959196
v 0.606581 0.075318 -0.959196
v -1.313915 0.069413 -0.959196
v -1.141407 0.069943 -0.959196
v -1.081816 0.070126 -0.959196
v -0.799399 0.070995 -0.959196
v -0.741326 0.071173 -0.959196
v -0.452489 0.072061 -0.959196
v -0.401984 0.072217 -0.959196
v -0.110111 0.073114 -0.959196
v -0.058044 0.073274 -0.959196
v 0.232921 0.074169 -0.959196
v 0.288051 0.074339 -0.959196
v 0.574422 0.075219 -0.959196
v -1.349056 0.069305 -0.864024
v 0.606581 0.075318 -0.864024
v -1.313915 0.069413 -0.864024
v -1.141407 0.069943 -0.864024
v -1.081816 0.070126 -0.864024
v -0.799399 0.070995 -0.864024
v -0.741326 0.071173 -0.864024
v -0.452489 0.072061 -0.864024
v -0.401984 0.072217 -0.864024
v -0.110111 0.073114 -0.864024
v -0.058044 0.073274 -0.864024
v 0.232921 0.074169 -0.864024
v 0.288051 0.074339 -0.864024
v 0.574422 0.075219 -0.864024
v -1.349056 0.069305 -0.759641
v 0.606581 0.075318 -0.759641
v -1.313915 0.069413 -0.759641
v -1.141407 0.069943 -0.759641
v -1.081816 0.070126 -0.759641
v -0.799399 0.070995 -0.759641
v -0.741326 0.071173 -0.759641
v -0.452489 0.072061 -0.759641
v -0.401984 0.072217 -0.759641
v -0.110111 0.073114 -0.759641
v -0.058044 0.073274 -0.759641
v 0.232921 0.074169 -0.759641
v 0.288051 0.074339 -0.759641
v 0.574422 0.075219 -0.759641
v -1.349056 0.069305 -0.707450
v 0.606581 0.075318 -0.707450
v -1.313915 0.069413 -0.707450
v -1.141407 0.069943 -0.707450
v -1.081816 0.070126 -0.707450
v -0.799399 0.070995 -0.707450
v -0.741326 0.071173 -0.707450
v -0.452489 0.072061 -0.707450
v -0.401984 0.072217 -0.707450
v -0.110111 0.073114 -0.707450
v -0.058044 0.073274 -0.707450
v 0.232921 0.074169 -0.707450
v 0.288051 0.074339 -0.707450
v 0.574422 0.075219 -0.707450
v -1.349056 0.069305 -0.911610
v 0.606581 0.075318 -0.911610
v -1.313915 0.069413 -0.911610
v -1.141407 0.069943 -0.911610
v -1.081816 0.070126 -0.911610
v -0.799399 0.070995 -0.911610
v -0.741326 0.071173 -0.911610
v -0.452489 0.072061 -0.911610
v -0.401984 0.072217 -0.911610
v -0.110111 0.073114 -0.911610
v -0.058044 0.073274 -0.911610
v 0.232921 0.074169 -0.911610
v 0.288051 0.074339 -0.911610
v 0.574422 0.075219 -0.911610
v -1.349056 0.069305 -0.644514
v 0.606581 0.075318 -0.644514
v -1.313915 0.069413 -0.644514
v -1.141407 0.069943 -0.644514
v -1.081816 0.070126 -0.644514
v -0.799399 0.070995 -0.644514
v -0.741326 0.071173 -0.644514
v -0.452489 0.072061 -0.644514
v -0.401984 0.072217 -0.644514
v -0.110111 0.073114 -0.644514
v -0.058044 0.073274 -0.644514
v 0.232921 0.074169 -0.644514
v 0.288051 0.074339 -0.644514
v 0.574422 0.075219 -0.644514
v -1.349056 0.069305 -0.825648
v 0.606581 0.075318 -0.825648
v -1.313915 0.069413 -0.825648
v -1.141407 0.069943 -0.825648
v -1.081816 0.070126 -0.825648
v -0.799399 0.070995 -0.825648
v -0.741326 0.071173 -0.825648
v -0.452489 0.072061 -0.825648
v -0.401984 0.072217 -0.825648
v -0.110111 0.073114 -0.825648
v -0.058044 0.073274 -0.825648
v 0.232921 0.074169 -0.825648
v 0.288051 0.074339 -0.825648
v 0.574422 0.075219 -0.825648
v -1.349056 0.069305 -0.772214
v 0.606581 0.075318 -0.772214
v -1.313915 0.069413 -0.772214
v -1.141407 0.069943 -0.772214
v -1.081816 0.070126 -0.772214
v -0.799399 0.070995 -0.772214
v -0.741326 0.071173 -0.772214
v -0.452489 0.072061 -0.772214
v -0.401984 0.072217 -0.772214
v -0.110111 0.073114 -0.772214
v -0.058044 0.073274 -0.772214
v 0.232921 0.074169 -0.772214
v 0.288051 0.074339 -0.772214
v 0.574422 0.075219 -0.772214
v -1.349056 0.069305 -0.724336
v 0.606581 0.075318 -0.724336
v -1.313915 0.069413 -0.724336
v -1.141407 0.069943 -0.724336
v -1.081816 0.070126 -0.724336
v -0.799399 0.070995 -0.724336
v -0.741326 0.071173 -0.724336
v -0.452489 0.072061 -0.724336
v -0.401984 0.072217 -0.724336
v -0.110111 0.073114 -0.724336
v -0.058044 0.073274 -0.724336
v 0.232921 0.074169 -0.724336
v 0.288051 0.074339 -0.724336
v 0.574422 0.075219 -0.724336
v -1.349056 0.069305 -0.549368
v 0.606581 0.075318 -0.549368
v -1.313915 0.069413 -0.549368
v -1.141407 0.069943 -0.549368
v -1.081816 0.070126 -0.549368
v -0.799399 0.070995 -0.549368
v -0.741326 0.071173 -0.549368
v -0.452489 0.072061 -0.549368
v -0.401984 0.072217 -0.549368
v -0.110111 0.073114 -0.549368
v -0.058044 0.073274 -0.549368
v 0.232921 0.074169 -0.549368
v 0.288051 0.074339 -0.549368
v 0.574422 0.075219 -0.549368
v -1.349056 0.069305 -0.652381
v 0.606581 0.075318 -0.652381
v -1.313915 0.069413 -0.652381
v -1.141407 0.069943 -0.652381
v -1.081816 0.070126 -0.652381
v -0.799399 0.070995 -0.652381
v -0.741326 0.071173 -0.652381
v -0.452489 0.072061 -0.652381
v -0.401984 0.072217 -0.652381
v -0.110111 0.073114 -0.652381
v -0.058044 0.073274 -0.652381
v 0.232921 0.074169 -0.652381
v 0.288051 0.074339 -0.652381
v 0.574422 0.075219 -0.652381
v -1.349056 0.069305 -0.595738
v 0.606581 0.075318 -0.595738
v -1.313915 0.069413 -0.595738
v -1.141407 0.069943 -0.595738
v -1.081816 0.070126 -0.595738
v -0.799399 0.070995 -0.595738
v -0.741326 0.071173 -0.595738
v -0.452489 0.072061 -0.595738
v -0.401984 0.072217 -0.595738
v -0.110111 0.073114 -0.595738
v -0.058044 0.073274 -0.595738
v 0.232921 0.074169 -0.595738
v 0.288051 0.074339 -0.595738
v 0.574422 0.075219 -0.595738
v -1.349056 0.069305 -0.472893
v 0.606581 0.075318 -0.472893
v -1.313915 0.069413 -0.472893
v -1.141407 0.069943 -0.472893
v -1.081816 0.070126 -0.472893
v -0.799399 0.070995 -0.472893
v -0.741326 0.071173 -0.472893
v -0.452489 0.072061 -0.472893
v -0.401984 0.072217 -0.472893
v -0.110111 0.073114 -0.472893
v -0.058044 0.073274 -0.472893
v 0.232921 0.074169 -0.472893
v 0.288051 0.074339 -0.472893
v 0.574422 0.075219 -0.472893
v -1.349056 0.069305 -0.506542
v 0.606581 0.075318 -0.506542
v -1.313915 0.069413 -0.506542
v -1.141407 0.069943 -0.506542
v -1.081816 0.070126 -0.506542
v -0.799399 0.070995 -0.506542
v -0.741326 0.071173 -0.506542
v -0.452489 0.072061 -0.506542
v -0.401984 0.072217 -0.506542
v -0.110111 0.073114 -0.506542
v -0.058044 0.073274 -0.506542
v 0.232921 0.074169 -0.506542
v 0.288051 0.074339 -0.506542
v 0.574422 0.075219 -0.506542
v -1.349056 0.069305 -0.384181
v 0.606581 0.075318 -0.384181
v -1.313915 0.069413 -0.384181
v -1.141407 0.069943 -0.384181
v -1.081816 0.070126 -0.384181
v -0.799399 0.070995 -0.384181
v -0.741326 0.071173 -0.384181
v -0.452489 0.072061 -0.384181
v -0.401984 0.072217 -0.384181
v -0.110111 0.073114 -0.384181
v -0.058044 0.073274 -0.384181
v 0.232921 0.074169 -0.384181
v 0.288051 0.074339 -0.384181
v 0.574422 0.075219 -0.384181
v -1.349056 0.069305 -0.423949
v 0.606581 0.075318 -0.423949
v -1.313915 0.069413 -0.423949
v -1.141407 0.069943 -0.423949
v -1.081816 0.070126 -0.423949
v -0.799399 0.070995 -0.423949
v -0.741326 0.071173 -0.423949
v -0.452489 0.072061 -0.423949
v -0.401984 0.072217 -0.423949
v -0.110111 0.073114 -0.423949
v -0.058044 0.073274 -0.423949
v 0.232921 0.074169 -0.423949
v 0.288051 0.074339 -0.423949
v 0.574422 0.075219 -0.423949
v -1.349056 0.069305 -0.326060
v 0.606581 0.075318 -0.326060
v -1.313915 0.069413 -0.326060
v -1.141407 0.069943 -0.326060
v -1.081816 0.070126 -0.326060
v -0.799399 0.070995 -0.326060
v -0.741326 0.071173 -0.326060
v -0.452489 0.072061 -0.326060
v -0.401984 0.072217 -0.326060
v -0.110111 0.073114 -0.326060
v -0.058044 0.073274 -0.326060
v 0.232921 0.074169 -0.326060
v 0.288051 0.074339 -0.326060
v 0.574422 0.075219 -0.326060
v -1.349056 0.069305 -0.338296
v 0.606581 0.075318 -0.338296
v -1.313915 0.069413 -0.338296
v -1.141407 0.069943 -0.338296
v -1.081816 0.070126 -0.338296
v -0.799399 0.070995 -0.338296
v -0.741326 0.071173 -0.338296
v -0.452489 0.072061 -0.338296
v -0.401984 0.072217 -0.338296
v -0.110111 0.073114 -0.338296
v -0.058044 0.073274 -0.338296
v 0.232921 0.074169 -0.338296
v 0.288051 0.074339 -0.338296
v 0.574422 0.075219 -0.338296
v -1.349056 0.069305 -0.231231
v 0.606581 0.075318 -0.231231
v -1.313915 0.069413 -0.231231
v -1.141407 0.069943 -0.231231
v -1.081816 0.070126 -0.231231
v -0.799399 0.070995 -0.231231
v -0.741326 0.071173 -0.231231
v -0.452489 0.072061 -0.231231
v -0.401984 0.072217 -0.231231
v -0.110111 0.073114 -0.231231
v -0.058044 0.073274 -0.231231
v 0.232921 0.074169 -0.231231
v 0.288051 0.074339 -0.231231
v 0.574422 0.075219 -0.231231
v -1.349056 0.069305 -0.241937
v 0.606581 0.075318 -0.241937
v -1.313915 0.069413 -0.241937
v -1.141407 0.069943 -0.241937
v -1.081816 0.070126 -0.241937
v -0.799399 0.070995 -0.241937
v -0.741326 0.071173 -0.241937
v -0.452489 0.072061 -0.241937
v -0.401984 0.072217 -0.241937
v -0.110111 0.073114 -0.241937
v -0.058044 0.073274 -0.241937
v 0.232921 0.074169 -0.241937
v 0.288051 0.074339 -0.241937
v 0.574422 0.075219 -0.241937
v -1.349056 0.069305 -0.173110
v 0.606581 0.075318 -0.173110
v -1.313915 0.069413 -0.173110
v -1.141407 0.069943 -0.173110
v -1.081816 0.070126 -0.173110
v -0.799399 0.070995 -0.173110
v -0.741326 0.071173 -0.173110
v -0.452489 0.072061 -0.173110
v -0.401984 0.072217 -0.173110
v -0.110111 0.073114 -0.173110
v -0.058044 0.073274 -0.173110
v 0.232921 0.074169 -0.173110
v 0.288051 0.074339 -0.173110
v 0.574422 0.075219 -0.173110
v -1.349056 0.069305 -0.274652
v 0.606581 0.075318 -0.274652
v -1.313915 0.069413 -0.274652
v -1.141407 0.069943 -0.274652
v -1.081816 0.070126 -0.274652
v -0.799399 0.070995 -0.274652
v -0.741326 0.071173 -0.274652
v -0.452489 0.072061 -0.274652
v -0.401984 0.072217 -0.274652
v -0.110111 0.073114 -0.274652
v -0.058044 0.073274 -0.274652
v 0.232921 0.074169 -0.274652
v 0.288051 0.074339 -0.274652
v 0.574422 0.075219 -0.274652
v -1.349056 0.069305 -0.182287
v 0.606581 0.075318 -0.182287
v -1.313915 0.069413 -0.182287
v -1.141407 0.069943 -0.182287
v -1.081816 0.070126 -0.182287
v -0.799399 0.070995 -0.182287
v -0.741326 0.071173 -0.182287
v -0.452489 0.072061 -0.182287
v -0.401984 0.072217 -0.182287
v -0.110111 0.073114 -0.182287
v -0.058044 0.073274 -0.182287
v 0.232921 0.074169 -0.182287
v 0.288051 0.074339 -0.182287
v 0.574422 0.075219 -0.182287
v -1.349056 0.069305 -0.073692
v 0.606581 0.075318 -0.073692
v -1.313915 0.069413 -0.073692
v -1.141407 0.069943 -0.073692
v -1.081816 0.070126 -0.073692
v -0.799399 0.070995 -0.073692
v -0.741326 0.071173 -0.073692
v -0.452489 0.072061 -0.073692
v -0.401984 0.072217 -0.073692
v -0.110111 0.073114 -0.073692
v -0.058044 0.073274 -0.073692
v 0.232921 0.074169 -0.073692
v 0.288051 0.074339 -0.073692
v 0.574422 0.075219 -0.073692
v -1.349056 0.069305 -0.188405
v 0.606581 0.075318 -0.188405
v -1.313915 0.069413 -0.188405
v -1.141407 0.069943 -0.188405
v -1.081816 0.070126 -0.188405
v -0.799399 0.070995 -0.188405
v -0.741326 0.071173 -0.188405
v -0.452489 0.072061 -0.188405
v -0.401984 0.072217 -0.188405
v -0.110111 0.073114 -0.188405
v -0.058044 0.073274 -0.188405
v 0.232921 0.074169 -0.188405
v 0.288051 0.074339 -0.188405
v 0.574422 0.075219 -0.188405
v -1.349056 0.069305 0.074875
v 0.606581 0.075318 0.074875
v -1.313915 0.069413 0.074875
v -1.141407 0.069943 0.074875
v -1.081816 0.070126 0.074875
v -0.799399 0.070995 0.074875
v -0.741326 0.071173 0.074875
v -0.452489 0.072061 0.074875
v -0.401984 0.072217 0.074875
v -0.110111 0.073114 0.074875
v -0.058044 0.073274 0.074875
v 0.232921 0.074169 0.074875
v 0.288051 0.074339 0.074875
v 0.574422 0.075219 0.074875
v -1.349056 0.069305 0.045733
v 0.606581 0.075318 0.045733
v -1.313915 0.069413 0.045733
v -1.141407 0.069943 0.045733
v -1.081816 0.070126 0.045733
v -0.799399 0.070995 0.045733
v -0.741326 0.071173 0.045733
v -0.452489 0.072061 0.045733
v -0.401984 0.072217 0.045733
v -0.110111 0.073114 0.045733
v -0.058044 0.073274 0.045733
v 0.232921 0.074169 0.045733
v 0.288051 0.074339 0.045733
v 0.574422 0.075219 0.045733
v -1.349056 0.069305 -0.015921
v 0.606581 0.075318 -0.015921
v -1.313915 0.069413 -0.015921
v -1.141407 0.069943 -0.015921
v -1.081816 0.070126 -0.015921
v -0.799399 0.070995 -0.015921
v -0.741326 0.071173 -0.015921
v -0.452489 0.072061 -0.015921
v -0.401984 0.072217 -0.015921
v -0.110111 0.073114 -0.015921
v -0.058044 0.073274 -0.015921
v 0.232921 0.074169 -0.015921
v 0.288051 0.074339 -0.015921
v 0.574422 0.075219 -0.015921
v -1.349056 0.069305 0.084077
v 0.606581 0.075318 0.084077
v -1.313915 0.069413 0.084077
v -1.141407 0.069943 0.084077
v -1.081816 0.070126 0.084077
v -0.799399 0.070995 0.084077
v -0.741326 0.071173 0.084077
v -0.452489 0.072061 0.084077
v -0.401984 0.072217 0.084077
v -0.110111 0.073114 0.084077
v -0.058044 0.073274 0.084077
v 0.232921 0.074169 0.084077
v 0.288051 0.074339 0.084077
v 0.574422 0.075219 0.084077
v -1.349056 0.069305 0.122422
v 0.606581 0.075318 0.122422
v -1.313915 0.069413 0.122422
v -1.141407 0.069943 0.122422
v -1.081816 0.070126 0.122422
v -0.799399 0.070995 0.122422
v -0.741326 0.071173 0.122422
v -0.452489 0.072061 0.122422
v -0.401984 0.072217 0.122422
v -0.110111 0.073114 0.122422
v -0.058044 0.073274 0.122422
v 0.232921 0.074169 0.122422
v 0.288051 0.074339 0.122422
v 0.574422 0.075219 0.122422
v -1.349056 0.069305 0.305864
v 0.606581 0.075318 0.305864
v -1.313915 0.069413 0.305864
v -1.141407 0.069943 0.305864
v -1.081816 0.070126 0.305864
v -0.799399 0.070995 0.305864
v -0.741326 0.071173 0.305864
v -0.452489 0.072061 0.305864
v -0.401984 0.072217 0.305864
v -0.110111 0.073114 0.305864
v -0.058044 0.073274 0.305864
v 0.232921 0.074169 0.305864
v 0.288051 0.074339 0.305864
v 0.574422 0.075219 0.305864
v -1.349056 0.069305 0.241659
v 0.606581 0.075318 0.241659
v -1.313915 0.069413 0.241659
v -1.141407 0.069943 0.241659
v -1.081816 0.070126 0.241659
v -0.799399 0.070995 0.241659
v -0.741326 0.071173 0.241659
v -0.452489 0.072061 0.241659
v -0.401984 0.072217 0.241659
v -0.110111 0.073114 0.241659
v -0.058044 0.073274 0.241659
v 0.232921 0.074169 0.241659
v 0.288051 0.074339 0.241659
v 0.574422 0.075219 0.241659
v -1.349056 0.069305 0.134651
v 0.606581 0.075318 0.134651
v -1.313915 0.069413 0.134651
v -1.141407 0.069943 0.134651
v -1.081816 0.070126 0.134651
v -0.799399 0.070995 0.134651
v -0.741326 0.071173 0.134651
v -0.452489 0.072061 0.134651
v -0.401984 0.072217 0.134651
v -0.110111 0.073114 0.134651
v -0.058044 0.073274 0.134651
v 0.232921 0.074169 0.134651
v 0.288051 0.074339 0.134651
v 0.574422 0.075219 0.134651
v -1.349056 0.069305 0.177454
v 0.606581 0.075318 0.177454
v -1.313915 0.069413 0.177454
v -1.141407 0.069943 0.177454
v -1.081816 0.070126 0.177454
v -0.799399 0.070995 0.177454
v -0.741326 0.071173 0.177454
v -0.452489 0.072061 0.177454
v -0.401984 0.072217 0.177454
v -0.110111 0.073114 0.177454
v -0.058044 0.073274 0.177454
v 0.232921 0.074169 0.177454
v 0.288051 0.074339 0.177454
v 0.574422 0.075219 0.177454
v -1.349056 0.069305 0.423573
v 0.606581 0.075318 0.423573
v -1.313915 0.069413 0.423573
v -1.141407 0.069943 0.423573
v -1.081816 0.070126 0.423573
v -0.799399 0.070995 0.423573
v -0.741326 0.071173 0.423573
v -0.452489 0.072061 0.423573
v -0.401984 0.072217 0.423573
v -0.110111 0.073114 0.423573
v -0.058044 0.073274 0.423573
v 0.232921 0.074169 0.423573
v 0.288051 0.074339 0.423573
v 0.574422 0.075219 0.423573
v -1.349056 0.069305 0.392597
v 0.606581 0.075318 0.392597
v -1.313915 0.069413 0.392597
v -1.141407 0.069943 0.392597
v -1.081816 0.070126 0.392597
v -0.799399 0.070995 0.392597
v -0.741326 0.071173 0.392597
v -0.452489 0.072061 0.392597
v -0.401984 0.072217 0.392597
v -0.110111 0.073114 0.392597
v -0.058044 0.073274 0.392597
v 0.232921 0.074169 0.392597
v 0.288051 0.074339 0.392597
v 0.574422 0.075219 0.392597
v -1.349056 0.069305 0.353877
v 0.606581 0.075318 0.353877
v -1.313915 0.069413 0.353877
v -1.141407 0.069943 0.353877
v -1.081816 0.070126 0.353877
v -0.799399 0.070995 0.353877
v -0.741326 0.071173 0.353877
v -0.452489 0.072061 0.353877
v -0.401984 0.072217 0.353877
v -0.110111 0.073114 0.353877
v -0.058044 0.073274 0.353877
v 0.232921 0.074169 0.353877
v 0.288051 0.074339 0.353877
v 0.574422 0.075219 0.353877
v -1.349056 0.069305 0.295163
v 0.606581 0.075318 0.295163
v -1.313915 0.069413 0.295163
v -1.141407 0.069943 0.295163
v -1.081816 0.070126 0.295163
v -0.799399 0.070995 0.295163
v -0.741326 0.071173 0.295163
v -0.452489 0.072061 0.295163
v -0.401984 0.072217 0.295163
v -0.110111 0.073114 0.295163
v -0.058044 0.073274 0.295163
v 0.232921 0.074169 0.295163
v 0.288051 0.074339 0.295163
v 0.574422 0.075219 0.295163
v -1.349056 0.069305 0.403439
v 0.606581 0.075318 0.403439
v -1.313915 0.069413 0.403439
v -1.141407 0.069943 0.403439
v -1.081816 0.070126 0.403439
v -0.799399 0.070995 0.403439
v -0.741326 0.071173 0.403439
v -0.452489 0.072061 0.403439
v -0.401984 0.072217 0.403439
v -0.110111 0.073114 0.403439
v -0.058044 0.073274 0.403439
v 0.232921 0.074169 0.403439
v 0.288051 0.074339 0.403439
v 0.574422 0.075219 0.403439
v -1.349056 0.069305 0.443637
v 0.606581 0.075318 0.443637
v -1.313915 0.069413 0.443637
v -1.141407 0.069943 0.443637
v -1.081816 0.070126 0.443637
v -0.799399 0.070995 0.443637
v -0.741326 0.071173 0.443637
v -0.452489 0.072061 0.443637
v -0.401984 0.072217 0.443637
v -0.110111 0.073114 0.443637
v -0.058044 0.073274 0.443637
v 0.232921 0.074169 0.443637
v 0.288051 0.074339 0.443637
v 0.574422 0.075219 0.443637
v -1.349056 0.069305 0.625497
v 0.606581 0.075318 0.625497
v -1.313915 0.069413 0.625497
v -1.141407 0.069943 0.625497
v -1.081816 0.070126 0.625497
v -0.799399 0.070995 0.625497
v -0.741326 0.071173 0.625497
v -0.452489 0.072061 0.625497
v -0.401984 0.072217 0.625497
v -0.110111 0.073114 0.625497
v -0.058044 0.073274 0.625497
v 0.232921 0.074169 0.625497
v 0.288051 0.074339 0.625497
v 0.574422 0.075219 0.625497
v -1.349056 0.069305 0.561186
v 0.606581 0.075318 0.561186
v -1.313915 0.069413 0.561186
v -1.141407 0.069943 0.561186
v -1.081816 0.070126 0.561186
v -0.799399 0.070995 0.561186
v -0.741326 0.071173 0.561186
v -0.452489 0.072061 0.561186
v -0.401984 0.072217 0.561186
v -0.110111 0.073114 0.561186
v -0.058044 0.073274 0.561186
v 0.232921 0.074169 0.561186
v 0.288051 0.074339 0.561186
v 0.574422 0.075219 0.561186
v -1.349056 0.069305 0.709616
v 0.606581 0.075318 0.709616
v -1.313915 0.069413 0.709616
v -1.141407 0.069943 0.709616
v -1.081816 0.070126 0.709616
v -0.799399 0.070995 0.709616
v -0.741326 0.071173 0.709616
v -0.452489 0.072061 0.709616
v -0.401984 0.072217 0.709616
v -0.110111 0.073114 0.709616
v -0.058044 0.073274 0.709616
v 0.232921 0.074169 0.709616
v 0.288051 0.074339 0.709616
v 0.574422 0.075219 0.709616
v -1.349056 0.069305 0.474571
v 0.606581 0.075318 0.474571
v -1.313915 0.069413 0.474571
v -1.141407 0.069943 0.474571
v -1.081816 0.070126 0.474571
v -0.799399 0.070995 0.474571
v -0.741326 0.071173 0.474571
v -0.452489 0.072061 0.474571
v -0.401984 0.072217 0.474571
v -0.110111 0.073114 0.474571
v -0.058044 0.073274 0.474571
v 0.232921 0.074169 0.474571
v 0.288051 0.074339 0.474571
v 0.574422 0.075219 0.474571
v -1.349056 0.069305 0.724962
v 0.606581 0.075318 0.724962
v -1.313915 0.069413 0.724962
v -1.141407 0.069943 0.724962
v -1.081816 0.070126 0.724962
v -0.799399 0.070995 0.724962
v -0.741326 0.071173 0.724962
v -0.452489 0.072061 0.724962
v -0.401984 0.072217 0.724962
v -0.110111 0.073114 0.724962
v -0.058044 0.073274 0.724962
v 0.232921 0.074169 0.724962
v 0.288051 0.074339 0.724962
v 0.574422 0.075219 0.724962
v -1.349056 0.069305 0.614348
v 0.606581 0.075318 0.614348
v -1.313915 0.069413 0.614348
v -1.141407 0.069943 0.614348
v -1.081816 0.070126 0.614348
v -0.799399 0.070995 0.614348
v -0.741326 0.071173 0.614348
v -0.452489 0.072061 0.614348
v -0.401984 0.072217 0.614348
v -0.110111 0.073114 0.614348
v -0.058044 0.073274 0.614348
v 0.232921 0.074169 0.614348
v 0.288051 0.074339 0.614348
v 0.574422 0.075219 0.614348
v -1.349056 0.069305 0.673787
v 0.606581 0.075318 0.673787
v -1.313915 0.069413 0.673787
v -1.141407 0.069943 0.673787
v -1.081816 0.070126 0.673787
v -0.799399 0.070995 0.673787
v -0.741326 0.071173 0.673787
v -0.452489 0.072061 0.673787
v -0.401984 0.072217 0.673787
v -0.110111 0.073114 0.673787
v -0.058044 0.073274 0.673787
v 0.232921 0.074169 0.673787
v 0.288051 0.074339 0.673787
v 0.574422 0.075219 0.673787
v -1.349056 0.069305 0.760257
v 0.606581 0.075318 0.760257
v -1.313915 0.069413 0.760257
v -1.141407 0.069943 0.760257
v -1.081816 0.070126 0.760257
v -0.799399 0.070995 0.760257
v -0.741326 0.071173 0.760257
v -0.452489 0.072061 0.760257
v -0.401984 0.072217 0.760257
v -0.110111 0.073114 0.760257
v -0.058044 0.073274 0.760257
v 0.232921 0.074169 0.760257
v 0.288051 0.074339 0.760257
v 0.574422 0.075219 0.760257
v -1.349056 0.069305 1.026267
v 0.606581 0.075318 1.026267
v -1.313915 0.069413 1.026267
v -1.141407 0.069943 1.026267
v -1.081816 0.070126 1.026267
v -0.799399 0.070995 1.026267
v -0.741326 0.071173 1.026267
v -0.452489 0.072061 1.026267
v -0.401984 0.072217 1.026267
v -0.110111 0.073114 1.026267
v -0.058044 0.073274 1.026267
v 0.232921 0.074169 1.026267
v 0.288051 0.074339 1.026267
v 0.574422 0.075219 1.026267
v -1.349056 0.069305 0.774016
v 0.606581 0.075318 0.774016
v -1.313915 0.069413 0.774016
v -1.141407 0.069943 0.774016
v -1.081816 0.070126 0.774016
v -0.799399 0.070995 0.774016
v -0.741326 0.071173 0.774016
v -0.452489 0.072061 0.774016
v -0.401984 0.072217 0.774016
v -0.110111 0.073114 0.774016
v -0.058044 0.073274 0.774016
v 0.232921 0.074169 0.774016
v 0.288051 0.074339 0.774016
v 0.574422 0.075219 0.774016
v -1.349056 0.069305 0.940132
v 0.606581 0.075318 0.940133
v -1.313915 0.069413 0.940132
v -1.141407 0.069943 0.940132
v -1.081816 0.070126 0.940132
v -0.799399 0.070995 0.940132
v -0.741326 0.071173 0.940132
v -0.452489 0.072061 0.940132
v -0.401984 0.072217 0.940132
v -0.110111 0.073114 0.940133
v -0.058044 0.073274 0.940133
v 0.232921 0.074169 0.940133
v 0.288051 0.074339 0.940133
v 0.574422 0.075219 0.940133
v -1.349056 0.069305 0.880146
v 0.606581 0.075318 0.880146
v -1.313915 0.069413 0.880146
v -1.141407 0.069943 0.880146
v -1.081816 0.070126 0.880146
v -0.799399 0.070995 0.880146
v -0.741326 0.071173 0.880146
v -0.452489 0.072061 0.880146
v -0.401984 0.072217 0.880146
v -0.110111 0.073114 0.880146
v -0.058044 0.073274 0.880146
v 0.232921 0.074169 0.880146
v 0.288051 0.074339 0.880146
v 0.574422 0.075219 0.880146
v -1.349056 0.069305 1.036969
v 0.606581 0.075318 1.036969
v -1.313915 0.069413 1.036969
v -1.141407 0.069943 1.036969
v -1.081816 0.070126 1.036969
v -0.799399 0.070995 1.036969
v -0.741326 0.071173 1.036969
v -0.452489 0.072061 1.036969
v -0.401984 0.072217 1.036969
v -0.110111 0.073114 1.036969
v -0.058044 0.073274 1.036969
v 0.232921 0.074169 1.036969
v 0.288051 0.074339 1.036969
v 0.574422 0.075219 1.036969
v -1.349056 0.069305 0.930661
v 0.606581 0.075318 0.930661
v -1.313915 0.069413 0.930661
v -1.141407 0.069943 0.930661
v -1.081816 0.070126 0.930661
v -0.799399 0.070995 0.930661
v -0.741326 0.071173 0.930661
v -0.452489 0.072061 0.930661
v -0.401984 0.072217 0.930661
v -0.110111 0.073114 0.930661
v -0.058044 0.073274 0.930661
v 0.232921 0.074169 0.930661
v 0.288051 0.074339 0.930661
v 0.574422 0.075219 0.930661
v -1.349056 0.069305 0.992428
v 0.606581 0.075318 0.992429
v -1.313915 0.069413 0.992428
v -1.141407 0.069943 0.992428
v -1.081816 0.070126 0.992428
v -0.799399 0.070995 0.992428
v -0.741326 0.071173 0.992428
v -0.452489 0.072061 0.992428
v -0.401984 0.072217 0.992428
v -0.110111 0.073114 0.992429
v -0.058044 0.073274 0.992429
v 0.232921 0.074169 0.992429
v 0.288051 0.074339 0.992429
v 0.574422 0.075219 0.992429
v -1.349056 0.069305 1.074097
v 0.606581 0.075318 1.074097
v -1.313915 0.069413 1.074097
v -1.141407 0.069943 1.074097
v -1.081816 0.070126 1.074097
v -0.799399 0.070995 1.074097
v -0.741326 0.071173 1.074097
v -0.452489 0.072061 1.074097
v -0.401984 0.072217 1.074097
v -0.110111 0.073114 1.074097
v -0.058044 0.073274 1.074097
v 0.232921 0.074169 1.074097
v 0.288051 0.074339 1.074097
v 0.574422 0.075219 1.074097
v -1.349056 0.069305 1.260476
v 0.606581 0.075318 1.260476
v -1.313915 0.069413 1.260476
v -1.141407 0.069943 1.260476
v -1.081816 0.070126 1.260476
v -0.799399 0.070995 1.260476
v -0.741326 0.071173 1.260476
v -0.452489 0.072061 1.260476
v -0.401984 0.072217 1.260476
v -0.110111 0.073114 1.260476
v -0.058044 0.073274 1.260476
v 0.232921 0.074169 1.260476
v 0.288051 0.074339 1.260476
v 0.574422 0.075219 1.260476
v -1.349056 0.069305 1.194984
v 0.606581 0.075318 1.194984
v -1.313915 0.069413 1.194984
v -1.141407 0.069943 1.194984
v -1.081816 0.070126 1.194984
v -0.799399 0.070995 1.194984
v -0.741326 0.071173 1.194984
v -0.452489 0.072061 1.194984
v -0.401984 0.072217 1.194984
v -0.110111 0.073114 1.194984
v -0.058044 0.073274 1.194984
v 0.232921 0.074169 1.194984
v 0.288051 0.074339 1.194984
v 0.574422 0.075219 1.194984
v -1.349056 0.069305 1.343041
v 0.606581 0.075318 1.343041
v -1.313915 0.069413 1.343041
v -1.141407 0.069943 1.343041
v -1.081816 0.070126 1.343041
v -0.799399 0.070995 1.343041
v -0.741326 0.071173 1.343041
v -0.452489 0.072061 1.343041
v -0.401984 0.072217 1.343041
v -0.110111 0.073114 1.343041
v -0.058044 0.073274 1.343041
v 0.232921 0.074169 1.343041
v 0.288051 0.074339 1.343041
v 0.574422 0.075219 1.343041
v -1.349056 0.069305 1.324693
v 0.606581 0.075318 1.324693
v -1.313915 0.069413 1.324693
v -1.141407 0.069943 1.324693
v -1.081816 0.070126 1.324693
v -0.799399 0.070995 1.324693
v -0.741326 0.071173 1.324693
v -0.452489 0.072061 1.324693
v -0.401984 0.072217 1.324693
v -0.110111 0.073114 1.324693
v -0.058044 0.073274 1.324693
v 0.232921 0.074169 1.324693
v 0.288051 0.074339 1.324693
v 0.574422 0.075219 1.324693
v -1.349056 0.069305 1.307874
v 0.606581 0.075318 1.307874
v -1.313915 0.069413 1.307874
v -1.141407 0.069943 1.307874
v -1.081816 0.070126 1.307874
v -0.799399 0.070995 1.307874
v -0.741326 0.071173 1.307874
v -0.452489 0.072061 1.307874
v -0.401984 0.072217 1.307874
v -0.110111 0.073114 1.307874
v -0.058044 0.073274 1.307874
v 0.232921 0.074169 1.307874
v 0.288051 0.074339 1.307874
v 0.574422 0.075219 1.307874
v -1.349056 0.069305 1.244883
v 0.606581 0.075318 1.244883
v -1.313915 0.069413 1.244883
v -1.141407 0.069943 1.244883
v -1.081816 0.070126 1.244883
v -0.799399 0.070995 1.244883
v -0.741326 0.071173 1.244883
v -0.452489 0.072061 1.244883
v -0.401984 0.072217 1.244883
v -0.110111 0.073114 1.244883
v -0.058044 0.073274 1.244883
v 0.232921 0.074169 1.244883
v 0.288051 0.074339 1.244883
v 0.574422 0.075219 1.244883
v -1.349056 0.069305 1.355273
v 0.606581 0.075318 1.355273
v -1.313915 0.069413 1.355273
v -1.141407 0.069943 1.355273
v -1.081816 0.070126 1.355273
v -0.799399 0.070995 1.355273
v -0.741326 0.071173 1.355273
v -0.452489 0.072061 1.355273
v -0.401984 0.072217 1.355273
v -0.110111 0.073114 1.355273
v -0.058044 0.073274 1.355273
v 0.232921 0.074169 1.355273
v 0.288051 0.074339 1.355273
v 0.574422 0.075219 1.355273
v -1.349056 0.069305 1.573916
v 0.606581 0.075318 1.573916
v -1.313915 0.069413 1.573916
v -1.141407 0.069943 1.573916
v -1.081816 0.070126 1.573916
v -0.799399 0.070995 1.573916
v -0.741326 0.071173 1.573916
v -0.452489 0.072061 1.573916
v -0.401984 0.072217 1.573916
v -0.110111 0.073114 1.573916
v -0.058044 0.073274 1.573916
v 0.232921 0.074169 1.573916
v 0.288051 0.074339 1.573916
v 0.574422 0.075219 1.573916
v -1.349056 0.069305 1.398385
v 0.606581 0.075318 1.398385
v -1.313915 0.069413 1.398385
v -1.141407 0.069943 1.398385
v -1.081816 0.070126 1.398385
v -0.799399 0.070995 1.398385
v -0.741326 0.071173 1.398385
v -0.452489 0.072061 1.398385
v -0.401984 0.072217 1.398385
v -0.110111 0.073114 1.398385
v -0.058044 0.073274 1.398385
v 0.232921 0.074169 1.398385
v 0.288051 0.074339 1.398385
v 0.574422 0.075219 1.398385
v -1.349056 0.069305 1.515406
v 0.606581 0.075318 1.515406
v -1.313915 0.069413 1.515406
v -1.141407 0.069943 1.515406
v -1.081816 0.070126 1.515406
v -0.799399 0.070995 1.515406
v -0.741326 0.071173 1.515406
v -0.452489 0.072061 1.515406
v -0.401984 0.072217 1.515406
v -0.110111 0.073114 1.515406
v -0.058044 0.073274 1.515406
v 0.232921 0.074169 1.515406
v 0.288051 0.074339 1.515406
v 0.574422 0.075219 1.515406
v -1.349056 0.069305 1.661832
v 0.606581 0.075318 1.661832
v -1.313915 0.069413 1.661832
v -1.141407 0.069943 1.661832
v -1.081816 0.070126 1.661832
v -0.799399 0.070995 1.661832
v -0.741326 0.071173 1.661832
v -0.452489 0.072061 1.661832
v -0.401984 0.072217 1.661832
v -0.110111 0.073114 1.661832
v -0.058044 0.073274 1.661832
v 0.232921 0.074169 1.661832
v 0.288051 0.074339 1.661832
v 0.574422 0.075219 1.661832
v -1.349056 0.069305 1.624153
v 0.606581 0.075318 1.624153
v -1.313915 0.069413 1.624153
v -1.141407 0.069943 1.624153
v -1.081816 0.070126 1.624153
v -0.799399 0.070995 1.624153
v -0.741326 0.071173 1.624153
v -0.452489 0.072061 1.624153
v -0.401984 0.072217 1.624153
v -0.110111 0.073114 1.624153
v -0.058044 0.073274 1.624153
v 0.232921 0.074169 1.624153
v 0.288051 0.074339 1.624153
v 0.574422 0.075219 1.624153
v -1.349056 0.069305 1.378369
v 0.606581 0.075318 1.378369
v -1.313915 0.069413 1.378369
v -1.141407 0.069943 1.378369
v -1.081816 0.070126 1.378369
v -0.799399 0.070995 1.378369
v -0.741326 0.071173 1.378369
v -0.452489 0.072061 1.378369
v -0.401984 0.072217 1.378369
v -0.110111 0.073114 1.378369
v -0.058044 0.073274 1.378369
v 0.232921 0.074169 1.378369
v 0.288051 0.074339 1.378369
v 0.574422 0.075219 1.378369
v -1.349056 0.069305 1.830656
v 0.606581 0.075318 1.830656
v -1.313915 0.069413 1.830656
v -1.141407 0.069943 1.830656
v -1.081816 0.070126 1.830656
v -0.799399 0.070995 1.830656
v -0.741326 0.071173 1.830656
v -0.452489 0.072061 1.830656
v -0.401984 0.072217 1.830656
v -0.110111 0.073114 1.830656
v -0.058044 0.073274 1.830656
v 0.232921 0.074169 1.830656
v 0.288051 0.074339 1.830656
v 0.574422 0.075219 1.830656
v -1.349056 0.069305 1.887317
v 0.606581 0.075318 1.887317
v -1.313915 0.069413 1.887317
v -1.141407 0.069943 1.887317
v -1.081816 0.070126 1.887317
v -0.799399 0.070995 1.887317
v -0.741326 0.071173 1.887317
v -0.452489 0.072061 1.887317
v -0.401984 0.072217 1.887317
v -0.110111 0.073114 1.887317
v -0.058044 0.073274 1.887317
v 0.232921 0.074169 1.887317
v 0.288051 0.074339 1.887317
v 0.574422 0.075219 1.887317
v -1.349056 0.069305 1.708930
v 0.606581 0.075318 1.708930
v -1.313915 0.069413 1.708930
v -1.141407 0.069943 1.708930
v -1.081816 0.070126 1.708930
v -0.799399 0.070995 1.708930
v -0.741326 0.071173 1.708930
v -0.452489 0.072061 1.708930
v -0.401984 0.072217 1.708930
v -0.110111 0.073114 1.708930
v -0.058044 0.073274 1.708930
v 0.232921 0.074169 1.708930
v 0.288051 0.074339 1.708930
v 0.574422 0.075219 1.708930
v -1.349056 0.069305 2.293045
v 0.606581 0.075318 2.293045
v -1.313915 0.069413 2.293045
v -1.141407 0.069943 2.293045
v -1.081816 0.070126 2.293045
v -0.799399 0.070995 2.293045
v -0.741326 0.071173 2.293045
v -0.452489 0.072061 2.293045
v -0.401984 0.072217 2.293045
v -0.110111 0.073114 2.293045
v -0.058044 0.073274 2.293045
v 0.232921 0.074169 2.293045
v 0.288051 0.074339 2.293045
v 0.574422 0.075219 2.293045
v -1.349056 0.069305 2.030244
v 0.606581 0.075318 2.030244
v -1.313915 0.069413 2.030244
v -1.141407 0.069943 2.030244
v -1.081816 0.070126 2.030244
v -0.799399 0.070995 2.030244
v -0.741326 0.071173 2.030244
v -0.452489 0.072061 2.030244
v -0.401984 0.072217 2.030244
v -0.110111 0.073114 2.030244
v -0.058044 0.073274 2.030244
v 0.232921 0.074169 2.030244
v 0.288051 0.074339 2.030244
v 0.574422 0.075219 2.030244
v -1.349056 0.069305 1.975870
v 0.606581 0.075318 1.975870
v -1.313915 0.069413 1.975870
v -1.141407 0.069943 1.975870
v -1.081816 0.070126 1.975870
v -0.799399 0.070995 1.975870
v -0.741326 0.071173 1.975870
v -0.452489 0.072061 1.975870
v -0.401984 0.072217 1.975870
v -0.110111 0.073114 1.975870
v -0.058044 0.073274 1.975870
v 0.232921 0.074169 1.975870
v 0.288051 0.074339 1.975870
v 0.574422 0.075219 1.975870
v -1.349056 0.069305 1.939227
v 0.606581 0.075318 1.939227
v -1.313915 0.069413 1.939227
v -1.141407 0.069943 1.939227
v -1.081816 0.070126 1.939227
v -0.799399 0.070995 1.939227
v -0.741326 0.071173 1.939227
v -0.452489 0.072061 1.939227
v -0.401984 0.072217 1.939227
v -0.110111 0.073114 1.939227
v -0.058044 0.073274 1.939227
v 0.232921 0.074169 1.939227
v 0.288051 0.074339 1.939227
v 0.574422 0.075219 1.939227
v -1.349056 0.069305 1.563137
v 0.606581 0.075318 1.563137
v -1.313915 0.069413 1.563137
v -1.141407 0.069943 1.563137
v -1.081816 0.070126 1.563137
v -0.799399 0.070995 1.563137
v -0.741326 0.071173 1.563137
v -0.452489 0.072061 1.563137
v -0.401984 0.072217 1.563137
v -0.110111 0.073114 1.563137
v -0.058044 0.073274 1.563137
v 0.232921 0.074169 1.563137
v 0.288051 0.074339 1.563137
v 0.574422 0.075219 1.563137
v -1.349056 0.069305 1.927013
v 0.606581 0.075318 1.927013
v -1.313915 0.069413 1.927013
v -1.141407 0.069943 1.927013
v -1.081816 0.070126 1.927013
v -0.799399 0.070995 1.927013
v -0.741326 0.071173 1.927013
v -0.452489 0.072061 1.927013
v -0.401984 0.072217 1.927013
v -0.110111 0.073114 1.927013
v -0.058044 0.073274 1.927013
v 0.232921 0.074169 1.927013
v 0.288051 0.074339 1.927013
v 0.574422 0.075219 1.927013
v -1.349056 0.069305 -1.709249
v 0.606581 0.075318 -1.709249
v -1.313915 0.069413 -1.709249
v -1.141407 0.069943 -1.709249
v -1.081816 0.070126 -1.709249
v -0.799399 0.070995 -1.709249
v -0.741326 0.071173 -1.709249
v -0.452489 0.072061 -1.709249
v -0.401984 0.072217 -1.709249
v -0.110111 0.073114 -1.709249
v -0.058044 0.073274 -1.709249
v 0.232921 0.074169 -1.709249
v 0.288051 0.074339 -1.709249
v 0.574422 0.075219 -1.709249
v 0.441843 0.074811 -1.747240
v 0.441843 0.074811 -2.315126
v 0.441843 0.074811 2.317635
v 0.441843 0.074811 -2.287648
v 0.441843 0.074811 -2.025077
v 0.441843 0.074811 -1.974699
v 0.441843 0.074811 -1.910150
v 0.441843 0.074811 -1.920908
v 0.441843 0.074811 -1.859433
v 0.441843 0.074811 -1.825151
v 0.441843 0.074811 -1.676686
v 0.441843 0.074811 -1.655213
v 0.441843 0.074811 -1.391406
v 0.441843 0.074811 -1.374534
v 0.441843 0.074811 -1.338998
v 0.441843 0.074811 -1.071034
v 0.441843 0.074811 -1.023618
v 0.441843 0.074811 -0.759641
v 0.441843 0.074811 -0.707450
v 0.441843 0.074811 -0.724336
v 0.441843 0.074811 0.940133
v 0.441843 0.074811 0.992429
v 0.441843 0.074811 1.260476
v 0.441843 0.074811 1.307874
v 0.441843 0.074811 1.573916
v 0.441843 0.074811 1.624153
v 0.441843 0.074811 1.887317
v 0.441843 0.074811 2.293045
v 0.441843 0.074811 1.939227
v 0.441843 0.074811 1.927013
v 0.441843 0.074811 -1.709249
v 0.423282 0.074754 -1.747240
v 0.423282 0.074754 -2.315126
v 0.423282 0.074754 2.317635
v 0.423282 0.074754 -2.287648
v 0.423282 0.074754 -2.025077
v 0.423282 0.074754 -1.974699
v 0.423282 0.074754 -1.910150
v 0.423282 0.074754 -1.920908
v 0.423282 0.074754 -1.859433
v 0.423282 0.074754 -1.825151
v 0.423282 0.074754 -1.676686
v 0.423282 0.074754 -1.655213
v 0.423282 0.074754 -1.391406
v 0.423282 0.074754 -1.374534
v 0.423282 0.074754 -1.338998
v 0.423282 0.074754 -1.071034
v 0.423282 0.074754 -1.023618
v 0.423282 0.074754 -0.759641
v 0.423282 0.074754 -0.707450
v 0.423282 0.074754 -0.724336
v -1.141464 0.088492 -0.073692
v -1.141464 0.088492 -0.123401
v -1.313973 0.087962 -0.073692
v -1.313973 0.087962 -0.123401
v 0.423225 0.093071 -0.123401
v 0.441786 0.093128 -0.123401
v 0.574365 0.093535 -0.123401
v 0.287995 0.092655 -0.123401
v 0.232864 0.092485 -0.123401
v -0.058100 0.091590 -0.123401
v -0.110168 0.091430 -0.123401
v -0.402040 0.090533 -0.123401
v 0.423282 0.074754 0.940133
v -0.452545 0.090378 -0.123401
v -0.741382 0.089489 -0.123401
v -0.799455 0.089311 -0.123401
v 0.423282 0.074754 0.992429
v -1.081872 0.088442 -0.123401
v 0.423282 0.074754 1.260476
v 0.574422 0.075219 -0.123401
v 0.288051 0.074339 -0.123401
v 0.232921 0.074169 -0.123401
v 0.423282 0.074754 1.307874
v -0.058044 0.073274 -0.123401
v -0.110111 0.073114 -0.123401
v 0.423282 0.074754 1.573916
v -0.401984 0.072217 -0.123401
v -0.452489 0.072061 -0.123401
v -0.741326 0.071173 -0.123401
v 0.423282 0.074754 1.624153
v -0.799399 0.070995 -0.123401
v -1.081816 0.070126 -0.123401
v 0.423282 0.074754 1.887317
v -1.141407 0.069943 -0.123401
v 0.423282 0.074754 2.293045
v -1.313915 0.069413 -0.123401
v 0.606581 0.075318 -0.123401
v 0.423282 0.074754 1.939227
v -1.349056 0.069305 -0.123401
v 0.423282 0.074754 1.927013
v 0.423282 0.074754 -1.709249
v -1.349056 0.069305 -1.772283
v 0.606581 0.075318 -1.772283
v -1.313915 0.069413 -1.772283
v -1.141407 0.069943 -1.772283
v -1.081816 0.070126 -1.772283
v -0.799399 0.070995 -1.772283
v -0.741326 0.071173 -1.772283
v -0.452489 0.072061 -1.772283
v -0.401984 0.072217 -1.772283
v -0.110111 0.073114 -1.772283
v -0.058044 0.073274 -1.772283
v 0.232921 0.074169 -1.772283
v 0.288051 0.074339 -1.772283
v 0.574422 0.075219 -1.772283
v 0.441843 0.074811 -1.772283
v 0.423282 0.074754 -1.772283
v -1.313972 0.087729 -1.772283
v -1.313972 0.087729 -1.747240
v -1.313972 0.087729 -1.183777
v -1.313972 0.087729 -1.164408
v -1.313972 0.087729 -0.595738
v -1.313972 0.087729 -0.581577
v -1.313972 0.087729 -0.015921
v -1.313972 0.087729 0.001254
v -1.313972 0.087729 0.561186
v -1.313972 0.087729 0.584085
v -1.313972 0.087729 1.074097
v -1.313972 0.087729 1.166916
v -1.313972 0.087729 1.708930
v -1.313972 0.087729 1.749748
v -1.141463 0.088259 1.749748
v -1.141463 0.088259 1.166916
v -1.141463 0.088259 0.584085
v -1.141463 0.088259 0.001254
v -1.141463 0.088259 -0.581577
v -1.141463 0.088259 -1.164408
v -1.141463 0.088259 -1.747240
v -1.313972 0.087729 -2.287648
v -1.141463 0.088259 -2.287648
v -1.141463 0.088259 -1.772283
v -1.141463 0.088259 -1.183777
v -1.141463 0.088259 -0.595738
v -1.141463 0.088259 -0.015921
v -1.141463 0.088259 0.561186
v -1.141463 0.088259 1.074097
v -1.141463 0.088259 1.708930
v -1.081872 0.088442 -1.772283
v -1.081872 0.088442 -1.747240
v -1.081872 0.088442 -0.595738
v -1.081872 0.088442 -0.581577
v -1.081872 0.088442 -0.015921
v -1.081872 0.088442 0.001254
v -1.081872 0.088442 0.561186
v -1.081872 0.088442 0.584085
v -1.081872 0.088442 1.074097
v -1.081872 0.088442 1.166916
v -1.081872 0.088442 1.708930
v -1.081872 0.088442 1.749748
v -0.799455 0.089311 1.749748
v -0.799455 0.089311 1.166916
v -0.799455 0.089311 0.584085
v -0.799455 0.089311 0.001254
v -0.799455 0.089311 -0.581577
v -0.799455 0.089311 -1.747240
v -1.081872 0.088442 -2.287648
v -0.799455 0.089311 -2.287648
v -0.799455 0.089311 -1.772283
v -0.799455 0.089311 -0.595738
v -0.799455 0.089311 -0.015921
v -0.799455 0.089311 0.561186
v -0.799455 0.089311 1.074097
v -0.799455 0.089311 1.708930
v -0.741382 0.089489 -1.772283
v -0.741382 0.089489 -1.747240
v -0.741382 0.089489 -1.183777
v -0.741382 0.089489 -1.164408
v -0.741382 0.089489 -0.595738
v -0.741382 0.089489 -0.581577
v -0.741382 0.089489 0.561186
v -0.741382 0.089489 0.584085
v -0.741382 0.089489 1.074097
v -0.741382 0.089489 1.166916
v -0.741382 0.089489 1.708930
v -0.741382 0.089489 1.749748
v -0.452545 0.090378 1.749748
v -0.452545 0.090378 1.166916
v -0.452545 0.090378 0.584085
v -0.452545 0.090378 -0.581577
v -0.452545 0.090378 -1.164408
v -0.452545 0.090378 -1.747240
v -0.741382 0.089489 -2.287648
v -0.452545 0.090378 -2.287648
v -0.452545 0.090378 -1.772283
v -0.452545 0.090378 -1.183777
v -0.452545 0.090378 -0.595738
v -0.452545 0.090378 0.561186
v -0.452545 0.090378 1.074097
v -0.452545 0.090378 1.708930
v -0.402040 0.090533 -1.772283
v -0.402040 0.090533 -1.747240
v -0.402040 0.090533 -1.183777
v -0.402040 0.090533 -1.164408
v -0.402040 0.090533 -0.595738
v -0.402040 0.090533 -0.581577
v -0.402040 0.090533 -0.015921
v -0.402040 0.090533 0.001254
v -0.402040 0.090533 1.074097
v -0.402040 0.090533 1.166916
v -0.402040 0.090533 1.708930
v -0.402040 0.090533 1.749748
v -0.110168 0.091430 1.749748
v -0.110168 0.091430 1.166917
v -0.110168 0.091430 0.001254
v -0.110168 0.091430 -0.581577
v -0.110168 0.091430 -1.164408
v -0.110168 0.091430 -1.747240
v -0.402040 0.090533 -2.287648
v -0.110168 0.091430 -2.287648
v -0.110168 0.091430 -1.772283
v -0.110168 0.091430 -1.183777
v -0.110168 0.091430 -0.595738
v -0.110168 0.091430 -0.015921
v -0.110168 0.091430 1.074097
v -0.110168 0.091430 1.708930
v -0.058100 0.091590 -1.772283
v -0.058100 0.091590 -1.747240
v -0.058100 0.091590 -0.595738
v -0.058100 0.091590 -0.581577
v -0.058100 0.091590 -0.015921
v -0.058100 0.091590 0.001254
v -0.058100 0.091590 0.561186
v -0.058100 0.091590 0.584085
v -0.058100 0.091590 1.074097
v -0.058100 0.091590 1.166917
v -0.058100 0.091590 1.708930
v -0.058100 0.091590 1.749748
v 0.232864 0.092485 1.749748
v 0.232864 0.092485 1.166917
v 0.232864 0.092485 0.584085
v 0.232864 0.092485 0.001254
v 0.232864 0.092485 -0.581577
v 0.232864 0.092485 -1.747240
v -0.058100 0.091590 -2.287648
v 0.232864 0.092485 -2.287648
v 0.232864 0.092485 -1.772283
v 0.232864 0.092485 -0.595738
v 0.232864 0.092485 -0.015921
v 0.232864 0.092485 0.561186
v 0.232864 0.092485 1.074097
v 0.232864 0.092485 1.708930
v 0.287995 0.092655 -1.772283
v 0.287995 0.092655 -1.747240
v 0.287995 0.092655 -1.183777
v 0.287995 0.092655 -1.164408
v 0.287995 0.092655 -0.595738
v 0.287995 0.092655 -0.581577
v 0.287995 0.092655 -0.015921
v 0.287995 0.092655 0.001254
v 0.287995 0.092655 0.561186
v 0.287995 0.092655 0.584085
v 0.287995 0.092655 1.074097
v 0.287995 0.092655 1.166917
v 0.287995 0.092655 1.708930
v 0.287995 0.092655 1.749748
v 0.441786 0.093128 1.749748
v 0.574365 0.093535 1.749748
v 0.441786 0.093128 1.166917
v 0.574365 0.093535 1.166917
v 0.441786 0.093128 0.584085
v 0.574365 0.093535 0.584085
v 0.441786 0.093128 0.001254
v 0.574365 0.093535 0.001254
v 0.441786 0.093128 -0.581577
v 0.574365 0.093535 -0.581577
v 0.441786 0.093128 -1.164408
v 0.574365 0.093535 -1.164408
v 0.441786 0.093128 -1.747240
v 0.574365 0.093535 -1.747240
v 0.441786 0.093128 -2.287648
v 0.574365 0.093535 -2.287648
v 0.574365 0.093535 -1.772283
v 0.574365 0.093535 -1.183777
v 0.574365 0.093535 -0.595738
v 0.574365 0.093535 -0.015921
v 0.574365 0.093535 0.561186
v 0.574365 0.093535 1.074097
v 0.574365 0.093535 1.708930
v -1.313972 0.087729 -2.025077
v -1.141463 0.088259 -2.025077
v -1.081872 0.088442 -2.025077
v -0.799455 0.089311 -2.025077
v -0.741382 0.089489 -2.025077
v -0.452545 0.090378 -2.025077
v -0.402040 0.090533 -2.025077
v -0.110168 0.091430 -2.025077
v -0.058100 0.091590 -2.025077
v 0.232864 0.092485 -2.025077
v 0.287995 0.092655 -2.287648
v 0.287995 0.092655 -2.025077
v 0.574365 0.093535 -2.025077
v 0.441786 0.093128 -2.025077
v -1.313972 0.087729 -1.974699
v -1.141463 0.088259 -1.974699
v -1.081872 0.088442 -1.974699
v -0.799455 0.089311 -1.974699
v -0.741382 0.089489 -1.974699
v -0.452545 0.090378 -1.974699
v -0.402040 0.090533 -1.974699
v -0.110168 0.091430 -1.974699
v -0.058100 0.091590 -1.974699
v 0.232864 0.092485 -1.974699
v 0.441786 0.093128 -1.974699
v 0.574365 0.093535 -1.974699
v -1.313972 0.087729 -1.920908
v -1.313972 0.087729 -1.910150
v -1.141463 0.088259 -1.920908
v -1.141463 0.088259 -1.910150
v -1.081872 0.088442 -1.920908
v -1.081872 0.088442 -1.910150
v -0.799455 0.089311 -1.920908
v -0.799455 0.089311 -1.910150
v -0.741382 0.089489 -1.920908
v -0.741382 0.089489 -1.910150
v -0.452545 0.090378 -1.920908
v -0.452545 0.090378 -1.910150
v -0.402040 0.090533 -1.920908
v -0.402040 0.090533 -1.910150
v -0.110168 0.091430 -1.920908
v -0.110168 0.091430 -1.910150
v -0.058100 0.091590 -1.920908
v -0.058100 0.091590 -1.910150
v 0.232864 0.092485 -1.920908
v 0.232864 0.092485 -1.910150
v 0.287995 0.092655 -1.920908
v 0.287995 0.092655 -1.910150
v 0.574365 0.093535 -1.920908
v 0.574365 0.093535 -1.910150
v 0.441786 0.093128 -1.910150
v 0.287995 0.092655 -1.974699
v 0.441786 0.093128 -1.920908
v -1.313972 0.087729 -1.859433
v -1.141463 0.088259 -1.859433
v -1.081872 0.088442 -1.859433
v -0.799455 0.089311 -1.859433
v -0.402040 0.090533 -1.859433
v -0.110168 0.091430 -1.859433
v -0.058100 0.091590 -1.859433
v 0.232864 0.092485 -1.859433
v 0.287995 0.092655 -1.859433
v 0.574365 0.093535 -1.859433
v -0.741382 0.089489 -1.859433
v -0.452545 0.090378 -1.859433
v 0.441786 0.093128 -1.859433
v -1.313972 0.087729 -1.825151
v -1.141463 0.088259 -1.825151
v -1.081872 0.088442 -1.825151
v -0.799455 0.089311 -1.825151
v -0.741382 0.089489 -1.825151
v -0.452545 0.090378 -1.825151
v -0.402040 0.090533 -1.825151
v -0.110168 0.091430 -1.825151
v -0.058100 0.091590 -1.825151
v 0.232864 0.092485 -1.825151
v 0.287995 0.092655 -1.825151
v 0.574365 0.093535 -1.825151
v 0.441786 0.093128 -1.825151
v -1.313972 0.087729 -1.709249
v -1.313972 0.087729 -1.676686
v -1.141463 0.088259 -1.709249
v -1.141463 0.088259 -1.676686
v -1.081872 0.088442 -1.709249
v -1.081872 0.088442 -1.676686
v -0.799455 0.089311 -1.709249
v -0.799455 0.089311 -1.676686
v -0.741382 0.089489 -1.709249
v -0.741382 0.089489 -1.676686
v -0.452545 0.090378 -1.709249
v -0.452545 0.090378 -1.676686
v -0.402040 0.090533 -1.709249
v -0.402040 0.090533 -1.676686
v -0.110168 0.091430 -1.709249
v -0.110168 0.091430 -1.676686
v -0.058100 0.091590 -1.709249
v -0.058100 0.091590 -1.676686
v 0.232864 0.092485 -1.709249
v 0.232864 0.092485 -1.676686
v -1.081872 0.088442 -1.655213
v -0.799455 0.089311 -1.655213
v -0.741382 0.089489 -1.655213
v -0.452545 0.090378 -1.655213
v -0.402040 0.090533 -1.655213
v -0.110168 0.091430 -1.655213
v -0.058100 0.091590 -1.655213
v 0.232864 0.092485 -1.655213
v 0.441786 0.093128 -1.655213
v 0.574365 0.093535 -1.655213
v -1.313972 0.087729 -1.621471
v -1.313972 0.087729 -1.603065
v -1.141463 0.088259 -1.621471
v -1.141463 0.088259 -1.603065
v -1.081872 0.088442 -1.621471
v -1.081872 0.088442 -1.603065
v -0.799455 0.089311 -1.621471
v -0.799455 0.089311 -1.603065
v -0.741382 0.089489 -1.621471
v -0.741382 0.089489 -1.603065
v -0.452545 0.090378 -1.621471
v -0.452545 0.090378 -1.603065
v -0.058100 0.091590 -1.621471
v -0.058100 0.091590 -1.603065
v 0.232864 0.092485 -1.621471
v 0.232864 0.092485 -1.603065
v 0.287995 0.092655 -1.621471
v 0.287995 0.092655 -1.603065
v 0.574365 0.093535 -1.621471
v 0.574365 0.093535 -1.603065
v 0.441786 0.093128 -1.603065
v -0.402040 0.090533 -1.603065
v -0.110168 0.091430 -1.603065
v 0.287995 0.092655 -1.655213
v 0.441786 0.093128 -1.621471
v -1.313972 0.087729 -1.538647
v -1.141463 0.088259 -1.538647
v -1.081872 0.088442 -1.538647
v -0.799455 0.089311 -1.538647
v -0.402040 0.090533 -1.538647
v -0.110168 0.091430 -1.538647
v -0.058100 0.091590 -1.538647
v 0.232864 0.092485 -1.538647
v 0.287995 0.092655 -1.538647
v 0.574365 0.093535 -1.538647
v -0.741382 0.089489 -1.538647
v -0.452545 0.090378 -1.538647
v 0.441786 0.093128 -1.538647
v -1.313972 0.087729 -1.447388
v -1.313972 0.087729 -1.391406
v -1.141463 0.088259 -1.447388
v -1.141463 0.088259 -1.391406
v -1.081872 0.088442 -1.447388
v -1.081872 0.088442 -1.391406
v -0.799455 0.089311 -1.447388
v -0.799455 0.089311 -1.391406
v -0.741382 0.089489 -1.447388
v -0.741382 0.089489 -1.391406
v -0.452545 0.090378 -1.447388
v -0.452545 0.090378 -1.391406
v -0.402040 0.090533 -1.447388
v -0.402040 0.090533 -1.391406
v -0.110168 0.091430 -1.447388
v -0.110168 0.091430 -1.391406
v -0.058100 0.091590 -1.447388
v -0.058100 0.091590 -1.391406
v 0.232864 0.092485 -1.447388
v 0.232864 0.092485 -1.391406
v 0.287995 0.092655 -1.447388
v 0.287995 0.092655 -1.391406
v 0.574365 0.093535 -1.447388
v 0.574365 0.093535 -1.391406
v 0.441786 0.093128 -1.391406
v -1.313972 0.087729 -1.503371
v -1.141463 0.088259 -1.503371
v -1.081872 0.088442 -1.503371
v -0.799455 0.089311 -1.503371
v -0.741382 0.089489 -1.503371
v -0.452545 0.090378 -1.503371
v -0.402040 0.090533 -1.503371
v -0.110168 0.091430 -1.503371
v -0.058100 0.091590 -1.503371
v 0.232864 0.092485 -1.503371
v 0.287995 0.092655 -1.503371
v 0.574365 0.093535 -1.503371
v 0.441786 0.093128 -1.503371
v -1.313972 0.087729 -1.456719
v -1.141463 0.088259 -1.456719
v -1.081872 0.088442 -1.456719
v -0.799455 0.089311 -1.456719
v -0.741382 0.089489 -1.456719
v -0.452545 0.090378 -1.456719
v -0.402040 0.090533 -1.456719
v -0.110168 0.091430 -1.456719
v 0.287995 0.092655 -1.456719
v 0.574365 0.093535 -1.456719
v 0.441786 0.093128 -1.447388
v 0.441786 0.093128 -1.456719
v -1.313972 0.087729 -1.374534
v -1.141463 0.088259 -1.374534
v -1.081872 0.088442 -1.374534
v -0.799455 0.089311 -1.374534
v -0.741382 0.089489 -1.374534
v -0.452545 0.090378 -1.374534
v -0.402040 0.090533 -1.374534
v -0.110168 0.091430 -1.374534
v -0.058100 0.091590 -1.374534
v 0.232864 0.092485 -1.374534
v -1.081872 0.088442 -1.338998
v -0.799455 0.089311 -1.338998
v -0.741382 0.089489 -1.338998
v -0.452545 0.090378 -1.338998
v -0.402040 0.090533 -1.338998
v -0.110168 0.091430 -1.338998
v -0.058100 0.091590 -1.338998
v 0.232864 0.092485 -1.338998
v 0.441786 0.093128 -1.338998
v 0.574365 0.093535 -1.338998
v -1.313972 0.087729 -1.326363
v -1.313972 0.087729 -1.288459
v -1.141463 0.088259 -1.326363
v -1.141463 0.088259 -1.288459
v -1.081872 0.088442 -1.326363
v -1.081872 0.088442 -1.288459
v -0.799455 0.089311 -1.326363
v -0.799455 0.089311 -1.288459
v -0.741382 0.089489 -1.326363
v -0.741382 0.089489 -1.288459
v -0.452545 0.090378 -1.326363
v -0.452545 0.090378 -1.288459
v -0.058100 0.091590 -1.326363
v -0.058100 0.091590 -1.288459
v 0.232864 0.092485 -1.326363
v 0.232864 0.092485 -1.288459
v 0.287995 0.092655 -1.326363
v 0.287995 0.092655 -1.288459
v 0.574365 0.093535 -1.326363
v 0.574365 0.093535 -1.288459
v -0.402040 0.090533 -1.288459
v -0.110168 0.091430 -1.288459
v 0.441786 0.093128 -1.288459
v -1.313972 0.087729 -1.274503
v -1.141463 0.088259 -1.274503
v -1.081872 0.088442 -1.274503
v -0.799455 0.089311 -1.274503
v -0.741382 0.089489 -1.274503
v -0.452545 0.090378 -1.274503
v -0.402040 0.090533 -1.274503
v -0.110168 0.091430 -1.274503
v -0.058100 0.091590 -1.274503
v 0.232864 0.092485 -1.274503
v 0.287995 0.092655 -1.274503
v 0.574365 0.093535 -1.274503
v 0.441786 0.093128 -1.274503
v -1.313972 0.087729 -1.222514
v -1.141463 0.088259 -1.222514
v -1.081872 0.088442 -1.222514
v -0.799455 0.089311 -1.222514
v -0.402040 0.090533 -1.222514
v -0.110168 0.091430 -1.222514
v -0.058100 0.091590 -1.222514
v 0.232864 0.092485 -1.222514
v 0.287995 0.092655 -1.222514
v 0.574365 0.093535 -1.222514
v -0.741382 0.089489 -1.222514
v -0.452545 0.090378 -1.222514
v 0.441786 0.093128 -1.222514
v -1.313972 0.087729 -1.193461
v -1.141463 0.088259 -1.193461
v -1.081872 0.088442 -1.193461
v -0.799455 0.089311 -1.193461
v -0.741382 0.089489 -1.193461
v -0.452545 0.090378 -1.193461
v -0.402040 0.090533 -1.193461
v -0.110168 0.091430 -1.193461
v -0.058100 0.091590 -1.193461
v 0.232864 0.092485 -1.193461
v 0.287995 0.092655 -1.193461
v 0.574365 0.093535 -1.193461
v 0.441786 0.093128 -1.193461
v -0.058100 0.091590 -1.183777
v 0.232864 0.092485 -1.183777
v 0.441786 0.093128 -1.183777
v -1.313972 0.087729 -1.138334
v -1.141463 0.088259 -1.138334
v -0.741382 0.089489 -1.138334
v -0.452545 0.090378 -1.138334
v -0.402040 0.090533 -1.138334
v -0.110168 0.091430 -1.138334
v 0.287995 0.092655 -1.138334
v 0.574365 0.093535 -1.138334
v 0.441786 0.093128 -1.138334
v -0.058100 0.091590 -1.138334
v 0.232864 0.092485 -1.138334
v -1.081872 0.088442 -1.138334
v -0.799455 0.089311 -1.138334
v -1.313972 0.087729 -1.071034
v -1.141463 0.088259 -1.071034
v -1.081872 0.088442 -1.071034
v -0.799455 0.089311 -1.071034
v -0.741382 0.089489 -1.071034
v -0.452545 0.090378 -1.071034
v -0.402040 0.090533 -1.071034
v -0.110168 0.091430 -1.071034
v -0.058100 0.091590 -1.071034
v 0.232864 0.092485 -1.071034
v 0.287995 0.092655 -1.071034
v 0.574365 0.093535 -1.071034
v 0.441786 0.093128 -1.071034
v -1.081872 0.088442 -1.023618
v -0.799455 0.089311 -1.023618
v -0.741382 0.089489 -1.023618
v -0.452545 0.090378 -1.023618
v -0.402040 0.090533 -1.023618
v -0.110168 0.091430 -1.023618
v -0.058100 0.091590 -1.023618
v 0.232864 0.092485 -1.023618
v 0.441786 0.093128 -1.023618
v 0.574365 0.093535 -1.023618
v -1.313972 0.087729 -1.023618
v -1.141463 0.088259 -1.023618
v 0.287995 0.092655 -1.338998
v 0.441786 0.093128 -1.326363
v -1.313972 0.087729 -0.969898
v -1.141463 0.088259 -0.969898
v -1.081872 0.088442 -0.969898
v -0.799455 0.089311 -0.969898
v -0.741382 0.089489 -0.969898
v -0.452545 0.090378 -0.969898
v -0.058100 0.091590 -0.969898
v 0.232864 0.092485 -0.969898
v 0.287995 0.092655 -1.023618
v 0.287995 0.092655 -0.969898
v 0.574365 0.093535 -0.969898
v -0.402040 0.090533 -0.969898
v -0.110168 0.091430 -0.969898
v 0.441786 0.093128 -0.969898
v -1.313972 0.087729 -0.959196
v -1.141463 0.088259 -0.959196
v -1.081872 0.088442 -0.959196
v -0.799455 0.089311 -0.959196
v -0.741382 0.089489 -0.959196
v -0.452545 0.090378 -0.959196
v -0.402040 0.090533 -0.959196
v -0.110168 0.091430 -0.959196
v -0.058100 0.091590 -0.959196
v 0.232864 0.092485 -0.959196
v 0.287995 0.092655 -0.959196
v 0.574365 0.093535 -0.959196
v 0.441786 0.093128 -0.959196
v -1.313972 0.087729 -0.911610
v -1.313972 0.087729 -0.864024
v -1.141463 0.088259 -0.911610
v -1.141463 0.088259 -0.864024
v -1.081872 0.088442 -0.911610
v -1.081872 0.088442 -0.864024
v -0.799455 0.089311 -0.911610
v -0.799455 0.089311 -0.864024
v -0.741382 0.089489 -0.911610
v -0.741382 0.089489 -0.864024
v -0.452545 0.090378 -0.911610
v -0.452545 0.090378 -0.864024
v -0.402040 0.090533 -0.911610
v -0.402040 0.090533 -0.864024
v -0.110168 0.091430 -0.911610
v -0.110168 0.091430 -0.864024
v -0.058100 0.091590 -0.911610
v -0.058100 0.091590 -0.864024
v 0.232864 0.092485 -0.911610
v 0.232864 0.092485 -0.864024
v 0.287995 0.092655 -0.911610
v 0.287995 0.092655 -0.864024
v 0.574365 0.093535 -0.911610
v 0.574365 0.093535 -0.864024
v 0.441786 0.093128 -0.864024
v -1.081872 0.088442 -0.772214
v -1.081872 0.088442 -0.759641
v -0.799455 0.089311 -0.772214
v -0.799455 0.089311 -0.759641
v -0.741382 0.089489 -0.772214
v -0.741382 0.089489 -0.759641
v -0.452545 0.090378 -0.772214
v -0.452545 0.090378 -0.759641
v -0.402040 0.090533 -0.772214
v -0.402040 0.090533 -0.759641
v -0.110168 0.091430 -0.772214
v -0.110168 0.091430 -0.759641
v -0.058100 0.091590 -0.772214
v -0.058100 0.091590 -0.759641
v 0.232864 0.092485 -0.772214
v 0.232864 0.092485 -0.759641
v 0.287995 0.092655 -0.772214
v 0.287995 0.092655 -0.759641
v 0.574365 0.093535 -0.772214
v 0.574365 0.093535 -0.759641
v 0.441786 0.093128 -0.759641
v -1.313972 0.087729 -0.724336
v -1.313972 0.087729 -0.707450
v -1.141463 0.088259 -0.724336
v -1.141463 0.088259 -0.707450
v -1.081872 0.088442 -0.724336
v -1.081872 0.088442 -0.707450
v -0.799455 0.089311 -0.724336
v -0.799455 0.089311 -0.707450
v -0.741382 0.089489 -0.724336
v -0.741382 0.089489 -0.707450
v -0.452545 0.090378 -0.724336
v -0.452545 0.090378 -0.707450
v -0.402040 0.090533 -0.724336
v -0.402040 0.090533 -0.707450
v -0.110168 0.091430 -0.724336
v -0.110168 0.091430 -0.707450
v -0.058100 0.091590 -0.724336
v -0.058100 0.091590 -0.707450
v 0.232864 0.092485 -0.724336
v 0.232864 0.092485 -0.707450
v 0.441786 0.093128 -0.707450
v 0.574365 0.093535 -0.707450
v 0.441786 0.093128 -0.911610
v -1.313972 0.087729 -0.652381
v -1.313972 0.087729 -0.644514
v -1.141463 0.088259 -0.652381
v -1.141463 0.088259 -0.644514
v -1.081872 0.088442 -0.652381
v -1.081872 0.088442 -0.644514
v -0.799455 0.089311 -0.652381
v -0.799455 0.089311 -0.644514
v -0.741382 0.089489 -0.652381
v -0.741382 0.089489 -0.644514
v -0.452545 0.090378 -0.652381
v -0.452545 0.090378 -0.644514
v -0.402040 0.090533 -0.652381
v -0.402040 0.090533 -0.644514
v -0.110168 0.091430 -0.652381
v -0.110168 0.091430 -0.644514
v -0.058100 0.091590 -0.652381
v -0.058100 0.091590 -0.644514
v 0.232864 0.092485 -0.652381
v 0.232864 0.092485 -0.644514
v 0.287995 0.092655 -0.652381
v 0.287995 0.092655 -0.644514
v 0.574365 0.093535 -0.652381
v 0.574365 0.093535 -0.644514
v 0.441786 0.093128 -0.644514
v -1.313972 0.087729 -0.825648
v -1.141463 0.088259 -0.825648
v -0.741382 0.089489 -0.825648
v -0.452545 0.090378 -0.825648
v -0.402040 0.090533 -0.825648
v -0.110168 0.091430 -0.825648
v 0.287995 0.092655 -0.825648
v 0.574365 0.093535 -0.825648
v 0.441786 0.093128 -0.825648
v -0.058100 0.091590 -0.825648
v 0.232864 0.092485 -0.825648
v -1.081872 0.088442 -0.825648
v -0.799455 0.089311 -0.825648
v -1.313972 0.087729 -0.772214
v -1.141463 0.088259 -0.772214
v 0.441786 0.093128 -0.772214
v -1.313972 0.087729 -0.549368
v -1.141463 0.088259 -0.549368
v -1.081872 0.088442 -0.549368
v -0.799455 0.089311 -0.549368
v -0.741382 0.089489 -0.549368
v -0.452545 0.090378 -0.549368
v -0.402040 0.090533 -0.549368
v -0.110168 0.091430 -0.549368
v -0.058100 0.091590 -0.549368
v 0.232864 0.092485 -0.549368
v 0.287995 0.092655 -0.549368
v 0.574365 0.093535 -0.549368
v 0.441786 0.093128 -0.549368
v 0.287995 0.092655 -0.707450
v 0.441786 0.093128 -0.652381
v 0.441786 0.093128 -0.595738
v -1.313972 0.087729 -0.506542
v -1.313972 0.087729 -0.472893
v -1.141463 0.088259 -0.506542
v -1.141463 0.088259 -0.472893
v -1.081872 0.088442 -0.506542
v -1.081872 0.088442 -0.472893
v -0.799455 0.089311 -0.506542
v -0.799455 0.089311 -0.472893
v -0.741382 0.089489 -0.506542
v -0.741382 0.089489 -0.472893
v -0.452545 0.090378 -0.506542
v -0.452545 0.090378 -0.472893
v -0.402040 0.090533 -0.506542
v -0.402040 0.090533 -0.472893
v -0.110168 0.091430 -0.506542
v -0.110168 0.091430 -0.472893
v -0.058100 0.091590 -0.506542
v -0.058100 0.091590 -0.472893
v 0.232864 0.092485 -0.506542
v 0.232864 0.092485 -0.472893
v 0.287995 0.092655 -0.506542
v 0.287995 0.092655 -0.472893
v 0.574365 0.093535 -0.506542
v 0.574365 0.093535 -0.472893
v 0.441786 0.093128 -0.472893
v 0.441786 0.093128 -0.506542
v -1.313972 0.087729 -0.423949
v -1.313972 0.087729 -0.384181
v -1.141463 0.088259 -0.423949
v -1.141463 0.088259 -0.384181
v -1.081872 0.088442 -0.423949
v -1.081872 0.088442 -0.384181
v -0.799455 0.089311 -0.423949
v -0.799455 0.089311 -0.384181
v -0.741382 0.089489 -0.423949
v -0.741382 0.089489 -0.384181
v -0.452545 0.090378 -0.423949
v -0.452545 0.090378 -0.384181
v -0.402040 0.090533 -0.423949
v -0.402040 0.090533 -0.384181
v -0.110168 0.091430 -0.423949
v -0.110168 0.091430 -0.384181
v -0.058100 0.091590 -0.423949
v -0.058100 0.091590 -0.384181
v 0.232864 0.092485 -0.423949
v 0.232864 0.092485 -0.384181
v 0.287995 0.092655 -0.423949
v 0.287995 0.092655 -0.384181
v 0.574365 0.093535 -0.423949
v 0.574365 0.093535 -0.384181
v 0.441786 0.093128 -0.384181
v 0.441786 0.093128 -0.423949
v -1.313972 0.087729 -0.338296
v -1.313972 0.087729 -0.326060
v -1.141463 0.088259 -0.338296
v -1.141463 0.088259 -0.326060
v -1.081872 0.088442 -0.338296
v -1.081872 0.088442 -0.326060
v -0.799455 0.089311 -0.338296
v -0.799455 0.089311 -0.326060
v -0.741382 0.089489 -0.338296
v -0.741382 0.089489 -0.326060
v -0.452545 0.090378 -0.338296
v -0.452545 0.090378 -0.326060
v -0.402040 0.090533 -0.338296
v -0.402040 0.090533 -0.326060
v -0.110168 0.091430 -0.338296
v -0.110168 0.091430 -0.326060
v -0.058100 0.091590 -0.338296
v -0.058100 0.091590 -0.326060
v 0.232864 0.092485 -0.338296
v 0.232864 0.092485 -0.326060
v 0.287995 0.092655 -0.338296
v 0.287995 0.092655 -0.326060
v 0.574365 0.093535 -0.338296
v 0.574365 0.093535 -0.326060
v 0.441786 0.093128 -0.326060
v 0.441786 0.093128 -0.338296
v -1.313972 0.087729 -0.241937
v -1.313972 0.087729 -0.231231
v -1.141463 0.088259 -0.241937
v -1.141463 0.088259 -0.231231
v -0.741382 0.089489 -0.241937
v -0.741382 0.089489 -0.231231
v -0.452545 0.090378 -0.241937
v -0.452545 0.090378 -0.231231
v -0.402040 0.090533 -0.241937
v -0.402040 0.090533 -0.231231
v -0.110168 0.091430 -0.241937
v -0.110168 0.091430 -0.231231
v 0.287995 0.092655 -0.241937
v 0.287995 0.092655 -0.231231
v 0.574365 0.093535 -0.241937
v 0.574365 0.093535 -0.231231
v 0.441786 0.093128 -0.231231
v -1.313972 0.087729 -0.274652
v -1.141463 0.088259 -0.274652
v -1.081872 0.088442 -0.274652
v -1.081872 0.088442 -0.241937
v -0.799455 0.089311 -0.274652
v -0.799455 0.089311 -0.241937
v -0.741382 0.089489 -0.274652
v -0.452545 0.090378 -0.274652
v -0.402040 0.090533 -0.274652
v -0.110168 0.091430 -0.274652
v -0.058100 0.091590 -0.274652
v -0.058100 0.091590 -0.241937
v 0.232864 0.092485 -0.274652
v 0.232864 0.092485 -0.241937
v 0.287995 0.092655 -0.274652
v 0.574365 0.093535 -0.274652
v 0.441786 0.093128 -0.241937
v -1.313972 0.087729 -0.182287
v -1.313972 0.087729 -0.173110
v -1.141463 0.088259 -0.182287
v -1.141463 0.088259 -0.173110
v -1.081872 0.088442 -0.182287
v -1.081872 0.088442 -0.173110
v -0.799455 0.089311 -0.182287
v -0.799455 0.089311 -0.173110
v -0.741382 0.089489 -0.182287
v -0.741382 0.089489 -0.173110
v -0.452545 0.090378 -0.182287
v -0.452545 0.090378 -0.173110
v -0.402040 0.090533 -0.182287
v -0.402040 0.090533 -0.173110
v -0.110168 0.091430 -0.182287
v -0.110168 0.091430 -0.173110
v -0.058100 0.091590 -0.182287
v -0.058100 0.091590 -0.173110
v 0.232864 0.092485 -0.182287
v 0.232864 0.092485 -0.173110
v 0.287995 0.092655 -0.182287
v 0.287995 0.092655 -0.173110
v 0.574365 0.093535 -0.182287
v 0.574365 0.093535 -0.173110
v 0.441786 0.093128 -0.173110
v 0.441786 0.093128 -0.274652
v -1.313972 0.087729 -0.188405
v -1.141463 0.088259 -0.188405
v -1.081872 0.088442 -0.188405
v -0.799455 0.089311 -0.188405
v -0.741382 0.089489 -0.188405
v -0.452545 0.090378 -0.188405
v -0.402040 0.090533 -0.188405
v -0.110168 0.091430 -0.188405
v 0.287995 0.092655 -0.188405
v 0.574365 0.093535 -0.188405
v 0.441786 0.093128 -0.182287
v -1.081872 0.088442 -0.073692
v -0.799455 0.089311 -0.073692
v -0.741382 0.089489 -0.073692
v -0.452545 0.090378 -0.073692
v -0.402040 0.090533 -0.073692
v -0.110168 0.091430 -0.073692
v -0.058100 0.091590 -0.073692
v 0.232864 0.092485 -0.073692
v 0.287995 0.092655 -0.073692
v 0.574365 0.093535 -0.073692
v 0.441786 0.093128 -0.073692
v -1.313972 0.087729 -0.073692
v -1.141463 0.088259 -0.073692
v 0.441786 0.093128 -0.188405
v -1.313972 0.087729 0.045733
v -1.313972 0.087729 0.074875
v -1.141463 0.088259 0.045733
v -1.141463 0.088259 0.074875
v -1.081872 0.088442 0.045733
v -1.081872 0.088442 0.074875
v -0.799455 0.089311 0.045733
v -0.799455 0.089311 0.074875
v -0.741382 0.089489 0.045733
v -0.741382 0.089489 0.074875
v -0.452545 0.090378 0.045733
v -0.452545 0.090378 0.074875
v -0.402040 0.090533 0.045733
v -0.402040 0.090533 0.074875
v -0.110168 0.091430 0.045733
v -0.110168 0.091430 0.074875
v -0.058100 0.091590 0.045733
v -0.058100 0.091590 0.074875
v 0.232864 0.092485 0.045733
v 0.232864 0.092485 0.074875
v 0.287995 0.092655 0.045733
v 0.287995 0.092655 0.074875
v 0.574365 0.093535 0.045733
v 0.574365 0.093535 0.074875
v 0.441786 0.093128 0.074875
v 0.441786 0.093128 0.045733
v -0.741382 0.089489 -0.015921
v -0.452545 0.090378 -0.015921
v 0.441786 0.093128 -0.015921
v -1.313972 0.087729 0.084077
v -1.141463 0.088259 0.084077
v -0.741382 0.089489 0.084077
v -0.452545 0.090378 0.084077
v -0.402040 0.090533 0.084077
v -0.110168 0.091430 0.084077
v -0.058100 0.091590 0.084077
v 0.232864 0.092485 0.084077
v 0.287995 0.092655 0.084077
v 0.574365 0.093535 0.084077
v 0.441786 0.093128 0.084077
v -1.313972 0.087729 0.122422
v -1.141463 0.088259 0.122422
v -0.741382 0.089489 0.122422
v -0.452545 0.090378 0.122422
v -0.402040 0.090533 0.122422
v -0.110168 0.091430 0.122422
v 0.287995 0.092655 0.122422
v 0.574365 0.093535 0.122422
v 0.441786 0.093128 0.122422
v -1.081872 0.088442 0.122422
v -0.799455 0.089311 0.122422
v -1.313972 0.087729 0.295163
v -1.313972 0.087729 0.305864
v -1.141463 0.088259 0.295163
v -1.141463 0.088259 0.305864
v -1.081872 0.088442 0.295163
v -1.081872 0.088442 0.305864
v -0.799455 0.089311 0.295163
v -0.799455 0.089311 0.305864
v -0.741382 0.089489 0.295163
v -0.741382 0.089489 0.305864
v -0.452545 0.090378 0.295163
v -0.452545 0.090378 0.305864
v -0.402040 0.090533 0.295163
v -0.402040 0.090533 0.305864
v -0.110168 0.091430 0.295163
v -0.110168 0.091430 0.305864
v -0.058100 0.091590 0.295163
v -0.058100 0.091590 0.305864
v 0.232864 0.092485 0.295163
v 0.232864 0.092485 0.305864
v 0.287995 0.092655 0.295163
v 0.287995 0.092655 0.305864
v 0.574365 0.093535 0.295163
v 0.574365 0.093535 0.305864
v 0.441786 0.093128 0.305864
v -1.313972 0.087729 0.177454
v -1.313972 0.087729 0.241659
v -1.141463 0.088259 0.177454
v -1.141463 0.088259 0.241659
v -1.081872 0.088442 0.177454
v -1.081872 0.088442 0.241659
v -0.799455 0.089311 0.177454
v -0.799455 0.089311 0.241659
v -0.741382 0.089489 0.177454
v -0.741382 0.089489 0.241659
v -0.452545 0.090378 0.177454
v -0.452545 0.090378 0.241659
v -0.402040 0.090533 0.177454
v -0.402040 0.090533 0.241659
v -0.110168 0.091430 0.177454
v -0.110168 0.091430 0.241659
v -0.058100 0.091590 0.177454
v -0.058100 0.091590 0.241659
v 0.232864 0.092485 0.177454
v 0.232864 0.092485 0.241659
v 0.287995 0.092655 0.177454
v 0.287995 0.092655 0.241659
v 0.574365 0.093535 0.177454
v 0.574365 0.093535 0.241659
v 0.441786 0.093128 0.241659
v -1.081872 0.088442 0.134651
v -0.799455 0.089311 0.134651
v -0.741382 0.089489 0.134651
v -0.452545 0.090378 0.134651
v -0.402040 0.090533 0.134651
v -0.110168 0.091430 0.134651
v 0.287995 0.092655 0.134651
v 0.574365 0.093535 0.134651
v -0.058100 0.091590 0.134651
v 0.232864 0.092485 0.134651
v 0.441786 0.093128 0.134651
v 0.441786 0.093128 0.177454
v -1.313972 0.087729 0.403439
v -1.313972 0.087729 0.423573
v -1.141463 0.088259 0.403439
v -1.141463 0.088259 0.423573
v -0.741382 0.089489 0.403439
v -0.741382 0.089489 0.423573
v -0.452545 0.090378 0.403439
v -0.452545 0.090378 0.423573
v -0.402040 0.090533 0.403439
v -0.402040 0.090533 0.423573
v -0.110168 0.091430 0.403439
v -0.110168 0.091430 0.423573
v 0.287995 0.092655 0.403439
v 0.287995 0.092655 0.423573
v 0.574365 0.093535 0.403439
v 0.574365 0.093535 0.423573
v 0.441786 0.093128 0.423573
v -1.313972 0.087729 0.353877
v -1.313972 0.087729 0.392597
v -1.141463 0.088259 0.353877
v -1.141463 0.088259 0.392597
v -1.081872 0.088442 0.353877
v -1.081872 0.088442 0.392597
v -0.799455 0.089311 0.353877
v -0.799455 0.089311 0.392597
v -0.741382 0.089489 0.353877
v -0.741382 0.089489 0.392597
v -0.452545 0.090378 0.353877
v -0.452545 0.090378 0.392597
v -0.402040 0.090533 0.353877
v -0.402040 0.090533 0.392597
v -0.110168 0.091430 0.353877
v -0.110168 0.091430 0.392597
v -0.058100 0.091590 0.353877
v -0.058100 0.091590 0.392597
v 0.232864 0.092485 0.353877
v 0.232864 0.092485 0.392597
v 0.287995 0.092655 0.353877
v 0.287995 0.092655 0.392597
v 0.574365 0.093535 0.353877
v 0.574365 0.093535 0.392597
v 0.441786 0.093128 0.392597
v 0.441786 0.093128 0.353877
v 0.441786 0.093128 0.295163
v -0.058100 0.091590 0.403439
v 0.232864 0.092485 0.403439
v 0.441786 0.093128 0.403439
v -0.741382 0.089489 0.443637
v -0.452545 0.090378 0.443637
v -0.402040 0.090533 0.443637
v -0.110168 0.091430 0.443637
v 0.287995 0.092655 0.443637
v 0.574365 0.093535 0.443637
v -1.081872 0.088442 0.443637
v -0.799455 0.089311 0.443637
v -0.058100 0.091590 0.443637
v 0.232864 0.092485 0.443637
v 0.441786 0.093128 0.443637
v -1.313972 0.087729 0.614348
v -1.313972 0.087729 0.625497
v -1.141463 0.088259 0.614348
v -1.141463 0.088259 0.625497
v -1.081872 0.088442 0.614348
v -1.081872 0.088442 0.625497
v -0.799455 0.089311 0.614348
v -0.799455 0.089311 0.625497
v -0.741382 0.089489 0.614348
v -0.741382 0.089489 0.625497
v -0.452545 0.090378 0.614348
v -0.452545 0.090378 0.625497
v -0.402040 0.090533 0.614348
v -0.402040 0.090533 0.625497
v -0.110168 0.091430 0.614348
v -0.110168 0.091430 0.625497
v -0.058100 0.091590 0.614348
v -0.058100 0.091590 0.625497
v 0.232864 0.092485 0.614348
v 0.232864 0.092485 0.625497
v 0.287995 0.092655 0.614348
v 0.287995 0.092655 0.625497
v 0.574365 0.093535 0.614348
v 0.574365 0.093535 0.625497
v 0.441786 0.093128 0.625497
v -1.313972 0.087729 0.474571
v -1.141463 0.088259 0.474571
v -1.081872 0.088442 0.474571
v -0.799455 0.089311 0.474571
v -0.741382 0.089489 0.474571
v -0.452545 0.090378 0.474571
v -0.402040 0.090533 0.474571
v -0.402040 0.090533 0.561186
v -0.110168 0.091430 0.474571
v -0.110168 0.091430 0.561186
v -0.058100 0.091590 0.474571
v 0.232864 0.092485 0.474571
v 0.287995 0.092655 0.474571
v 0.574365 0.093535 0.474571
v 0.441786 0.093128 0.561186
v -1.313972 0.087729 0.673787
v -1.313972 0.087729 0.709616
v -1.141463 0.088259 0.673787
v -1.141463 0.088259 0.709616
v -1.081872 0.088442 0.673787
v -1.081872 0.088442 0.709616
v -0.799455 0.089311 0.673787
v -0.799455 0.089311 0.709616
v -0.741382 0.089489 0.673787
v -0.741382 0.089489 0.709616
v -0.452545 0.090378 0.673787
v -0.452545 0.090378 0.709616
v -0.402040 0.090533 0.673787
v -0.402040 0.090533 0.709616
v -0.110168 0.091430 0.673787
v -0.110168 0.091430 0.709616
v -0.058100 0.091590 0.673787
v -0.058100 0.091590 0.709616
v 0.232864 0.092485 0.673787
v 0.232864 0.092485 0.709616
v 0.287995 0.092655 0.673787
v 0.287995 0.092655 0.709616
v 0.574365 0.093535 0.673787
v 0.574365 0.093535 0.709616
v 0.441786 0.093128 0.709616
v 0.441786 0.093128 0.474571
v -1.313972 0.087729 0.724962
v -1.141463 0.088259 0.724962
v -0.741382 0.089489 0.724962
v -0.452545 0.090378 0.724962
v -0.402040 0.090533 0.724962
v -0.110168 0.091430 0.724962
v 0.287995 0.092655 0.724962
v 0.574365 0.093535 0.724962
v 0.441786 0.093128 0.724962
v 0.441786 0.093128 0.614348
v 0.441786 0.093128 0.673787
v -0.741382 0.089489 0.760257
v -0.452545 0.090378 0.760257
v -0.402040 0.090533 0.760257
v -0.110168 0.091430 0.760257
v 0.287995 0.092655 0.760257
v 0.574365 0.093535 0.760257
v -1.081872 0.088442 0.760257
v -0.799455 0.089311 0.760257
v 0.441786 0.093128 0.760257
v -1.313972 0.087729 0.992428
v -1.313972 0.087729 1.026267
v -1.141463 0.088259 0.992428
v -1.141463 0.088259 1.026267
v -1.081872 0.088442 0.992428
v -1.081872 0.088442 1.026267
v -0.799455 0.089311 0.992428
v -0.799455 0.089311 1.026267
v -0.741382 0.089489 0.992428
v -0.741382 0.089489 1.026267
v -0.452545 0.090378 0.992428
v -0.452545 0.090378 1.026267
v -0.402040 0.090533 0.992428
v -0.402040 0.090533 1.026267
v -0.110168 0.091430 0.992429
v -0.110168 0.091430 1.026267
v -0.058100 0.091590 0.992429
v -0.058100 0.091590 1.026267
v 0.232864 0.092485 0.992429
v 0.232864 0.092485 1.026267
v 0.287995 0.092655 0.992429
v 0.287995 0.092655 1.026267
v 0.574365 0.093535 0.992429
v 0.574365 0.093535 1.026267
v 0.441786 0.093128 1.026267
v -1.081872 0.088442 0.774016
v -0.799455 0.089311 0.774016
v -0.741382 0.089489 0.774016
v -0.452545 0.090378 0.774016
v -0.402040 0.090533 0.774016
v -0.110168 0.091430 0.774016
v 0.287995 0.092655 0.774016
v 0.574365 0.093535 0.774016
v 0.441786 0.093128 0.774016
v -0.058100 0.091590 0.774016
v 0.232864 0.092485 0.774016
v -1.313972 0.087729 0.774016
v -1.141463 0.088259 0.774016
v -1.313972 0.087729 0.930661
v -1.313972 0.087729 0.940132
v -1.141463 0.088259 0.930661
v -1.141463 0.088259 0.940132
v -1.081872 0.088442 0.930661
v -1.081872 0.088442 0.940132
v -0.799455 0.089311 0.930661
v -0.799455 0.089311 0.940132
v -0.741382 0.089489 0.930661
v -0.741382 0.089489 0.940132
v -0.452545 0.090378 0.930661
v -0.452545 0.090378 0.940132
v -0.402040 0.090533 0.930661
v -0.402040 0.090533 0.940132
v -0.110168 0.091430 0.930661
v -0.110168 0.091430 0.940133
v -0.058100 0.091590 0.930661
v -0.058100 0.091590 0.940133
v 0.232864 0.092485 0.930661
v 0.232864 0.092485 0.940133
v 0.287995 0.092655 0.930661
v 0.287995 0.092655 0.940133
v 0.574365 0.093535 0.930661
v 0.574365 0.093535 0.940133
v 0.441786 0.093128 0.940133
v -1.313972 0.087729 0.880146
v -1.141463 0.088259 0.880146
v -1.081872 0.088442 0.880146
v -0.799455 0.089311 0.880146
v -0.741382 0.089489 0.880146
v -0.452545 0.090378 0.880146
v -0.402040 0.090533 0.880146
v -0.110168 0.091430 0.880146
v -0.058100 0.091590 0.880146
v 0.232864 0.092485 0.880146
v 0.287995 0.092655 0.880146
v 0.574365 0.093535 0.880146
v 0.441786 0.093128 0.880146
v -0.741382 0.089489 1.036969
v -0.452545 0.090378 1.036969
v -0.402040 0.090533 1.036969
v -0.110168 0.091430 1.036969
v -0.058100 0.091590 1.036969
v 0.232864 0.092485 1.036969
v 0.287995 0.092655 1.036969
v 0.574365 0.093535 1.036969
v 0.441786 0.093128 1.036969
v 0.441786 0.093128 0.930661
v 0.441786 0.093128 0.992429
v 0.441786 0.093128 1.074097
v -1.313972 0.087729 1.244883
v -1.313972 0.087729 1.260476
v -1.141463 0.088259 1.244883
v -1.141463 0.088259 1.260476
v -1.081872 0.088442 1.244883
v -1.081872 0.088442 1.260476
v -0.799455 0.089311 1.244883
v -0.799455 0.089311 1.260476
v -0.741382 0.089489 1.244883
v -0.741382 0.089489 1.260476
v -0.452545 0.090378 1.244883
v -0.452545 0.090378 1.260476
v -0.402040 0.090533 1.244883
v -0.402040 0.090533 1.260476
v -0.110168 0.091430 1.244883
v -0.110168 0.091430 1.260476
v -0.058100 0.091590 1.244883
v -0.058100 0.091590 1.260476
v 0.232864 0.092485 1.244883
v 0.232864 0.092485 1.260476
v 0.287995 0.092655 1.244883
v 0.287995 0.092655 1.260476
v 0.574365 0.093535 1.244883
v 0.574365 0.093535 1.260476
v 0.441786 0.093128 1.260476
v -1.313972 0.087729 1.194984
v -1.141463 0.088259 1.194984
v -1.081872 0.088442 1.194984
v -0.799455 0.089311 1.194984
v -0.741382 0.089489 1.194984
v -0.452545 0.090378 1.194984
v -0.402040 0.090533 1.194984
v -0.110168 0.091430 1.194984
v -0.058100 0.091590 1.194984
v 0.232864 0.092485 1.194984
v 0.287995 0.092655 1.194984
v 0.574365 0.093535 1.194984
v 0.441786 0.093128 1.194984
v -1.081872 0.088442 1.324693
v -1.081872 0.088442 1.343041
v -0.799455 0.089311 1.324693
v -0.799455 0.089311 1.343041
v -0.741382 0.089489 1.324693
v -0.741382 0.089489 1.343041
v -0.452545 0.090378 1.324693
v -0.452545 0.090378 1.343041
v -0.402040 0.090533 1.324693
v -0.402040 0.090533 1.343041
v -0.110168 0.091430 1.324693
v -0.110168 0.091430 1.343041
v -0.058100 0.091590 1.324693
v -0.058100 0.091590 1.343041
v 0.232864 0.092485 1.324693
v 0.232864 0.092485 1.343041
v 0.287995 0.092655 1.324693
v 0.287995 0.092655 1.343041
v 0.574365 0.093535 1.324693
v 0.574365 0.093535 1.343041
v 0.441786 0.093128 1.343041
v -1.313972 0.087729 1.307874
v -1.313972 0.087729 1.324693
v -1.141463 0.088259 1.307874
v -1.141463 0.088259 1.324693
v -1.081872 0.088442 1.307874
v -0.799455 0.089311 1.307874
v -0.741382 0.089489 1.307874
v -0.452545 0.090378 1.307874
v -0.402040 0.090533 1.307874
v -0.110168 0.091430 1.307874
v -0.058100 0.091590 1.307874
v 0.232864 0.092485 1.307874
v 0.287995 0.092655 1.307874
v 0.574365 0.093535 1.307874
v 0.441786 0.093128 1.324693
v 0.441786 0.093128 1.307874
v 0.441786 0.093128 1.244883
v -0.741382 0.089489 1.355273
v -0.452545 0.090378 1.355273
v -0.402040 0.090533 1.355273
v -0.110168 0.091430 1.355273
v -0.058100 0.091590 1.355273
v 0.232864 0.092485 1.355273
v 0.287995 0.092655 1.355273
v 0.574365 0.093535 1.355273
v 0.441786 0.093128 1.355273
v -1.313972 0.087729 1.563137
v -1.313972 0.087729 1.573916
v -1.141463 0.088259 1.563137
v -1.141463 0.088259 1.573916
v -1.081872 0.088442 1.563137
v -1.081872 0.088442 1.573916
v -0.799455 0.089311 1.563137
v -0.799455 0.089311 1.573916
v -0.741382 0.089489 1.563137
v -0.741382 0.089489 1.573916
v -0.452545 0.090378 1.563137
v -0.452545 0.090378 1.573916
v -0.402040 0.090533 1.563137
v -0.402040 0.090533 1.573916
v -0.110168 0.091430 1.563137
v -0.110168 0.091430 1.573916
v -0.058100 0.091590 1.563137
v -0.058100 0.091590 1.573916
v 0.232864 0.092485 1.563137
v 0.232864 0.092485 1.573916
v 0.287995 0.092655 1.563137
v 0.287995 0.092655 1.573916
v 0.574365 0.093535 1.563137
v 0.574365 0.093535 1.573916
v 0.441786 0.093128 1.573916
v -1.313972 0.087729 1.378369
v -1.313972 0.087729 1.398385
v -1.141463 0.088259 1.378369
v -1.141463 0.088259 1.398385
v -0.741382 0.089489 1.378369
v -0.741382 0.089489 1.398385
v -0.452545 0.090378 1.378369
v -0.452545 0.090378 1.398385
v -0.402040 0.090533 1.378369
v -0.402040 0.090533 1.398385
v -0.110168 0.091430 1.378369
v -0.110168 0.091430 1.398385
v 0.287995 0.092655 1.378369
v 0.287995 0.092655 1.398385
v 0.574365 0.093535 1.378369
v 0.574365 0.093535 1.398385
v -1.081872 0.088442 1.398385
v -0.799455 0.089311 1.398385
v -0.058100 0.091590 1.398385
v 0.232864 0.092485 1.398385
v 0.441786 0.093128 1.398385
v -1.313972 0.087729 1.515406
v -1.141463 0.088259 1.515406
v -1.081872 0.088442 1.515406
v -0.799455 0.089311 1.515406
v -0.741382 0.089489 1.515406
v -0.452545 0.090378 1.515406
v -0.402040 0.090533 1.515406
v -0.110168 0.091430 1.515406
v -0.058100 0.091590 1.515406
v 0.232864 0.092485 1.515406
v 0.287995 0.092655 1.515406
v 0.574365 0.093535 1.515406
v 0.441786 0.093128 1.515406
v -1.081872 0.088442 1.624153
v -1.081872 0.088442 1.661832
v -0.799455 0.089311 1.624153
v -0.799455 0.089311 1.661832
v -0.741382 0.089489 1.624153
v -0.741382 0.089489 1.661832
v -0.452545 0.090378 1.624153
v -0.452545 0.090378 1.661832
v -0.402040 0.090533 1.624153
v -0.402040 0.090533 1.661832
v -0.110168 0.091430 1.624153
v -0.110168 0.091430 1.661832
v -0.058100 0.091590 1.624153
v -0.058100 0.091590 1.661832
v 0.232864 0.092485 1.624153
v 0.232864 0.092485 1.661832
v 0.287995 0.092655 1.624153
v 0.287995 0.092655 1.661832
v 0.574365 0.093535 1.624153
v 0.574365 0.093535 1.661832
v 0.441786 0.093128 1.661832
v -1.313972 0.087729 1.661832
v -1.141463 0.088259 1.661832
v -1.313972 0.087729 1.624153
v -1.141463 0.088259 1.624153
v 0.441786 0.093128 1.624153
v 0.441786 0.093128 1.378369
v -1.313972 0.087729 1.830656
v -1.141463 0.088259 1.830656
v -1.081872 0.088442 1.830656
v -0.799455 0.089311 1.830656
v -0.741382 0.089489 1.830656
v -0.452545 0.090378 1.830656
v -0.402040 0.090533 1.830656
v -0.110168 0.091430 1.830656
v -0.058100 0.091590 1.830656
v 0.232864 0.092485 1.830656
v 0.287995 0.092655 1.830656
v 0.574365 0.093535 1.830656
v 0.441786 0.093128 1.830656
v -1.313972 0.087729 1.887317
v -1.141463 0.088259 1.887317
v -1.081872 0.088442 1.887317
v -0.799455 0.089311 1.887317
v -0.741382 0.089489 1.887317
v -0.452545 0.090378 1.887317
v -0.058100 0.091590 1.887317
v 0.232864 0.092485 1.887317
v 0.287995 0.092655 1.887317
v 0.574365 0.093535 1.887317
v -0.402040 0.090533 1.887317
v -0.110168 0.091430 1.887317
v 0.441786 0.093128 1.887317
v 0.441786 0.093128 1.708930
v -1.313972 0.087729 2.030244
v -1.313972 0.087729 2.293045
v -1.141463 0.088259 2.030244
v -1.141463 0.088259 2.293045
v -1.081872 0.088442 2.030244
v -1.081872 0.088442 2.293045
v -0.799455 0.089311 2.030244
v -0.799455 0.089311 2.293045
v -0.741382 0.089489 2.030244
v -0.741382 0.089489 2.293045
v -0.452545 0.090378 2.030244
v -0.452545 0.090378 2.293045
v -0.402040 0.090533 2.030244
v -0.402040 0.090533 2.293045
v -0.110168 0.091430 2.030244
v -0.110168 0.091430 2.293045
v -0.058100 0.091590 2.030244
v -0.058100 0.091590 2.293045
v 0.232864 0.092485 2.030244
v 0.232864 0.092485 2.293045
v 0.287995 0.092655 2.030244
v 0.287995 0.092655 2.293045
v 0.574365 0.093535 2.030244
v 0.574365 0.093535 2.293045
v 0.441786 0.093128 2.293045
v -1.313972 0.087729 1.975870
v -1.141463 0.088259 1.975870
v -0.741382 0.089489 1.975870
v -0.452545 0.090378 1.975870
v -0.402040 0.090533 1.975870
v -0.110168 0.091430 1.975870
v -0.058100 0.091590 1.975870
v 0.232864 0.092485 1.975870
v 0.287995 0.092655 1.975870
v 0.574365 0.093535 1.975870
v 0.441786 0.093128 2.030244
v -1.081872 0.088442 1.939227
v -1.081872 0.088442 1.975870
v -0.799455 0.089311 1.939227
v -0.799455 0.089311 1.975870
v -0.741382 0.089489 1.939227
v -0.452545 0.090378 1.939227
v -0.402040 0.090533 1.939227
v -0.110168 0.091430 1.939227
v -0.058100 0.091590 1.939227
v 0.232864 0.092485 1.939227
v 0.287995 0.092655 1.939227
v 0.574365 0.093535 1.939227
v 0.441786 0.093128 1.975870
v -1.081872 0.088442 1.927013
v -0.799455 0.089311 1.927013
v -0.402040 0.090533 1.927013
v -0.110168 0.091430 1.927013
v -0.058100 0.091590 1.927013
v 0.232864 0.092485 1.927013
v 0.441786 0.093128 1.939227
v 0.441786 0.093128 1.563137
v -1.313972 0.087729 1.927013
v -1.141463 0.088259 1.927013
v 0.287995 0.092655 -1.709249
v 0.574365 0.093535 -1.709249
v 0.441786 0.093128 -1.709249
v 0.423225 0.093071 1.749748
v 0.423225 0.093071 1.166917
v 0.423225 0.093071 0.584085
v 0.423225 0.093071 0.001254
v 0.423225 0.093071 -0.581577
v 0.423225 0.093071 -1.164408
v 0.423225 0.093071 -2.287648
v 0.423225 0.093071 -2.025077
v 0.423225 0.093071 -1.655213
v 0.423225 0.093071 -1.603065
v 0.423225 0.093071 -1.621471
v 0.423225 0.093071 -1.538647
v 0.423225 0.093071 -1.391406
v 0.423225 0.093071 -1.503371
v 0.423225 0.093071 -1.447388
v 0.423225 0.093071 -1.456719
v 0.423225 0.093071 -1.338998
v 0.423225 0.093071 -1.288459
v 0.423225 0.093071 -1.274503
v 0.423225 0.093071 -1.222514
v 0.423225 0.093071 -1.193461
v 0.423225 0.093071 -1.183777
v 0.423225 0.093071 -1.138334
v 0.423225 0.093071 -1.071034
v 0.423225 0.093071 -1.023618
v 0.423225 0.093071 -1.326363
v 0.423225 0.093071 -0.969898
v 0.423225 0.093071 -0.959196
v 0.423225 0.093071 -0.864024
v 0.423225 0.093071 -0.759641
v 0.423225 0.093071 -0.707450
v 0.423225 0.093071 -0.911610
v 0.423225 0.093071 -0.644514
v 0.423225 0.093071 -0.825648
v 0.423225 0.093071 -0.772214
v 0.423225 0.093071 -0.549368
v 0.423225 0.093071 -0.652381
v 0.423225 0.093071 -0.595738
v 0.423225 0.093071 -0.472893
v 0.423225 0.093071 -0.506542
v 0.423225 0.093071 -0.384181
v 0.423225 0.093071 -0.423949
v 0.423225 0.093071 -0.326060
v 0.423225 0.093071 -0.338296
v 0.423225 0.093071 -0.231231
v 0.423225 0.093071 -0.241937
v 0.423225 0.093071 -0.173110
v 0.423225 0.093071 -0.274652
v 0.423225 0.093071 -0.182287
v 0.423225 0.093071 -0.073692
v 0.423225 0.093071 -0.188405
v 0.423225 0.093071 0.074875
v 0.423225 0.093071 0.045733
v 0.423225 0.093071 -0.015921
v 0.423225 0.093071 0.084077
v 0.423225 0.093071 0.122422
v 0.423225 0.093071 0.305864
v 0.423225 0.093071 0.241659
v 0.423225 0.093071 0.134651
v 0.423225 0.093071 0.177454
v 0.423225 0.093071 0.423573
v 0.423225 0.093071 0.392597
v 0.423225 0.093071 0.353877
v 0.423225 0.093071 0.295163
v 0.423225 0.093071 0.403439
v 0.423225 0.093071 0.443637
v 0.423225 0.093071 0.625497
v 0.423225 0.093071 0.561186
v 0.423225 0.093071 0.709616
v 0.423225 0.093071 0.474571
v 0.423225 0.093071 0.724962
v 0.423225 0.093071 0.614348
v 0.423225 0.093071 0.673787
v 0.423225 0.093071 0.760257
v 0.423225 0.093071 1.026267
v 0.423225 0.093071 0.774016
v 0.423225 0.093071 0.940133
v 0.423225 0.093071 0.880146
v 0.423225 0.093071 1.036969
v 0.423225 0.093071 0.930661
v 0.423225 0.093071 0.992429
v 0.423225 0.093071 1.074097
v 0.423225 0.093071 1.260476
v 0.423225 0.093071 1.194984
v 0.423225 0.093071 1.343041
v 0.423225 0.093071 1.324693
v 0.423225 0.093071 1.307874
v 0.423225 0.093071 1.244883
v 0.423225 0.093071 1.355273
v 0.423225 0.093071 1.573916
v 0.423225 0.093071 1.398385
v 0.423225 0.093071 1.515406
v 0.423225 0.093071 1.661832
v 0.423225 0.093071 1.624153
v 0.423225 0.093071 1.378369
v 0.423225 0.093071 1.830656
v 0.423225 0.093071 1.887317
v 0.423225 0.093071 1.708930
v 0.423225 0.093071 2.293045
v 0.423225 0.093071 2.030244
v 0.423225 0.093071 1.975870
v 0.423225 0.093071 1.939227
v 0.423225 0.093071 1.563137
v 0.441786 0.093128 -1.772283
v 0.423225 0.093071 -1.747240
v 0.423225 0.093071 -1.974699
v 0.423225 0.093071 -1.910150
v 0.423225 0.093071 -1.920908
v 0.423225 0.093071 -1.859433
v 0.423225 0.093071 -1.825151
v 0.423225 0.093071 -1.709249
v 0.423225 0.093071 -1.772283
v 1.767844 0.017094 -2.427284
v 1.767844 0.017094 -2.415793
v 1.767844 0.017094 2.429792
v 1.767844 0.017094 1.944085
v 1.767844 0.017094 1.458377
v 1.767844 0.017094 0.972669
v 1.767844 0.017094 0.486962
v 1.767844 0.017094 0.001254
v 1.767844 0.017094 -0.484454
v 1.767844 0.017094 -0.970161
v 1.767844 0.017094 -1.455869
v 1.767844 0.017094 -1.941576
v 1.767844 0.017094 -1.929122
v 1.767844 0.017094 1.931631
v 1.767844 0.017094 2.186939
v 1.767844 0.017094 -2.184430
v 1.757444 0.017025 -2.421662
v 1.757444 0.017025 2.424171
v 1.767844 0.017094 2.308365
v 1.767844 0.017094 -2.305857
v 1.767844 0.017094 -1.935349
v 1.749129 0.000130 2.142602
v 1.749129 0.000130 1.904675
v 1.761559 0.000178 -2.415793
v 1.749129 0.000130 -2.366764
v 1.761559 0.000178 1.944084
v 1.761559 0.000178 -1.941576
v 1.749129 0.000130 -1.902166
v 1.749129 0.000130 -2.140094
v 1.749129 0.000130 2.261566
v 1.749129 0.000130 -2.259058
v 1.761559 0.000178 2.186938
v 1.761559 0.000178 -2.184430
v 1.749129 0.000130 2.380530
v 1.761559 0.000178 2.308365
v 1.761559 0.000178 -2.305856
v 1.761559 0.000178 2.429791
v -1.834763 0.088173 2.332579
v -1.793303 0.088301 1.749748
v -1.793303 0.088301 1.166917
v -1.793303 0.088301 0.584085
v -1.793303 0.088301 0.001254
v -1.793303 0.088301 -0.581577
v -1.793303 0.088301 -1.164408
v -1.793303 0.088301 -1.747240
v -1.834763 0.088173 -2.330071
v -1.793303 0.088301 -2.315126
v -1.793303 0.088301 2.317635
v -1.834763 0.088173 -2.322599
v -1.705997 0.088569 2.332579
v -1.603058 0.088886 1.749748
v -1.603058 0.088886 1.166917
v -1.603058 0.088886 0.584085
v -1.603058 0.088886 0.001254
v -1.603058 0.088886 -0.581577
v -1.603058 0.088886 -1.164408
v -1.603058 0.088886 -1.747240
v -1.705997 0.088569 -2.330071
v -1.603058 0.088886 -2.315126
v -1.603058 0.088886 2.317635
v -1.705997 0.088569 -2.322599
v -1.935980 0.087862 -2.287985
v -1.935737 0.035095 -2.287985
v -1.921599 0.087906 -2.287985
v 1.999435 0.099963 -2.287985
v 1.999406 0.083100 -2.287985
v 1.960174 0.055634 -2.229047
v 1.916398 0.040307 -2.136454
v 1.742844 0.013187 -1.867806
v 1.881535 0.034859 -2.082488
v -1.932805 0.087872 -2.287985
v 1.988926 0.075763 -2.272241
v -1.935649 0.027790 -2.287350
v 1.898966 0.037583 -2.109471
v 1.732522 0.013130 -1.862646
v 1.988393 0.099929 -2.287985
v 1.907682 0.038945 -2.122962
v 1.915565 0.040177 -2.135164
v 1.999430 0.097153 -2.287985
v -1.935940 0.079068 -2.287985
v 1.938286 0.047970 -2.182750
v -1.374763 0.089588 -2.287985
v 0.640964 0.095786 -2.287985
v -1.349049 0.067156 -2.287985
v 0.606587 0.073169 -2.287985
v 0.693805 0.095948 -2.287985
v 1.942158 0.099787 -2.287985
v 1.767844 0.017094 -1.906504
v -1.793303 0.088301 -2.287985
v -1.603058 0.088886 -2.287985
v -1.935980 0.087862 -1.979886
v -1.935737 0.035095 -1.979886
v -1.921599 0.087906 -1.979886
v 1.881535 0.034859 -1.802046
v -1.932805 0.087872 -1.979886
v 1.988926 0.075763 -1.966261
v 1.898966 0.037583 -1.825397
v 1.988393 0.099929 -1.979886
v 1.907682 0.038945 -1.837073
v 1.915565 0.040177 -1.847633
v 1.999430 0.097153 -1.979886
v 1.938286 0.047970 -1.888814
v -1.374763 0.089588 -1.979886
v 0.640964 0.095786 -1.979886
v -1.349049 0.067156 -1.979886
v 0.606587 0.073169 -1.979886
v 0.693805 0.095948 -1.979886
v 1.942158 0.099787 -1.979886
v 1.767844 0.017094 -1.649747
v -1.793303 0.088301 -1.979886
v -1.603058 0.088886 -1.979886
v 1.999435 0.099963 -1.979886
v 1.999406 0.083100 -1.979886
v 1.960174 0.055634 -1.928880
v 1.916398 0.040307 -1.848749
v 1.742844 0.013187 -1.616257
v -1.935649 0.027790 -1.972761
v 1.732620 0.013130 -1.611792
v -1.935940 0.079068 -1.979886
vt 0.004360 1.000000
vt -0.000002 1.000000
vt 0.000000 1.000000
vt 0.004357 1.000000
vt 0.004357 1.000000
vt 0.000000 0.999998
vt 0.000000 1.000000
vt 0.004357 1.000000
vt 0.997239 0.000000
vt 1.000000 0.000000
vt 1.000000 0.000000
vt 0.997240 0.000000
vt 1.000000 0.997635
vt 1.000000 1.000000
vt 1.000000 1.000000
vt 1.000000 0.997639
vt 1.000000 0.997638
vt 1.000000 1.000000
vt 1.000000 1.000000
vt 1.000000 0.997641
vt 0.997240 0.000000
vt 1.000000 0.000000
vt 1.000000 0.000000
vt 0.997240 0.000000
vt 1.000000 0.997612
vt 1.000000 1.000000
vt 1.000000 1.000000
vt 1.000000 0.997634
vt -0.000000 0.023937
vt -0.000000 0.000744
vt 0.000000 0.000000
vt 0.000000 0.025000
vt 1.000000 0.997638
vt 0.999916 0.999981
vt 1.000000 1.000000
vt 1.000000 0.997640
vt -0.000000 0.001424
vt 0.000000 0.000000
vt 0.000000 0.000000
vt 0.000000 0.007071
vt 0.004812 1.000000
vt 0.000000 1.000000
vt 0.000000 1.000000
vt 0.005267 1.000000
vt 0.997240 0.000000
vt 1.000000 0.000000
vt 1.000000 0.000000
vt 0.997240 0.000000
vt 0.997240 0.997628
vt 0.997240 1.000000
vt 0.000000 0.000000
vt 0.000000 0.000000
vt 0.000000 0.000000
vt 0.000000 0.000000
vt 0.004357 1.000000
vt 0.000000 1.000000
vt 0.000000 1.000000
vt 0.004357 0.990795
vt 0.997262 0.000000
vt 0.999860 0.000000
vt 1.000000 0.000000
vt 0.997240 0.000000
vt 0.006393 0.000000
vt 0.019737 0.000000
vt 0.019737 0.000000
vt 0.004357 0.977968
vt 0.019737 0.975000
vt 0.019737 1.000000
vt 0.004357 0.000000
vt 0.019737 0.000000
vt 0.019737 0.000000
vt 0.004357 0.000000
vt 0.030111 1.000000
vt 0.019737 1.000000
vt 0.019737 1.000000
vt 0.030111 1.000000
vt 0.004359 0.000000
vt 0.019737 0.000000
vt 0.019737 0.000000
vt 0.004357 0.000000
vt 0.004358 0.000000
vt 0.019737 0.000000
vt 0.019737 0.000000
vt 0.004357 0.000000
vt 0.030111 1.000000
vt 0.019737 1.000000
vt 0.019737 1.000000
vt 0.030106 1.000000
vt 0.030111 1.000000
vt 0.019737 1.000000
vt 0.019737 1.000000
vt 0.030111 1.000000
vt 0.002179 0.920832
vt 0.019737 0.899266
vt 0.019737 0.900000
vt 0.004357 0.918247
vt 1.000000 0.975002
vt 1.000000 0.997623
vt 1.000000 0.997588
vt 1.000000 0.975004
vt 0.997240 0.102561
vt 0.997240 0.200000
vt 0.997240 0.300000
vt 0.997240 0.400000
vt 0.997240 0.500000
vt 0.997240 0.600000
vt 0.997239 0.700000
vt 0.997240 0.800000
vt 0.997239 0.839918
vt 0.997239 0.892782
vt 0.997239 0.897439
vt 0.019737 0.898533
vt 0.019737 0.200000
vt 0.019737 0.100000
vt 0.997240 0.100000
vt 0.000000 0.300000
vt 0.000000 0.200000
vt 0.000000 0.493951
vt 0.000000 0.496126
vt 0.000000 0.100000
vt 0.000000 0.178900
vt 0.000000 0.492772
vt 0.997240 0.050000
vt 1.000000 0.050000
vt 1.000000 0.100000
vt 1.000000 0.102564
vt 1.000000 0.200000
vt 1.000000 0.300000
vt 1.000000 0.400000
vt 1.000000 0.500000
vt 1.000000 0.600000
vt 1.000000 0.700000
vt 1.000000 0.800000
vt 0.997239 0.898719
vt 1.000000 0.898718
vt 1.000000 0.900000
vt 0.997239 0.900000
vt 0.000000 0.950000
vt 0.000000 0.900000
vt 0.000000 0.900000
vt 0.000000 0.950000
vt 0.000000 0.800000
vt 0.000000 0.700000
vt 0.000000 0.700000
vt 0.000000 0.600000
vt 0.000000 0.600000
vt 0.000000 0.500000
vt 0.000000 0.500000
vt 0.000000 0.400000
vt 0.000000 0.400000
vt 0.000000 0.300000
vt 0.000000 0.200000
vt 0.000000 0.102564
vt 0.000000 0.100000
vt 0.000000 0.101282
vt 0.000000 0.102564
vt 1.000000 0.025000
vt 1.000000 0.000000
vt 1.000000 0.025000
vt 1.000000 0.102560
vt 1.000000 0.200000
vt 1.000000 0.300000
vt 1.000000 0.400000
vt 1.000000 0.500000
vt 1.000000 0.600000
vt 1.000000 0.700000
vt 1.000000 0.800000
vt 1.000000 0.898709
vt 1.000000 0.899991
vt -0.000001 0.950000
vt 0.000000 0.900000
vt 0.000000 0.900000
vt 0.000000 0.950000
vt 0.000000 0.102564
vt 0.000000 0.100000
vt 1.000000 0.049999
vt 1.000000 0.099998
vt 1.000000 0.100000
vt 1.000000 0.050000
vt 1.000000 0.102569
vt 1.000000 0.200000
vt 1.000000 0.200000
vt 1.000000 0.102564
vt 1.000000 0.300000
vt 1.000000 0.300000
vt 1.000000 0.400000
vt 1.000000 0.400000
vt 1.000000 0.500000
vt 1.000000 0.500000
vt 1.000000 0.600000
vt 1.000000 0.600000
vt 1.000000 0.700000
vt 1.000000 0.700000
vt 1.000000 0.800000
vt 1.000000 0.800000
vt 1.000000 0.898716
vt 1.000000 0.900002
vt 1.000000 0.900000
vt 1.000000 0.898718
vt 1.000000 0.050000
vt 1.000000 0.100000
vt 1.000000 0.100000
vt 1.000000 0.050000
vt 1.000000 0.102564
vt 1.000000 0.200000
vt 1.000000 0.200000
vt 1.000000 0.102564
vt 1.000000 0.300000
vt 1.000000 0.300000
vt 1.000000 0.400000
vt 1.000000 0.400000
vt 1.000000 0.500000
vt 1.000000 0.500000
vt 1.000000 0.600000
vt 1.000000 0.600000
vt 1.000000 0.700000
vt 1.000000 0.700000
vt 1.000000 0.800000
vt 1.000000 0.800000
vt 1.000000 0.898718
vt 1.000000 0.900000
vt 1.000000 0.900000
vt 1.000000 0.898718
vt 1.000000 0.050000
vt 1.000000 0.100000
vt 1.000000 0.100000
vt 1.000000 0.050000
vt 1.000000 0.102564
vt 1.000000 0.200000
vt 1.000000 0.200000
vt 1.000000 0.102564
vt 1.000000 0.300000
vt 1.000000 0.300000
vt 1.000000 0.400000
vt 1.000000 0.400000
vt 1.000000 0.500000
vt 1.000000 0.500000
vt 1.000000 0.600000
vt 1.000000 0.600000
vt 1.000000 0.700000
vt 1.000000 0.700000
vt 1.000000 0.800000
vt 1.000000 0.800000
vt 1.000000 0.898718
vt 1.000000 0.900000
vt 1.000000 0.900000
vt 1.000000 0.898718
vt 0.000000 0.950000
vt 0.000000 0.900000
vt 0.000000 0.900000
vt 0.000000 0.950000
vt 1.000000 0.892779
vt 1.000000 0.897436
vt 1.000000 0.897436
vt 1.000000 0.892779
vt 1.000000 0.892779
vt 1.000000 0.897436
vt 1.000000 0.897436
vt 1.000000 0.892782
vt 1.000000 0.892774
vt 1.000000 0.897431
vt 1.000000 0.897436
vt 1.000000 0.892779
vt 0.000000 0.898718
vt 0.000000 0.897436
vt 0.000000 0.897436
vt 0.000000 0.898718
vt 1.000000 0.892778
vt 1.000000 0.897435
vt 1.000000 0.897436
vt 1.000000 0.892779
vt 0.000000 0.507750
vt 0.000000 0.821204
vt 1.000000 0.100021
vt 0.000000 0.493294
vt 1.000000 0.099993
vt 1.000000 0.102581
vt 1.000000 0.102598
vt 1.000000 0.099986
vt 1.000000 0.892763
vt 1.000000 0.897419
vt 1.000000 0.897402
vt 1.000000 0.892747
vt 1.000000 0.898713
vt 1.000000 0.900007
vt 1.000000 0.900014
vt 1.000000 0.898708
vt 1.000000 0.700000
vt 1.000000 0.800000
vt 1.000000 0.800000
vt 1.000000 0.700000
vt 1.000000 0.600000
vt 1.000000 0.600000
vt 1.000000 0.500000
vt 1.000000 0.500000
vt 1.000000 0.400000
vt 1.000000 0.400000
vt 1.000000 0.300000
vt 1.000000 0.300000
vt 1.000000 0.200000
vt 1.000000 0.200000
vt 1.000000 0.049996
vt 1.000000 0.049993
vt 0.030111 1.000000
vt 0.019737 1.000000
vt 0.019737 1.000000
vt 0.030111 1.000000
vt 0.005375 0.000000
vt 0.019737 0.000000
vt 0.997240 0.000000
vt 1.000000 0.000000
vt 1.000000 0.000000
vt 0.997240 0.000000
vt 0.004812 1.000000
vt 0.000000 1.000000
vt 1.000000 1.000000
vt 1.000000 1.000000
vt 0.000000 0.000000
vt 0.000198 0.892779
vt 0.000000 0.897436
vt 0.006946 0.897436
vt 0.006558 0.892779
vt 0.000000 0.700000
vt 0.000000 0.800000
vt 0.004358 0.800000
vt 0.004358 0.700000
vt 0.000000 0.600000
vt 0.004358 0.600000
vt 0.000000 0.500000
vt 0.004358 0.500000
vt 0.000000 0.400000
vt 0.004358 0.400000
vt 0.000000 0.300000
vt 0.004358 0.300000
vt 0.000000 0.200000
vt 0.004358 0.200000
vt 0.000000 0.102564
vt 0.006946 0.102564
vt -0.000001 0.000000
vt 0.000000 0.000000
vt 0.004357 1.000000
vt 0.004357 1.000000
vt 0.004360 0.000000
vt -0.000002 0.000000
vt 0.000000 0.898718
vt 0.000000 0.897436
vt 0.000000 0.102564
vt 0.000000 0.100000
vt 0.019737 0.000000
vt -0.000001 0.025000
vt -0.000000 -0.004223
vt 0.000000 0.025000
vt 1.000000 0.950000
vt 1.000000 0.950001
vt 0.000000 0.050000
vt -0.000001 0.050000
vt 0.000000 0.975000
vt -0.000001 0.975000
vt 1.000000 0.025000
vt 1.000000 0.024999
vt 0.000000 0.000000
vt 0.004866 0.000000
vt 0.019737 1.000000
vt 0.005040 1.000000
vt 1.000000 0.950004
vt 1.000000 0.950007
vt 1.000000 0.900004
vt 1.000000 0.950002
vt 1.000000 0.997619
vt 1.000000 1.000000
vt 0.000000 1.000000
vt 0.997240 0.000000
vt 1.000000 0.000000
vt 0.019737 0.000000
vt 0.030111 1.000000
vt 1.000000 0.024998
vt 1.000000 0.024996
vt 1.000000 0.024999
vt 1.000000 0.049998
vt 1.000000 0.099996
vt 1.000000 0.102573
vt 1.000000 0.200000
vt 1.000000 0.300000
vt 1.000000 0.400000
vt 1.000000 0.500000
vt 1.000000 0.600000
vt 1.000000 0.700000
vt 1.000000 0.800000
vt 1.000000 0.898715
vt 1.000000 0.892771
vt 1.000000 0.897427
vt 0.997240 0.025000
vt 0.997240 0.050000
vt 1.000000 0.050000
vt 1.000000 0.025000
vt 0.000000 0.975000
vt 1.000000 0.025000
vt 1.000000 0.025000
vt 1.000000 0.025000
vt 1.000000 0.025000
vt 0.000000 0.975000
vt 1.000000 0.899991
vt 1.000000 0.900000
vt 0.000000 0.975000
vt 0.000000 0.975000
vt 0.997240 0.025000
vt 0.000000 0.948648
vt 0.002179 0.944067
vt 0.004357 0.939485
vt 0.004357 0.965140
vt 0.000000 1.000000
vt 0.019737 0.950000
vt 1.000000 0.950000
vt 0.997240 0.950000
vt 0.000000 0.100000
vt 0.000000 0.050000
vt 0.000000 0.050000
vt 1.000000 0.049999
vt 1.000000 0.100021
vt 1.000000 0.049999
vt 0.000000 0.050000
vt 1.000000 0.950000
vt 1.000000 0.950000
vt 1.000000 0.950000
vt 1.000000 0.950000
vt 0.000000 0.100000
vt 0.000000 0.050000
vt 0.997240 0.975000
vt 0.997262 1.000000
vt 0.997240 1.000000
vt 0.147989 1.000000
vt 0.065090 1.000000
vt 1.000000 0.024999
vt 1.000000 0.024999
vt 0.999860 0.000000
vt 0.997240 1.000000
vt 0.997240 1.000000
vt 0.120816 0.000000
vt 0.120816 0.000000
vt 0.120816 0.000000
vt 0.120816 0.000000
vt 0.997240 1.000000
vt 0.997240 1.000000
vt 0.120816 0.000000
vt 0.000000 0.350735
vt 0.000000 0.251064
vt 0.000000 0.923417
vt 1.000000 0.975000
vt 1.000000 0.975000
vt 1.000000 0.975000
vt 0.997240 1.000000
vt 0.997240 1.000000
vt 0.997240 1.000000
vt 0.997240 1.000000
vt 0.064790 0.000000
vt 0.076187 0.000000
vt 0.120816 0.000000
vt 0.120816 0.000000
vt 0.120816 0.000000
vt 0.120816 0.000000
vt 1.000000 0.974998
vt 1.000000 0.997635
vt 1.000000 0.975001
vt 1.000000 0.975000
vt 1.000000 0.975001
vt 1.000001 1.000001
vt 0.997234 1.000000
vt 1.000000 0.975000
vt 1.000000 0.975000
vt -0.000000 0.997411
vt 0.000000 0.997610
vt 1.000000 0.950000
vt -0.000002 0.997549
vt -0.000000 0.997211
vt 0.000005 0.997616
vt -0.000000 0.997636
vt 1.000000 0.100002
vt 1.000000 0.102569
vt 1.000000 0.892767
vt 1.000000 0.897431
vt 1.000000 0.898715
vt 1.000000 0.899998
vt 1.000000 0.700000
vt 1.000000 0.800000
vt 1.000000 0.600000
vt 1.000000 0.500000
vt 1.000000 0.400000
vt 1.000000 0.300000
vt 1.000000 0.200000
vt 1.000000 0.050002
vt 1.000001 -0.000001
vt 1.000000 0.025003
vt 0.030023 1.000000
vt 0.019647 1.000000
vt 0.004623 0.000000
vt 0.019737 0.000000
vt 0.997234 0.000000
vt 0.005198 1.000000
vt 0.000045 1.000000
vt 1.000000 0.949998
vt -0.000194 0.000000
vt 0.000000 0.025000
vt 0.000000 0.025000
vt 1.000000 0.100000
vt 0.000000 0.000000
vt 0.000087 0.003210
vt 0.004301 0.002728
vt 0.004357 0.000000
vt 0.120815 0.000000
vt 0.147989 1.000000
vt 0.065090 1.000000
vt 0.065004 1.000000
vt 0.147911 1.000000
vt 0.065090 1.000000
vt 0.147989 1.000000
vt 0.065090 1.000000
vt 0.147989 1.000000
vt 0.147989 1.000000
vt 0.065090 1.000000
vt 0.065090 1.000000
vt 0.147989 1.000000
vt 0.065090 1.000000
vt 0.147989 1.000000
vt 0.065090 1.000000
vt 0.030111 1.000000
vt 0.065090 1.000000
vt 0.147989 1.000000
vt 0.065090 1.000000
vt 0.064790 0.000000
vt 0.064790 0.000000
vt 0.064790 0.000000
vt 0.064790 0.000000
vt 0.064790 0.000000
vt 0.064790 0.000000
vt 1.000000 0.500000
vt 1.000000 1.000000
vt 0.958333 1.000000
vt 0.958333 0.500000
vt 0.916667 1.000000
vt 0.916667 0.500000
vt 0.875000 1.000000
vt 0.875000 0.500000
vt 0.833333 1.000000
vt 0.833333 0.500000
vt 0.791667 1.000000
vt 0.791667 0.500000
vt 0.750000 1.000000
vt 0.749277 0.875667
vt 0.750000 0.500000
vt 0.708333 1.000000
vt 0.709023 0.875643
vt 0.666667 1.000000
vt 0.666667 0.875654
vt 0.625000 1.000000
vt 0.625000 0.875654
vt 0.583333 1.000000
vt 0.583333 0.875654
vt 0.541666 1.000000
vt 0.541666 0.875654
vt 0.500000 1.000000
vt 0.500000 0.875654
vt 0.458333 1.000000
vt 0.458333 0.875654
vt 0.416666 1.000000
vt 0.416666 0.875654
vt 0.375000 1.000000
vt 0.375000 0.875655
vt 0.333333 1.000000
vt 0.333333 0.875655
vt 0.291667 1.000000
vt 0.290604 0.875197
vt 0.250000 1.000000
vt 0.252113 0.876565
vt 0.233729 0.695247
vt 0.218695 0.875654
vt 0.208333 1.000000
vt 0.208502 0.759855
vt 0.166666 1.000000
vt 0.166341 0.759913
vt 0.166666 0.500000
vt 0.145010 0.759876
vt 0.125000 1.000000
vt 0.125000 0.500000
vt 0.083333 1.000000
vt 0.083333 0.500000
vt 0.250000 1.000000
vt 0.208333 1.000000
vt 0.041666 1.000000
vt 0.041666 0.500000
vt -0.000000 1.000000
vt -0.000000 0.500000
vt 0.750000 0.490000
vt 0.812117 0.481822
vt 0.870000 0.457846
vt 0.919706 0.419706
vt 0.957846 0.370000
vt 0.981822 0.312117
vt 0.990000 0.250000
vt 0.981822 0.187883
vt 0.957846 0.130000
vt 0.919706 0.080294
vt 0.812117 0.018178
vt 0.750000 0.010000
vt 0.687883 0.018178
vt 0.630000 0.042154
vt 0.580294 0.080294
vt 0.542154 0.130000
vt 0.518178 0.187883
vt 0.510000 0.250000
vt 0.518178 0.312117
vt 0.542154 0.370000
vt 0.580294 0.419706
vt 0.630000 0.457846
vt 0.687883 0.481822
vt 0.041666 1.000000
vt -0.000000 1.000000
vt 0.958333 1.000000
vt 0.916667 1.000000
vt 0.750000 1.000000
vt 0.708333 1.000000
vt 0.541666 1.000000
vt 0.500000 1.000000
vt 0.333333 1.000000
vt 0.291667 1.000000
vt 0.125000 1.000000
vt 0.083333 1.000000
vt 0.833333 1.000000
vt 0.791667 1.000000
vt 0.625000 1.000000
vt 0.583333 1.000000
vt 0.416666 1.000000
vt 0.375000 1.000000
vt 0.166666 1.000000
vt 0.875000 1.000000
vt 0.666667 1.000000
vt 1.000000 1.000000
vt 0.458333 1.000000
vt 0.291113 0.695012
vt 0.251128 0.695741
vt 0.333321 0.695234
vt 0.375000 0.695246
vt 0.416667 0.695246
vt 0.458333 0.695246
vt 0.500000 0.695247
vt 0.541666 0.695247
vt 0.583333 0.500000
vt 0.561677 0.695247
vt 0.625000 0.500000
vt 0.666667 0.500000
vt 0.708333 0.500000
vt 0.541666 0.500000
vt 0.500000 0.500000
vt 0.458333 0.500000
vt 0.416666 0.500000
vt 0.375000 0.500000
vt 0.333333 0.500000
vt 0.291667 0.500000
vt 0.250000 0.500000
vt 0.208333 0.500000
vt 0.076187 0.000000
vt 0.076187 0.000000
vt 0.076186 0.000000
vt 0.076188 0.000000
vt 0.076187 0.000000
vt 0.076187 0.000000
vt 0.064790 0.000000
vt 0.076187 0.000000
vt 0.076187 0.000000
vt 0.064790 0.000000
vt 0.064790 0.000000
vt 0.076187 0.000000
vt 1.000000 0.500000
vt 1.000000 1.000000
vt 0.958333 1.000000
vt 0.958333 0.500000
vt 0.916667 1.000000
vt 0.916667 0.500000
vt 0.875000 1.000000
vt 0.875000 0.500000
vt 0.833333 1.000000
vt 0.833333 0.500000
vt 0.791667 1.000000
vt 0.791667 0.500000
vt 0.750000 1.000000
vt 0.749744 0.875886
vt 0.750000 0.500000
vt 0.708333 1.000000
vt 0.708583 0.875972
vt 0.666667 1.000000
vt 0.666666 0.875930
vt 0.625000 1.000000
vt 0.625000 0.875930
vt 0.583333 1.000000
vt 0.583333 0.875930
vt 0.541666 1.000000
vt 0.541667 0.875930
vt 0.500000 1.000000
vt 0.500000 0.875930
vt 0.458333 1.000000
vt 0.458333 0.875930
vt 0.416666 1.000000
vt 0.416666 0.875930
vt 0.375000 1.000000
vt 0.375000 0.875930
vt 0.333333 1.000000
vt 0.333333 0.875930
vt 0.291667 1.000000
vt 0.291049 0.875598
vt 0.250000 1.000000
vt 0.251221 0.876585
vt 0.250000 0.500000
vt 0.218672 0.875930
vt 0.208333 1.000000
vt 0.208333 0.500000
vt 0.166666 1.000000
vt 0.166666 0.500000
vt 0.125000 1.000000
vt 0.125000 0.500000
vt 0.083333 1.000000
vt 0.083333 0.500000
vt 0.250000 1.000000
vt 0.208333 1.000000
vt 0.041666 1.000000
vt 0.041666 0.500000
vt -0.000000 1.000000
vt -0.000000 0.500000
vt 0.750000 0.490000
vt 0.812117 0.481822
vt 0.870000 0.457846
vt 0.919706 0.419706
vt 0.957846 0.370000
vt 0.981822 0.312117
vt 0.990000 0.250000
vt 0.981822 0.187883
vt 0.957846 0.130000
vt 0.919706 0.080294
vt 0.870000 0.042154
vt 0.812117 0.018178
vt 0.750000 0.010000
vt 0.687883 0.018178
vt 0.630000 0.042154
vt 0.580294 0.080294
vt 0.542154 0.130000
vt 0.518178 0.187883
vt 0.510000 0.250000
vt 0.518178 0.312117
vt 0.542154 0.370000
vt 0.580294 0.419706
vt 0.630000 0.457846
vt 0.687883 0.481822
vt 0.041666 1.000000
vt -0.000000 1.000000
vt 0.958333 1.000000
vt 0.916667 1.000000
vt 0.750000 1.000000
vt 0.708333 1.000000
vt 0.541666 1.000000
vt 0.500000 1.000000
vt 0.333333 1.000000
vt 0.291667 1.000000
vt 0.125000 1.000000
vt 0.083333 1.000000
vt 0.833333 1.000000
vt 0.791667 1.000000
vt 0.625000 1.000000
vt 0.583333 1.000000
vt 0.416666 1.000000
vt 0.375000 1.000000
vt 0.166666 1.000000
vt 0.875000 1.000000
vt 0.666667 1.000000
vt 1.000000 1.000000
vt 0.458333 1.000000
vt 0.291667 0.500000
vt 0.333333 0.500000
vt 0.375000 0.500000
vt 0.416666 0.500000
vt 0.458333 0.500000
vt 0.500000 0.500000
vt 0.541666 0.500000
vt 0.583333 0.500000
vt 0.625000 0.500000
vt 0.666667 0.500000
vt 0.708333 0.500000
vt 0.019737 1.000000
vt 0.019737 1.000000
vt 0.147989 1.000000
vt 0.147989 1.000000
vt 0.065090 1.000000
vt 0.030106 1.000000
vt 0.147989 1.000000
vt 1.000000 0.975001
vt 1.000000 0.950001
vt 1.000000 0.050000
vt 1.000000 0.950001
vt 1.000000 0.975001
vt 1.000000 0.997638
vt 1.000000 0.997640
vt 1.000000 0.975000
vt 1.000000 0.839903
vt 1.000000 0.839916
vt 1.000000 0.839917
vt 1.000000 0.839917
vt 1.000000 0.839917
vt 1.000000 0.839912
vt 1.000000 0.839920
vt 1.000000 0.839910
vt 1.000000 0.839917
vt 1.000000 0.839914
vt 0.000057 0.839917
vt 0.005346 0.839917
vt 1.000000 0.839917
vt 1.000000 0.839917
vt 0.997240 0.997634
vt 0.997240 1.000000
vt 1.000000 1.000000
vt 1.000000 0.997634
vt 0.004345 0.997610
vt 0.004357 1.000000
vt 0.019737 1.000000
vt 0.019737 0.997610
vt 0.004221 0.050000
vt 0.004085 0.100000
vt 0.019737 0.100000
vt 0.019737 0.050000
vt 0.019737 0.200000
vt 0.019737 0.102564
vt 0.019737 0.300000
vt 0.019737 0.400000
vt 0.019737 0.500000
vt 0.019737 0.600000
vt 0.019737 0.700000
vt 0.019737 0.800000
vt 0.005516 0.898718
vt 0.004085 0.900000
vt 0.019737 0.900000
vt 0.019737 0.898718
vt 0.000000 0.839917
vt 0.000000 0.800000
vt 0.000000 0.800000
vt 0.000000 0.839971
vt 0.000000 0.700000
vt 0.000000 0.700000
vt 0.000000 0.600000
vt 0.000000 0.600000
vt 0.000000 0.500000
vt 0.000000 0.500000
vt 0.000000 0.400000
vt 0.000000 0.400000
vt 0.000000 0.300000
vt 0.000000 0.300000
vt 0.000000 0.200000
vt 0.000000 0.200000
vt 0.000000 0.102564
vt 0.997240 0.100000
vt 1.000000 0.100000
vt 0.997240 0.102564
vt 0.997240 0.200000
vt 1.000000 0.200000
vt 1.000000 0.102564
vt 0.997240 0.300000
vt 1.000000 0.300000
vt 0.997240 0.400000
vt 1.000000 0.400000
vt 0.997240 0.500000
vt 1.000000 0.500000
vt 0.997240 0.600000
vt 1.000000 0.600000
vt 0.997240 0.700000
vt 1.000000 0.700000
vt 0.997240 0.800000
vt 1.000000 0.800000
vt 0.997240 0.898718
vt 0.997240 0.900000
vt 1.000000 0.900000
vt 1.000000 0.898718
vt 0.997240 0.892779
vt 0.997240 0.897436
vt 1.000000 0.897436
vt 1.000000 0.892779
vt 0.000000 0.898718
vt 0.000000 0.897436
vt 0.019737 0.897436
vt 0.019737 0.892779
vt 0.000000 0.100000
vt 0.000000 0.898718
vt 0.000000 0.900000
vt 0.000000 0.050000
vt 0.000006 0.997610
vt 0.000000 1.000000
vt 0.000000 0.950000
vt 0.004221 0.950000
vt 0.000000 0.025000
vt 0.004289 0.025000
vt 0.019737 0.025000
vt 0.019737 0.950000
vt 0.997240 0.950000
vt 1.000000 0.950000
vt 0.019737 0.975000
vt 0.030111 1.000000
vt 0.065090 1.000000
vt 0.147989 1.000000
vt 0.997240 0.975000
vt 0.985385 0.900000
vt 0.665317 0.900000
vt 0.651769 0.900000
vt 0.112267 0.900000
vt 0.073638 0.900000
vt 0.041446 0.900000
vt 0.041446 0.100000
vt 0.073638 0.100000
vt 0.112267 0.100000
vt 0.651769 0.100000
vt 0.665317 0.100000
vt 0.985385 0.100000
vt 0.997240 0.000000
vt 0.120816 0.000000
vt 0.113337 0.000000
vt 0.086177 0.000000
vt 0.076187 0.000000
vt 0.064790 0.000000
vt 0.057624 0.000000
vt 0.029815 0.000000
vt 0.019737 0.000000
vt 0.019737 0.002390
vt 0.985385 0.102564
vt 0.985385 0.892779
vt 0.985385 0.897436
vt 0.985385 0.898718
vt 0.985385 0.700000
vt 0.985385 0.800000
vt 0.985385 0.600000
vt 0.985385 0.500000
vt 0.985385 0.400000
vt 0.985385 0.300000
vt 0.985385 0.200000
vt 1.000000 0.000000
vt 1.000000 0.975000
vt 0.000000 0.975000
vt 0.004289 0.975000
vt 0.057624 0.000000
vt 0.125000 1.000000
vt 0.083333 1.000000
vt 0.416666 1.000000
vt 0.375000 1.000000
vt 0.708333 1.000000
vt 0.666667 1.000000
vt 0.041666 1.000000
vt 1.000000 1.000000
vt 0.958333 1.000000
vt 0.333333 1.000000
vt 0.625000 1.000000
vt -0.000000 1.000000
vt 0.916667 1.000000
vt 0.291667 1.000000
vt 0.583333 1.000000
vt 0.875000 1.000000
vt 0.250000 1.000000
vt 0.541666 1.000000
vt 0.833333 1.000000
vt 0.208333 1.000000
vt 0.500000 1.000000
vt 0.791667 1.000000
vt 0.166666 1.000000
vt 0.458333 1.000000
vt 0.750000 1.000000
vt 0.625000 1.000000
vt 0.666667 1.000000
vt 0.666667 1.000000
vt 0.625000 1.000000
vt -0.000000 1.000000
vt 0.041666 1.000000
vt 0.041666 1.000000
vt -0.000000 1.000000
vt 0.916667 1.000000
vt 0.958333 1.000000
vt 0.958333 1.000000
vt 0.916667 1.000000
vt 0.291667 1.000000
vt 0.333333 1.000000
vt 0.333333 1.000000
vt 0.291667 1.000000
vt 0.583333 1.000000
vt 0.583333 1.000000
vt 0.875000 1.000000
vt 0.875000 1.000000
vt 0.250000 1.000000
vt 0.250000 1.000000
vt 0.541666 1.000000
vt 0.541666 1.000000
vt 0.833333 1.000000
vt 0.833333 1.000000
vt 0.208333 1.000000
vt 0.208333 1.000000
vt 0.500000 1.000000
vt 0.500000 1.000000
vt 0.791667 1.000000
vt 0.791667 1.000000
vt 0.166666 1.000000
vt 0.166666 1.000000
vt 0.458333 1.000000
vt 0.458333 1.000000
vt 0.750000 1.000000
vt 0.750000 1.000000
vt 0.125000 1.000000
vt 0.125000 1.000000
vt 0.416666 1.000000
vt 0.416666 1.000000
vt 0.708333 1.000000
vt 0.708333 1.000000
vt 0.083333 1.000000
vt 0.083333 1.000000
vt 0.375000 1.000000
vt 0.375000 1.000000
vt 1.000000 1.000000
vt 1.000000 1.000000
vt 0.029815 0.000000
vt 0.113337 0.000000
vt 0.125000 1.000000
vt 0.083333 1.000000
vt 0.416666 1.000000
vt 0.375000 1.000000
vt 0.708333 1.000000
vt 0.666667 1.000000
vt 0.041666 1.000000
vt 1.000000 1.000000
vt 0.958333 1.000000
vt 0.333333 1.000000
vt 0.625000 1.000000
vt -0.000000 1.000000
vt 0.916667 1.000000
vt 0.291667 1.000000
vt 0.583333 1.000000
vt 0.875000 1.000000
vt 0.250000 1.000000
vt 0.541666 1.000000
vt 0.833333 1.000000
vt 0.208333 1.000000
vt 0.500000 1.000000
vt 0.791667 1.000000
vt 0.166666 1.000000
vt 0.458333 1.000000
vt 0.750000 1.000000
vt 0.625000 1.000000
vt 0.666667 1.000000
vt 0.666667 1.000000
vt 0.625000 1.000000
vt -0.000000 1.000000
vt 0.041666 1.000000
vt 0.041666 1.000000
vt -0.000000 1.000000
vt 0.916667 1.000000
vt 0.958333 1.000000
vt 0.958333 1.000000
vt 0.916667 1.000000
vt 0.291667 1.000000
vt 0.333333 1.000000
vt 0.333333 1.000000
vt 0.291667 1.000000
vt 0.583333 1.000000
vt 0.583333 1.000000
vt 0.875000 1.000000
vt 0.875000 1.000000
vt 0.250000 1.000000
vt 0.250000 1.000000
vt 0.541666 1.000000
vt 0.541666 1.000000
vt 0.833333 1.000000
vt 0.833333 1.000000
vt 0.208333 1.000000
vt 0.208333 1.000000
vt 0.500000 1.000000
vt 0.500000 1.000000
vt 0.791667 1.000000
vt 0.791667 1.000000
vt 0.166666 1.000000
vt 0.166666 1.000000
vt 0.458333 1.000000
vt 0.458333 1.000000
vt 0.750000 1.000000
vt 0.750000 1.000000
vt 0.125000 1.000000
vt 0.125000 1.000000
vt 0.416666 1.000000
vt 0.416666 1.000000
vt 0.708333 1.000000
vt 0.708333 1.000000
vt 0.083333 1.000000
vt 0.083333 1.000000
vt 0.375000 1.000000
vt 0.375000 1.000000
vt 1.000000 1.000000
vt 1.000000 1.000000
vt 0.086177 0.000000
vt 0.004357 1.000000
vt 0.004357 1.000000
vt 0.019737 1.000000
vt 0.019737 1.000000
vt 0.030106 1.000000
vt 0.030111 1.000000
vt 0.065090 1.000000
vt 0.147989 1.000000
vt 0.147989 1.000000
vt 0.065090 1.000000
vt 0.072632 0.897436
vt 0.073670 0.898718
vt 0.112267 0.898718
vt 0.112267 0.897436
vt 0.073638 0.102564
vt 0.073638 0.200000
vt 0.112267 0.200000
vt 0.112267 0.102564
vt 0.073638 0.300000
vt 0.112267 0.300000
vt 0.073638 0.400000
vt 0.112267 0.400000
vt 0.073638 0.500000
vt 0.112267 0.500000
vt 0.073638 0.600000
vt 0.112267 0.600000
vt 0.073638 0.700000
vt 0.112267 0.700000
vt 0.073638 0.800000
vt 0.112267 0.800000
vt 0.072680 0.892779
vt 0.112267 0.892779
vt 0.651769 0.898718
vt 0.651769 0.897436
vt 0.112267 0.200000
vt 0.112267 0.102564
vt 0.651769 0.800000
vt 0.651769 0.700000
vt 0.651769 0.700000
vt 0.651769 0.800000
vt 0.112267 0.800000
vt 0.112267 0.700000
vt 0.651769 0.600000
vt 0.651769 0.600000
vt 0.651769 0.102564
vt 0.651769 0.102564
vt 0.112267 0.600000
vt 0.651769 0.500000
vt 0.651769 0.500000
vt 0.651769 0.897436
vt 0.112267 0.897436
vt 0.112267 0.892779
vt 0.651769 0.200000
vt 0.651769 0.200000
vt 0.112267 0.300000
vt 0.651769 0.839917
vt 0.651769 0.839917
vt 0.651769 0.300000
vt 0.651769 0.300000
vt 0.112267 0.400000
vt 0.651769 0.400000
vt 0.651769 0.400000
vt 0.112267 0.500000
vt 0.665317 0.898718
vt 0.665317 0.897436
vt 0.665317 0.200000
vt 0.665317 0.102564
vt 0.665317 0.300000
vt 0.665317 0.400000
vt 0.665317 0.500000
vt 0.665317 0.600000
vt 0.665317 0.700000
vt 0.665317 0.800000
vt 0.651769 0.892779
vt 0.665317 0.892779
vt 0.985385 0.600000
vt 0.985385 0.700000
vt 0.665317 0.600000
vt 0.665317 0.500000
vt 0.985385 0.500000
vt 0.665317 0.400000
vt 0.985385 0.300000
vt 0.985385 0.400000
vt 0.665317 0.700000
vt 0.665317 0.300000
vt 0.041446 0.102564
vt 0.041446 0.897436
vt 0.041446 0.892779
vt 0.041497 0.898718
vt 0.041446 0.800000
vt 0.041446 0.700000
vt 0.041446 0.600000
vt 0.041446 0.500000
vt 0.041446 0.400000
vt 0.041446 0.300000
vt 0.041446 0.200000
vt 0.041446 0.839917
vt 0.073225 0.839917
vt 0.019737 0.839917
vt 0.665317 0.839917
vt 0.985385 0.839917
vt 0.651769 0.892779
vt 0.112267 0.839917
vt 0.112267 0.839917
vt 0.000000 0.892779
vt 1.000000 0.839916
vt 0.997240 0.839917
vt 0.000000 0.892779
vt 0.986849 0.971732
vt 0.869295 0.971732
vt 0.869295 0.085537
vt 0.986849 0.085537
vt 0.748648 0.971733
vt 0.748648 0.085537
vt 0.628001 0.971732
vt 0.628001 0.085537
vt 0.507353 0.971732
vt 0.507354 0.085537
vt 0.386706 0.971732
vt 0.386706 0.085537
vt 0.266059 0.971732
vt 0.266059 0.085537
vt 0.145412 0.971733
vt 0.145412 0.085537
vt 0.033476 0.971733
vt 0.027858 0.971733
vt 0.027858 0.085537
vt 0.033476 0.085537
vt 0.886044 0.100110
vt 0.869295 0.100110
vt 0.869295 0.085537
vt 0.886044 0.085537
vt 0.754458 0.100110
vt 0.748648 0.100110
vt 0.748648 0.085537
vt 0.754458 0.085537
vt 0.634265 0.100110
vt 0.628001 0.100110
vt 0.628001 0.085537
vt 0.634265 0.085537
vt 0.516561 0.100110
vt 0.507354 0.100110
vt 0.507354 0.085537
vt 0.516561 0.085537
vt 0.393374 0.100110
vt 0.386706 0.100110
vt 0.386706 0.085537
vt 0.393374 0.085537
vt 0.271456 0.100110
vt 0.266059 0.100110
vt 0.266059 0.085537
vt 0.271456 0.085537
vt 0.153276 0.100110
vt 0.145412 0.100110
vt 0.145412 0.085537
vt 0.153276 0.085537
vt 0.033546 0.100110
vt 0.027858 0.100110
vt 0.027858 0.085537
vt 0.033546 0.085537
vt 0.033546 0.971733
vt 0.027858 0.971733
vt 0.027858 0.955809
vt 0.033546 0.955809
vt 0.153276 0.971733
vt 0.145412 0.971733
vt 0.145412 0.955809
vt 0.153276 0.955809
vt 0.271456 0.971732
vt 0.266059 0.971732
vt 0.266059 0.955809
vt 0.271456 0.955809
vt 0.393374 0.971732
vt 0.386706 0.971732
vt 0.386706 0.955809
vt 0.393374 0.955809
vt 0.516561 0.971732
vt 0.507353 0.971732
vt 0.507353 0.955809
vt 0.516561 0.955809
vt 0.634265 0.971732
vt 0.628001 0.971732
vt 0.628001 0.955809
vt 0.634265 0.955809
vt 0.754458 0.971733
vt 0.748648 0.971733
vt 0.748648 0.955809
vt 0.754458 0.955809
vt 0.886044 0.971732
vt 0.869295 0.971732
vt 0.869295 0.955809
vt 0.886044 0.955809
vt 0.087899 0.971733
vt 0.087899 0.955809
vt 0.087899 0.100110
vt 0.087899 0.085537
vt 0.590607 0.542567
vt 0.588362 0.542567
vt 0.588362 0.542567
vt 0.590607 0.542567
vt 0.027858 0.877636
vt 0.033546 0.877636
vt 0.689286 0.100110
vt 0.699743 0.100110
vt 0.699743 0.100110
vt 0.689286 0.100110
vt 0.285388 0.100110
vt 0.285388 0.100110
vt 0.271456 0.100110
vt 0.588362 0.565454
vt 0.590607 0.565454
vt 0.590607 0.565454
vt 0.588362 0.565454
vt 0.171446 0.565454
vt 0.175256 0.565454
vt 0.175256 0.565454
vt 0.171446 0.565454
vt 0.699743 0.229878
vt 0.689286 0.229878
vt 0.689286 0.229878
vt 0.699743 0.229878
vt 0.285388 0.229878
vt 0.271456 0.229878
vt 0.271456 0.229878
vt 0.285388 0.229878
vt 0.590607 0.696340
vt 0.588362 0.696340
vt 0.588362 0.696340
vt 0.590607 0.696340
vt 0.087899 0.877636
vt 0.033546 0.850633
vt 0.087899 0.850633
vt 0.027858 0.850633
vt 0.153276 0.877636
vt 0.145412 0.877636
vt 0.145412 0.850633
vt 0.153276 0.850633
vt 0.271456 0.877636
vt 0.266059 0.877636
vt 0.266059 0.850633
vt 0.271456 0.850633
vt 0.393374 0.877636
vt 0.386706 0.877636
vt 0.386706 0.850633
vt 0.393374 0.850633
vt 0.516561 0.877636
vt 0.507353 0.877636
vt 0.507353 0.850633
vt 0.516561 0.850633
vt 0.634265 0.877637
vt 0.628001 0.877636
vt 0.628001 0.850633
vt 0.634265 0.850633
vt 0.754458 0.877637
vt 0.748648 0.877637
vt 0.748648 0.850633
vt 0.754458 0.850633
vt 0.886044 0.877636
vt 0.869295 0.877636
vt 0.869295 0.850633
vt 0.886044 0.850633
vt 0.175256 0.696340
vt 0.171446 0.696340
vt 0.171446 0.696340
vt 0.175256 0.696340
vt 0.027858 0.722656
vt 0.033546 0.722656
vt 0.689286 0.254861
vt 0.699743 0.254861
vt 0.699743 0.254861
vt 0.689286 0.254861
vt 0.266059 0.722656
vt 0.271456 0.722656
vt 0.271456 0.254861
vt 0.285388 0.254861
vt 0.285388 0.254861
vt 0.271456 0.254861
vt 0.171446 0.722656
vt 0.175256 0.722656
vt 0.175256 0.722656
vt 0.171446 0.722656
vt 0.792419 0.955809
vt 0.792419 0.877637
vt 0.792419 0.877637
vt 0.792419 0.955809
vt 0.699743 0.386711
vt 0.689286 0.386711
vt 0.689286 0.386711
vt 0.699743 0.386711
vt 0.285388 0.386711
vt 0.271456 0.386711
vt 0.271456 0.386711
vt 0.285388 0.386711
vt 0.087899 0.722656
vt 0.033546 0.696340
vt 0.087899 0.696340
vt 0.027858 0.696340
vt 0.153276 0.722656
vt 0.145412 0.722656
vt 0.145412 0.696340
vt 0.153276 0.696340
vt 0.266059 0.696340
vt 0.271456 0.696340
vt 0.393374 0.722656
vt 0.386706 0.722656
vt 0.386706 0.696340
vt 0.393374 0.696340
vt 0.516561 0.722656
vt 0.507354 0.722656
vt 0.507354 0.696340
vt 0.516561 0.696340
vt 0.634265 0.722656
vt 0.628001 0.722656
vt 0.628001 0.696340
vt 0.634265 0.696340
vt 0.754458 0.722656
vt 0.748648 0.722656
vt 0.748648 0.696340
vt 0.754458 0.696340
vt 0.886044 0.722656
vt 0.869295 0.722656
vt 0.869295 0.696340
vt 0.886044 0.696340
vt 0.175256 0.850633
vt 0.171446 0.850633
vt 0.171446 0.850633
vt 0.175256 0.850633
vt 0.027858 0.565454
vt 0.033546 0.565454
vt 0.271456 0.410305
vt 0.285388 0.410305
vt 0.285388 0.410305
vt 0.271456 0.410305
vt 0.588362 0.877636
vt 0.590607 0.877636
vt 0.590607 0.877636
vt 0.588362 0.877636
vt 0.171446 0.877636
vt 0.175256 0.877636
vt 0.175256 0.877636
vt 0.171446 0.877636
vt 0.507354 0.565453
vt 0.516561 0.565453
vt 0.860846 0.877636
vt 0.869295 0.877636
vt 0.860846 0.877636
vt 0.285388 0.542567
vt 0.271456 0.542567
vt 0.271456 0.542567
vt 0.285388 0.542567
vt 0.590607 0.955809
vt 0.588362 0.955809
vt 0.588362 0.955809
vt 0.590607 0.955809
vt 0.087899 0.565454
vt 0.033546 0.542567
vt 0.087899 0.542567
vt 0.027858 0.542567
vt 0.153276 0.565454
vt 0.145412 0.565454
vt 0.145412 0.542567
vt 0.153276 0.542567
vt 0.271456 0.565453
vt 0.266059 0.565453
vt 0.266059 0.542567
vt 0.393374 0.565453
vt 0.386706 0.565453
vt 0.386706 0.542567
vt 0.393374 0.542567
vt 0.507354 0.542567
vt 0.516561 0.542567
vt 0.634265 0.565454
vt 0.628001 0.565454
vt 0.628001 0.542567
vt 0.634265 0.542567
vt 0.754458 0.565454
vt 0.748648 0.565454
vt 0.748648 0.542567
vt 0.754458 0.542567
vt 0.886044 0.565453
vt 0.869295 0.565453
vt 0.869295 0.542567
vt 0.886044 0.542567
vt 0.175256 0.955809
vt 0.171446 0.955809
vt 0.171446 0.955809
vt 0.175256 0.955809
vt 0.027858 0.410306
vt 0.033546 0.410305
vt 0.787638 0.100110
vt 0.792419 0.100110
vt 0.792419 0.100110
vt 0.787638 0.100110
vt 0.373678 0.100110
vt 0.383775 0.100110
vt 0.383775 0.100110
vt 0.373678 0.100110
vt 0.729434 0.877637
vt 0.748648 0.877637
vt 0.729434 0.877637
vt 0.689286 0.565454
vt 0.699743 0.565454
vt 0.699743 0.565454
vt 0.689286 0.565454
vt 0.628001 0.410306
vt 0.634265 0.410306
vt 0.285388 0.565453
vt 0.285388 0.565453
vt 0.271456 0.565453
vt 0.792419 0.229878
vt 0.787638 0.229878
vt 0.787638 0.229878
vt 0.792419 0.229878
vt 0.087899 0.410305
vt 0.033546 0.386711
vt 0.087899 0.386711
vt 0.027858 0.386711
vt 0.153276 0.410305
vt 0.145412 0.410305
vt 0.145412 0.386711
vt 0.153276 0.386711
vt 0.266059 0.410305
vt 0.266059 0.386711
vt 0.393374 0.410305
vt 0.386706 0.410305
vt 0.386706 0.386711
vt 0.393374 0.386711
vt 0.516561 0.410305
vt 0.507354 0.410305
vt 0.507354 0.386711
vt 0.516561 0.386711
vt 0.628001 0.386711
vt 0.634265 0.386711
vt 0.754458 0.410306
vt 0.748648 0.410306
vt 0.748648 0.386711
vt 0.754458 0.386711
vt 0.886044 0.410305
vt 0.869295 0.410305
vt 0.869295 0.386711
vt 0.886044 0.386711
vt 0.383775 0.229878
vt 0.373678 0.229878
vt 0.373678 0.229878
vt 0.383775 0.229878
vt 0.027858 0.254861
vt 0.033546 0.254860
vt 0.623261 0.877636
vt 0.628001 0.877636
vt 0.623261 0.877636
vt 0.266059 0.254861
vt 0.699743 0.696340
vt 0.689286 0.696340
vt 0.689286 0.696340
vt 0.699743 0.696340
vt 0.285388 0.696340
vt 0.271456 0.696340
vt 0.285388 0.696340
vt 0.373678 0.254861
vt 0.383775 0.254861
vt 0.383775 0.254861
vt 0.373678 0.254861
vt 0.503798 0.877636
vt 0.507353 0.877636
vt 0.503798 0.877636
vt 0.689286 0.722656
vt 0.699743 0.722656
vt 0.699743 0.722656
vt 0.689286 0.722656
vt 0.087899 0.254860
vt 0.033546 0.229878
vt 0.087899 0.229878
vt 0.027858 0.229878
vt 0.153276 0.254861
vt 0.145412 0.254860
vt 0.145412 0.229878
vt 0.153276 0.229878
vt 0.266059 0.229878
vt 0.393374 0.254861
vt 0.386706 0.254861
vt 0.386706 0.229878
vt 0.393374 0.229878
vt 0.516561 0.254861
vt 0.507354 0.254861
vt 0.507354 0.229878
vt 0.516561 0.229878
vt 0.634265 0.254861
vt 0.628001 0.254861
vt 0.628001 0.229878
vt 0.634265 0.229878
vt 0.754458 0.254861
vt 0.748648 0.254861
vt 0.748648 0.229878
vt 0.754458 0.229878
vt 0.886044 0.254861
vt 0.869295 0.254861
vt 0.869295 0.229878
vt 0.886044 0.229878
vt 0.285388 0.722656
vt 0.285388 0.722656
vt 0.271456 0.722656
vt 0.033546 0.160188
vt 0.027858 0.160188
vt 0.164461 0.160188
vt 0.164461 0.100110
vt 0.164461 0.100110
vt 0.164461 0.160188
vt 0.383775 0.386711
vt 0.373678 0.386711
vt 0.373678 0.386711
vt 0.383775 0.386711
vt 0.383775 0.877636
vt 0.386706 0.877636
vt 0.383775 0.877636
vt 0.699743 0.850633
vt 0.689286 0.850633
vt 0.689286 0.850633
vt 0.699743 0.850633
vt 0.285388 0.850633
vt 0.271456 0.850633
vt 0.285388 0.850633
vt 0.787638 0.410306
vt 0.792419 0.410306
vt 0.792419 0.410306
vt 0.787638 0.410306
vt 0.373678 0.410305
vt 0.383775 0.410305
vt 0.383775 0.410305
vt 0.373678 0.410305
vt 0.098327 0.160188
vt 0.087899 0.160188
vt 0.098327 0.100110
vt 0.098327 0.254860
vt 0.098327 0.229878
vt 0.262050 0.877636
vt 0.266059 0.877636
vt 0.262050 0.877636
vt 0.098327 0.410305
vt 0.098327 0.386711
vt 0.689286 0.877637
vt 0.699743 0.877637
vt 0.699743 0.877637
vt 0.689286 0.877637
vt 0.098327 0.565454
vt 0.098327 0.542567
vt 0.285388 0.877636
vt 0.285388 0.877636
vt 0.271456 0.877636
vt 0.098327 0.722656
vt 0.098327 0.696340
vt 0.792419 0.542567
vt 0.787638 0.542567
vt 0.787638 0.542567
vt 0.792419 0.542567
vt 0.098327 0.877636
vt 0.098327 0.850633
vt 0.383775 0.542567
vt 0.373678 0.542567
vt 0.373678 0.542567
vt 0.383775 0.542567
vt 0.098327 0.085537
vt 0.098327 0.971733
vt 0.098327 0.955809
vt 0.109462 0.971733
vt 0.109462 0.955809
vt 0.109462 0.100110
vt 0.109462 0.085537
vt 0.109462 0.877636
vt 0.109462 0.850633
vt 0.699743 0.955809
vt 0.689286 0.955809
vt 0.689286 0.955809
vt 0.699743 0.955809
vt 0.109462 0.722656
vt 0.109462 0.696340
vt 0.285388 0.955809
vt 0.271456 0.955809
vt 0.285388 0.955809
vt 0.109462 0.565454
vt 0.109462 0.542567
vt 0.787638 0.565454
vt 0.792419 0.565454
vt 0.792419 0.565454
vt 0.787638 0.565454
vt 0.109462 0.410305
vt 0.109462 0.386711
vt 0.140228 0.877636
vt 0.145412 0.877636
vt 0.140228 0.877636
vt 0.109462 0.254861
vt 0.109462 0.229878
vt 0.164461 0.410305
vt 0.164461 0.542567
vt 0.164461 0.542567
vt 0.164461 0.410305
vt 0.792419 0.696340
vt 0.787638 0.696340
vt 0.787638 0.696340
vt 0.792419 0.696340
vt 0.122187 0.254861
vt 0.111689 0.254861
vt 0.111689 0.229878
vt 0.122187 0.229878
vt 0.033546 0.877636
vt 0.033546 0.955809
vt 0.122187 0.410305
vt 0.111689 0.410305
vt 0.111689 0.386711
vt 0.122187 0.386711
vt 0.373678 0.722656
vt 0.383775 0.722656
vt 0.383775 0.722656
vt 0.373678 0.722656
vt 0.122187 0.565454
vt 0.111689 0.565454
vt 0.111689 0.542567
vt 0.122187 0.542567
vt 0.122187 0.696340
vt 0.111689 0.696340
vt 0.122187 0.722656
vt 0.111689 0.722656
vt 0.383775 0.850633
vt 0.373678 0.850633
vt 0.373678 0.850633
vt 0.383775 0.850633
vt 0.122187 0.877636
vt 0.111689 0.877636
vt 0.111689 0.850633
vt 0.122187 0.850633
vt 0.373678 0.877636
vt 0.373678 0.877636
vt 0.122187 0.100110
vt 0.111689 0.100110
vt 0.111689 0.085537
vt 0.122187 0.085537
vt 0.122187 0.971733
vt 0.111689 0.971733
vt 0.111689 0.955809
vt 0.122187 0.955809
vt 0.721749 0.254861
vt 0.721749 0.386711
vt 0.721749 0.386711
vt 0.721749 0.254861
vt 0.568193 0.542567
vt 0.568193 0.410305
vt 0.568193 0.410305
vt 0.568193 0.542567
vt 0.383775 0.955809
vt 0.373678 0.955809
vt 0.373678 0.955809
vt 0.383775 0.955809
vt 0.908518 0.168599
vt 0.908518 0.160188
vt 0.908518 0.160188
vt 0.908518 0.168599
vt 0.557118 0.100110
vt 0.568193 0.100110
vt 0.568193 0.100110
vt 0.557118 0.100110
vt 0.129284 0.971733
vt 0.129284 0.955809
vt 0.129284 0.100110
vt 0.129284 0.085537
vt 0.843297 0.877636
vt 0.843297 0.955809
vt 0.843297 0.955809
vt 0.843297 0.877636
vt 0.129284 0.877636
vt 0.129284 0.850633
vt 0.568193 0.229878
vt 0.557118 0.229878
vt 0.557118 0.229878
vt 0.568193 0.229878
vt 0.129284 0.722656
vt 0.129284 0.696340
vt 0.981759 0.160188
vt 0.981759 0.168599
vt 0.981759 0.168599
vt 0.981759 0.160188
vt 0.129284 0.565454
vt 0.129284 0.542567
vt 0.557118 0.254861
vt 0.568193 0.254861
vt 0.568193 0.254861
vt 0.557118 0.254861
vt 0.129284 0.410305
vt 0.129284 0.386711
vt 0.160016 0.254860
vt 0.164461 0.254860
vt 0.164461 0.254860
vt 0.160016 0.254860
vt 0.129284 0.254861
vt 0.129284 0.229878
vt 0.568193 0.386711
vt 0.557118 0.386711
vt 0.557118 0.386711
vt 0.568193 0.386711
vt 0.140228 0.254861
vt 0.140228 0.229878
vt 0.164461 0.386711
vt 0.160016 0.386711
vt 0.160016 0.386711
vt 0.164461 0.386711
vt 0.140228 0.410305
vt 0.140228 0.386711
vt 0.897773 0.160188
vt 0.897773 0.168599
vt 0.897773 0.168599
vt 0.897773 0.160188
vt 0.140228 0.565454
vt 0.140228 0.542567
vt 0.160016 0.410305
vt 0.160016 0.410305
vt 0.140228 0.722656
vt 0.140228 0.696340
vt 0.140228 0.850633
vt 0.843297 0.696340
vt 0.843297 0.565454
vt 0.843297 0.565454
vt 0.843297 0.696340
vt 0.140228 0.100110
vt 0.140228 0.085537
vt 0.140228 0.971733
vt 0.140228 0.955809
vt 0.160016 0.160188
vt 0.160016 0.100110
vt 0.160016 0.229878
vt 0.164461 0.229878
vt 0.160016 0.542567
vt 0.160016 0.542567
vt 0.719533 0.100110
vt 0.721748 0.100110
vt 0.721748 0.100110
vt 0.719533 0.100110
vt 0.164461 0.565454
vt 0.160016 0.565454
vt 0.266059 0.100110
vt 0.164461 0.722656
vt 0.160016 0.722656
vt 0.160016 0.696340
vt 0.164461 0.696340
vt 0.557118 0.565454
vt 0.568193 0.565454
vt 0.568193 0.565454
vt 0.557118 0.565454
vt 0.164461 0.877636
vt 0.160016 0.877636
vt 0.160016 0.850633
vt 0.164461 0.850633
vt 0.164461 0.955809
vt 0.160016 0.955809
vt 0.164461 0.971733
vt 0.160016 0.971733
vt 0.160016 0.085537
vt 0.164461 0.085537
vt 0.171446 0.100110
vt 0.171446 0.085537
vt 0.171446 0.971733
vt 0.164461 0.565454
vt 0.160016 0.565454
vt 0.372050 0.542567
vt 0.372050 0.410305
vt 0.372050 0.410305
vt 0.372050 0.542567
vt 0.171446 0.542567
vt 0.171446 0.410305
vt 0.171446 0.386711
vt 0.721749 0.229878
vt 0.719533 0.229878
vt 0.719533 0.229878
vt 0.721749 0.229878
vt 0.171446 0.254861
vt 0.171446 0.229878
vt 0.266059 0.229878
vt 0.843297 0.168599
vt 0.843297 0.160188
vt 0.843297 0.160188
vt 0.843297 0.168599
vt 0.188591 0.254860
vt 0.175256 0.254860
vt 0.175256 0.229878
vt 0.188591 0.229878
vt 0.568193 0.696340
vt 0.557118 0.696340
vt 0.557118 0.696340
vt 0.568193 0.696340
vt 0.188591 0.410305
vt 0.175256 0.410305
vt 0.175256 0.386711
vt 0.188591 0.386711
vt 0.160016 0.696340
vt 0.164461 0.696340
vt 0.188591 0.565454
vt 0.175256 0.542567
vt 0.188591 0.542567
vt 0.188591 0.696340
vt 0.188591 0.722656
vt 0.860846 0.955809
vt 0.860846 0.955809
vt 0.869295 0.955809
vt 0.188591 0.877636
vt 0.188591 0.850633
vt 0.719533 0.254861
vt 0.719533 0.254861
vt 0.188591 0.971733
vt 0.175256 0.971733
vt 0.188591 0.955809
vt 0.188591 0.100110
vt 0.175256 0.100110
vt 0.175256 0.085537
vt 0.188591 0.085537
vt 0.557118 0.722656
vt 0.568193 0.722656
vt 0.568193 0.722656
vt 0.557118 0.722656
vt 0.164461 0.722656
vt 0.160016 0.722656
vt 0.729434 0.955809
vt 0.729434 0.955809
vt 0.748648 0.955809
vt 0.719533 0.386711
vt 0.719533 0.386711
vt 0.568193 0.850633
vt 0.557118 0.850633
vt 0.557118 0.850633
vt 0.568193 0.850633
vt 0.195893 0.100110
vt 0.195893 0.085537
vt 0.195893 0.971733
vt 0.195893 0.955809
vt 0.160016 0.850633
vt 0.164461 0.850633
vt 0.195893 0.877636
vt 0.195893 0.850633
vt 0.623261 0.955809
vt 0.623261 0.955809
vt 0.628001 0.955809
vt 0.195893 0.722656
vt 0.195893 0.696340
vt 0.719533 0.410306
vt 0.721749 0.410306
vt 0.721749 0.410306
vt 0.719533 0.410306
vt 0.195893 0.565454
vt 0.195893 0.542567
vt 0.266059 0.410305
vt 0.195893 0.410305
vt 0.195893 0.386711
vt 0.557118 0.877636
vt 0.568193 0.877636
vt 0.568193 0.877636
vt 0.557118 0.877636
vt 0.195893 0.254861
vt 0.195893 0.229878
vt 0.843297 0.100110
vt 0.843297 0.100110
vt 0.222562 0.160188
vt 0.219070 0.160188
vt 0.219070 0.100110
vt 0.222562 0.100110
vt 0.222562 0.254861
vt 0.219070 0.254861
vt 0.219070 0.229878
vt 0.222562 0.229878
vt 0.503798 0.955809
vt 0.503798 0.955809
vt 0.507353 0.955809
vt 0.222562 0.410305
vt 0.219070 0.410305
vt 0.219070 0.386711
vt 0.222562 0.386711
vt 0.721749 0.542567
vt 0.719533 0.542567
vt 0.719533 0.542567
vt 0.721749 0.542567
vt 0.222562 0.565454
vt 0.219070 0.565454
vt 0.219070 0.542567
vt 0.222562 0.542567
vt 0.266059 0.542567
vt 0.222562 0.722656
vt 0.219070 0.722656
vt 0.219070 0.696340
vt 0.222562 0.696340
vt 0.832898 0.160188
vt 0.832898 0.168599
vt 0.832898 0.168599
vt 0.832898 0.160188
vt 0.222562 0.877636
vt 0.219070 0.877636
vt 0.219070 0.850633
vt 0.222562 0.850633
vt 0.568193 0.955809
vt 0.557118 0.955809
vt 0.557118 0.955809
vt 0.568193 0.955809
vt 0.222562 0.971733
vt 0.219070 0.971733
vt 0.219070 0.955809
vt 0.222562 0.955809
vt 0.219070 0.085537
vt 0.222562 0.085537
vt 0.360650 0.100110
vt 0.372050 0.100110
vt 0.372050 0.100110
vt 0.360650 0.100110
vt 0.205550 0.254861
vt 0.205550 0.229878
vt 0.205550 0.386711
vt 0.205550 0.410305
vt 0.386706 0.955809
vt 0.205550 0.565454
vt 0.205550 0.542567
vt 0.719533 0.565454
vt 0.721749 0.565454
vt 0.721749 0.565454
vt 0.719533 0.565454
vt 0.205550 0.722656
vt 0.205550 0.696340
vt 0.205550 0.850633
vt 0.205550 0.877636
vt 0.266059 0.565453
vt 0.205550 0.971733
vt 0.205550 0.955809
vt 0.205550 0.100110
vt 0.205550 0.085537
vt 0.207481 0.100110
vt 0.207481 0.085537
vt 0.207482 0.971733
vt 0.207482 0.955809
vt 0.372050 0.229878
vt 0.360650 0.229878
vt 0.360650 0.229878
vt 0.372050 0.229878
vt 0.207482 0.877636
vt 0.207481 0.850633
vt 0.262050 0.955809
vt 0.262050 0.955809
vt 0.266059 0.955809
vt 0.207482 0.722656
vt 0.207482 0.696340
vt 0.721749 0.696340
vt 0.719533 0.696340
vt 0.719533 0.696340
vt 0.721749 0.696340
vt 0.207481 0.565454
vt 0.207481 0.542567
vt 0.266059 0.696340
vt 0.207481 0.410305
vt 0.207481 0.386711
vt 0.832898 0.254861
vt 0.843297 0.254861
vt 0.843297 0.254861
vt 0.832898 0.254861
vt 0.207481 0.254861
vt 0.207481 0.229878
vt 0.360650 0.254861
vt 0.372050 0.254861
vt 0.372050 0.254861
vt 0.360650 0.254861
vt 0.140228 0.955809
vt 0.145412 0.955809
vt 0.777827 0.168599
vt 0.777827 0.160188
vt 0.777827 0.160188
vt 0.777827 0.168599
vt 0.843297 0.386711
vt 0.832898 0.386711
vt 0.832898 0.386711
vt 0.843297 0.386711
vt 0.372050 0.386711
vt 0.360650 0.386711
vt 0.360650 0.386711
vt 0.372050 0.386711
vt 0.832898 0.410305
vt 0.843297 0.410305
vt 0.843297 0.410305
vt 0.832898 0.410305
vt 0.229918 0.100110
vt 0.229918 0.085537
vt 0.229918 0.971733
vt 0.229918 0.955809
vt 0.229918 0.877636
vt 0.229918 0.850633
vt 0.229918 0.722656
vt 0.229918 0.696340
vt 0.160016 0.955809
vt 0.160016 0.877636
vt 0.229918 0.565454
vt 0.229918 0.542567
vt 0.843297 0.542567
vt 0.832898 0.542567
vt 0.832898 0.542567
vt 0.843297 0.542567
vt 0.229918 0.410305
vt 0.229918 0.386711
vt 0.229918 0.254861
vt 0.229918 0.229878
vt 0.229918 0.160188
vt 0.360650 0.565453
vt 0.372050 0.565453
vt 0.372050 0.565453
vt 0.360650 0.565453
vt 0.232534 0.254861
vt 0.232534 0.229878
vt 0.768015 0.160188
vt 0.768015 0.168599
vt 0.768015 0.168599
vt 0.768015 0.160188
vt 0.232534 0.410305
vt 0.232534 0.386711
vt 0.232534 0.542567
vt 0.232534 0.565454
vt 0.372050 0.696340
vt 0.360650 0.696340
vt 0.360650 0.696340
vt 0.372050 0.696340
vt 0.232534 0.722656
vt 0.232534 0.696340
vt 0.832898 0.722656
vt 0.843297 0.722656
vt 0.843297 0.722656
vt 0.832898 0.722656
vt 0.232534 0.877636
vt 0.232534 0.850633
vt 0.232534 0.955809
vt 0.232534 0.971733
vt 0.232534 0.100110
vt 0.232534 0.085537
vt 0.243269 0.100110
vt 0.240380 0.100110
vt 0.240380 0.085537
vt 0.243269 0.085537
vt 0.243269 0.971733
vt 0.240380 0.971733
vt 0.240380 0.955809
vt 0.243269 0.955809
vt 0.360650 0.722656
vt 0.372050 0.722656
vt 0.372050 0.722656
vt 0.360650 0.722656
vt 0.243269 0.877636
vt 0.240380 0.877636
vt 0.240380 0.850633
vt 0.243269 0.850633
vt 0.712529 0.168599
vt 0.712529 0.160188
vt 0.712529 0.160188
vt 0.712529 0.168599
vt 0.243269 0.722656
vt 0.240380 0.722656
vt 0.240380 0.696340
vt 0.243269 0.696340
vt 0.580347 0.696340
vt 0.580347 0.565454
vt 0.580347 0.565454
vt 0.580347 0.696340
vt 0.243269 0.565454
vt 0.240380 0.565454
vt 0.240380 0.542567
vt 0.243269 0.542567
vt 0.843297 0.850633
vt 0.832898 0.850633
vt 0.832898 0.850633
vt 0.843297 0.850633
vt 0.243269 0.410305
vt 0.240380 0.410305
vt 0.240380 0.386711
vt 0.243269 0.386711
vt 0.372050 0.850633
vt 0.360650 0.850633
vt 0.360650 0.850633
vt 0.372050 0.850633
vt 0.243269 0.254861
vt 0.240380 0.254861
vt 0.240380 0.229878
vt 0.243269 0.229878
vt 0.832898 0.877636
vt 0.832898 0.877636
vt 0.360650 0.877636
vt 0.372050 0.877636
vt 0.372050 0.877636
vt 0.360650 0.877636
vt 0.254031 0.254861
vt 0.254031 0.229878
vt 0.262050 0.254861
vt 0.262050 0.386711
vt 0.262050 0.386711
vt 0.262050 0.254861
vt 0.254031 0.410305
vt 0.254031 0.386711
vt 0.832898 0.955809
vt 0.832898 0.955809
vt 0.254031 0.565454
vt 0.254031 0.542567
vt 0.254031 0.696340
vt 0.254031 0.722656
vt 0.372050 0.955809
vt 0.360650 0.955809
vt 0.360650 0.955809
vt 0.372050 0.955809
vt 0.254031 0.877636
vt 0.254031 0.850633
vt 0.689286 0.410306
vt 0.689286 0.542567
vt 0.689286 0.542567
vt 0.689286 0.410306
vt 0.254031 0.971733
vt 0.254031 0.955809
vt 0.254031 0.100110
vt 0.254031 0.085537
vt 0.260045 0.100110
vt 0.260045 0.085537
vt 0.260045 0.971733
vt 0.260045 0.955809
vt 0.701703 0.160188
vt 0.701703 0.168599
vt 0.701703 0.168599
vt 0.701703 0.160188
vt 0.260045 0.877636
vt 0.260045 0.850633
vt 0.570408 0.100110
vt 0.580347 0.100110
vt 0.580347 0.100110
vt 0.570408 0.100110
vt 0.260045 0.722656
vt 0.260045 0.696340
vt 0.851097 0.955809
vt 0.851097 0.877636
vt 0.851097 0.877636
vt 0.851097 0.955809
vt 0.260045 0.565454
vt 0.260045 0.542567
vt 0.580347 0.229878
vt 0.570408 0.229878
vt 0.570408 0.229878
vt 0.580347 0.229878
vt 0.260045 0.410305
vt 0.260045 0.386711
vt 0.570408 0.254861
vt 0.580347 0.254861
vt 0.580347 0.254861
vt 0.570408 0.254861
vt 0.260045 0.254861
vt 0.260045 0.229878
vt 0.153276 0.254861
vt 0.851097 0.722656
vt 0.851097 0.850633
vt 0.851097 0.850633
vt 0.851097 0.722656
vt 0.262050 0.229878
vt 0.393374 0.850633
vt 0.393374 0.722656
vt 0.262050 0.410305
vt 0.580347 0.386711
vt 0.570408 0.386711
vt 0.570408 0.386711
vt 0.580347 0.386711
vt 0.262050 0.565454
vt 0.262050 0.542567
vt 0.153276 0.386711
vt 0.262050 0.722656
vt 0.262050 0.696340
vt 0.262050 0.850633
vt 0.570408 0.410305
vt 0.580347 0.410305
vt 0.580347 0.410305
vt 0.570408 0.410305
vt 0.262049 0.971732
vt 0.262050 0.100110
vt 0.262050 0.085537
vt 0.153276 0.410305
vt 0.580347 0.542567
vt 0.570408 0.542567
vt 0.570408 0.542567
vt 0.580347 0.542567
vt 0.153276 0.542567
vt 0.667317 0.100110
vt 0.667317 0.100110
vt 0.262050 0.100110
vt 0.260045 0.100110
vt 0.153276 0.565454
vt 0.667317 0.229878
vt 0.667317 0.229878
vt 0.260045 0.229878
vt 0.262050 0.229878
vt 0.153276 0.696340
vt 0.667317 0.254861
vt 0.667317 0.254861
vt 0.285388 0.971732
vt 0.285388 0.085537
vt 0.295203 0.100110
vt 0.295203 0.085537
vt 0.295203 0.971732
vt 0.295203 0.955809
vt 0.295203 0.877636
vt 0.295203 0.850633
vt 0.260045 0.254861
vt 0.295203 0.722656
vt 0.295203 0.696340
vt 0.570408 0.722656
vt 0.580347 0.722656
vt 0.580347 0.722656
vt 0.570408 0.722656
vt 0.295203 0.565453
vt 0.295203 0.542567
vt 0.153276 0.722656
vt 0.295203 0.410305
vt 0.295203 0.386711
vt 0.851097 0.254861
vt 0.851097 0.386711
vt 0.851097 0.386711
vt 0.851097 0.254861
vt 0.295203 0.254861
vt 0.295203 0.229878
vt 0.295203 0.160188
vt 0.285388 0.160188
vt 0.393374 0.386711
vt 0.393374 0.254861
vt 0.306323 0.254861
vt 0.306323 0.229878
vt 0.667317 0.386711
vt 0.667317 0.386711
vt 0.306323 0.410305
vt 0.306323 0.386711
vt 0.306323 0.542567
vt 0.306323 0.565453
vt 0.260045 0.386711
vt 0.306323 0.722656
vt 0.306323 0.696340
vt 0.580347 0.850633
vt 0.570408 0.850633
vt 0.570408 0.850633
vt 0.580347 0.850633
vt 0.306323 0.877636
vt 0.306323 0.850633
vt 0.153276 0.850633
vt 0.306323 0.971732
vt 0.306323 0.955809
vt 0.306323 0.100110
vt 0.306323 0.085537
vt 0.667317 0.410306
vt 0.667317 0.410306
vt 0.262050 0.410305
vt 0.260045 0.410305
vt 0.570408 0.877636
vt 0.580347 0.877636
vt 0.580347 0.877636
vt 0.570408 0.877636
vt 0.153276 0.877636
vt 0.667317 0.542567
vt 0.667317 0.542567
vt 0.308538 0.100110
vt 0.308538 0.085537
vt 0.308538 0.971732
vt 0.308538 0.955809
vt 0.260045 0.542567
vt 0.262050 0.542567
vt 0.308538 0.877636
vt 0.308538 0.850633
vt 0.580347 0.955809
vt 0.570408 0.955809
vt 0.570408 0.955809
vt 0.580347 0.955809
vt 0.308538 0.722656
vt 0.308538 0.696340
vt 0.153276 0.955809
vt 0.308538 0.565453
vt 0.308538 0.542567
vt 0.851097 0.100110
vt 0.851097 0.100110
vt 0.308538 0.410305
vt 0.308538 0.386711
vt 0.393374 0.100110
vt 0.386706 0.100110
vt 0.308538 0.254861
vt 0.308538 0.229878
vt 0.667317 0.565454
vt 0.667317 0.565454
vt 0.262050 0.565454
vt 0.260045 0.565454
vt 0.318389 0.254861
vt 0.318389 0.229878
vt 0.851097 0.229878
vt 0.843297 0.229878
vt 0.843297 0.229878
vt 0.851097 0.229878
vt 0.318389 0.410305
vt 0.318389 0.386711
vt 0.386706 0.229878
vt 0.393374 0.229878
vt 0.318389 0.565453
vt 0.318389 0.542567
vt 0.318389 0.696340
vt 0.318389 0.722656
vt 0.667317 0.696340
vt 0.667317 0.696340
vt 0.318389 0.877636
vt 0.318389 0.850633
vt 0.260045 0.696340
vt 0.262050 0.696340
vt 0.318389 0.971732
vt 0.318389 0.955809
vt 0.318389 0.100110
vt 0.318389 0.085537
vt 0.336183 0.100110
vt 0.328239 0.100110
vt 0.328239 0.085537
vt 0.336183 0.085537
vt 0.336183 0.971732
vt 0.328239 0.971732
vt 0.328239 0.955809
vt 0.336183 0.955809
vt 0.336183 0.877636
vt 0.328239 0.877636
vt 0.328239 0.850633
vt 0.336183 0.850633
vt 0.328239 0.722656
vt 0.336183 0.722656
vt 0.328239 0.696340
vt 0.336183 0.696340
vt 0.386706 0.254861
vt 0.336183 0.565453
vt 0.328239 0.565453
vt 0.328239 0.542567
vt 0.336183 0.542567
vt 0.667317 0.722656
vt 0.667317 0.722656
vt 0.336183 0.410305
vt 0.328239 0.410305
vt 0.328239 0.386711
vt 0.336183 0.386711
vt 0.328239 0.254861
vt 0.336183 0.254861
vt 0.328239 0.229878
vt 0.336183 0.229878
vt 0.357155 0.160188
vt 0.349847 0.160188
vt 0.349847 0.100110
vt 0.357155 0.100110
vt 0.357155 0.254861
vt 0.349847 0.254861
vt 0.349847 0.229878
vt 0.357155 0.229878
vt 0.386706 0.386711
vt 0.357155 0.410305
vt 0.349847 0.410305
vt 0.349847 0.386711
vt 0.357155 0.386711
vt 0.667317 0.850633
vt 0.667317 0.850633
vt 0.357155 0.565453
vt 0.349847 0.565453
vt 0.349847 0.542567
vt 0.357155 0.542567
vt 0.851097 0.410305
vt 0.851097 0.410305
vt 0.357155 0.722656
vt 0.349847 0.722656
vt 0.349847 0.696340
vt 0.357155 0.696340
vt 0.393374 0.410305
vt 0.386706 0.410305
vt 0.357155 0.877636
vt 0.349847 0.877636
vt 0.349847 0.850633
vt 0.357155 0.850633
vt 0.357155 0.955809
vt 0.349847 0.955809
vt 0.357155 0.971732
vt 0.349847 0.971732
vt 0.349847 0.085537
vt 0.357155 0.085537
vt 0.360650 0.085537
vt 0.372050 0.085537
vt 0.372050 0.971732
vt 0.360650 0.971732
vt 0.667317 0.877636
vt 0.667317 0.877636
vt 0.260045 0.877636
vt 0.851097 0.542567
vt 0.851097 0.542567
vt 0.360650 0.542567
vt 0.360650 0.410305
vt 0.386706 0.542567
vt 0.393374 0.542567
vt 0.667317 0.955809
vt 0.667317 0.955809
vt 0.260045 0.955809
vt 0.851097 0.565454
vt 0.851097 0.565454
vt 0.393374 0.565453
vt 0.386706 0.565453
vt 0.588362 0.722656
vt 0.588362 0.850633
vt 0.588362 0.850633
vt 0.588362 0.722656
vt 0.129284 0.850633
vt 0.129284 0.722656
vt 0.851097 0.696340
vt 0.851097 0.696340
vt 0.386706 0.696340
vt 0.393374 0.696340
vt 0.386706 0.722656
vt 0.383775 0.565453
vt 0.373678 0.565453
vt 0.383775 0.696340
vt 0.373678 0.696340
vt 0.701703 0.100110
vt 0.701703 0.100110
vt 0.383775 0.971732
vt 0.373678 0.971732
vt 0.373678 0.085537
vt 0.383775 0.085537
vt 0.386706 0.850633
vt 0.347244 0.254861
vt 0.347244 0.229878
vt 0.393374 0.877636
vt 0.347244 0.410305
vt 0.347244 0.386711
vt 0.393374 0.955809
vt 0.347244 0.565453
vt 0.347244 0.542567
vt 0.260045 0.850633
vt 0.260045 0.722656
vt 0.347244 0.722656
vt 0.347244 0.696340
vt 0.701703 0.565454
vt 0.701703 0.696340
vt 0.701703 0.696340
vt 0.701703 0.565454
vt 0.347244 0.877636
vt 0.347244 0.850633
vt 0.459229 0.877636
vt 0.468094 0.877636
vt 0.468094 0.877636
vt 0.459229 0.877636
vt 0.347244 0.971732
vt 0.347244 0.955809
vt 0.347244 0.100110
vt 0.347244 0.085537
vt 0.588362 0.100110
vt 0.588362 0.100110
vt 0.129284 0.100110
vt 0.122187 0.100110
vt 0.468094 0.955809
vt 0.459229 0.955809
vt 0.459229 0.955809
vt 0.468094 0.955809
vt 0.588362 0.229878
vt 0.588362 0.229878
vt 0.122187 0.229878
vt 0.129284 0.229878
vt 0.588362 0.254861
vt 0.588362 0.254861
vt 0.129284 0.254861
vt 0.122187 0.254861
vt 0.588362 0.386711
vt 0.588362 0.386711
vt 0.122187 0.386711
vt 0.129284 0.386711
vt 0.588362 0.410305
vt 0.588362 0.410305
vt 0.360650 0.160188
vt 0.129284 0.410305
vt 0.122187 0.410305
vt 0.402239 0.254861
vt 0.402239 0.229878
vt 0.402239 0.386711
vt 0.402239 0.410305
vt 0.402239 0.565453
vt 0.402239 0.542567
vt 0.122187 0.542567
vt 0.129284 0.542567
vt 0.402239 0.722656
vt 0.402239 0.696340
vt 0.402239 0.850633
vt 0.402239 0.877636
vt 0.402239 0.971732
vt 0.402239 0.955809
vt 0.402239 0.100110
vt 0.402239 0.085537
vt 0.254031 0.100110
vt 0.491840 0.955809
vt 0.491840 0.877636
vt 0.491840 0.877636
vt 0.491840 0.955809
vt 0.129284 0.565454
vt 0.122187 0.565454
vt 0.820786 0.410305
vt 0.820786 0.542567
vt 0.820786 0.542567
vt 0.820786 0.410305
vt 0.701703 0.229878
vt 0.701703 0.229878
vt 0.254031 0.229878
vt 0.122187 0.696340
vt 0.129284 0.696340
vt 0.701703 0.254861
vt 0.701703 0.254861
vt 0.254031 0.254861
vt 0.419336 0.100110
vt 0.409204 0.100110
vt 0.409204 0.085537
vt 0.419336 0.085537
vt 0.419336 0.971732
vt 0.409204 0.971732
vt 0.409204 0.955809
vt 0.419336 0.955809
vt 0.409204 0.877636
vt 0.419336 0.877636
vt 0.409204 0.850633
vt 0.419336 0.850633
vt 0.122187 0.722656
vt 0.419336 0.722656
vt 0.409204 0.722656
vt 0.409204 0.696340
vt 0.419336 0.696340
vt 0.357155 0.877636
vt 0.357155 0.955809
vt 0.419336 0.565453
vt 0.409204 0.565453
vt 0.409204 0.542567
vt 0.419336 0.542567
vt 0.701703 0.386711
vt 0.701703 0.386711
vt 0.419336 0.410305
vt 0.409204 0.410305
vt 0.409204 0.386711
vt 0.419336 0.386711
vt 0.254031 0.386711
vt 0.419336 0.254861
vt 0.409204 0.254861
vt 0.409204 0.229878
vt 0.419336 0.229878
vt 0.122187 0.850633
vt 0.699743 0.410306
vt 0.701703 0.410306
vt 0.701703 0.410306
vt 0.699743 0.410306
vt 0.254031 0.410305
vt 0.129284 0.877636
vt 0.122187 0.877636
vt 0.701703 0.542567
vt 0.699743 0.542567
vt 0.699743 0.542567
vt 0.701703 0.542567
vt 0.254031 0.542567
vt 0.437066 0.254861
vt 0.427568 0.254861
vt 0.427568 0.229878
vt 0.437066 0.229878
vt 0.437066 0.410305
vt 0.427568 0.410305
vt 0.427568 0.386711
vt 0.437066 0.386711
vt 0.437066 0.542567
vt 0.427568 0.542567
vt 0.437066 0.565453
vt 0.427568 0.565453
vt 0.122187 0.955809
vt 0.129284 0.955809
vt 0.437066 0.722656
vt 0.427568 0.722656
vt 0.427568 0.696340
vt 0.437066 0.696340
vt 0.796562 0.100110
vt 0.820786 0.100110
vt 0.820786 0.100110
vt 0.796562 0.100110
vt 0.437066 0.877636
vt 0.427568 0.877636
vt 0.427567 0.850633
vt 0.437066 0.850633
vt 0.437066 0.971732
vt 0.427567 0.971732
vt 0.427567 0.955809
vt 0.437066 0.955809
vt 0.437066 0.100110
vt 0.427568 0.100110
vt 0.427568 0.085537
vt 0.437066 0.085537
vt 0.254031 0.565454
vt 0.491840 0.410305
vt 0.491840 0.542567
vt 0.491840 0.542567
vt 0.491840 0.410305
vt 0.820786 0.229878
vt 0.796563 0.229878
vt 0.796563 0.229878
vt 0.820786 0.229878
vt 0.254031 0.696340
vt 0.796563 0.254861
vt 0.820786 0.254861
vt 0.820786 0.254861
vt 0.796563 0.254861
vt 0.450240 0.100110
vt 0.439599 0.100110
vt 0.439599 0.085537
vt 0.450240 0.085537
vt 0.450240 0.971732
vt 0.439599 0.971732
vt 0.439599 0.955809
vt 0.450240 0.955809
vt 0.357155 0.254861
vt 0.349847 0.254861
vt 0.450240 0.877636
vt 0.439599 0.877636
vt 0.439599 0.850633
vt 0.450240 0.850633
vt 0.701703 0.722656
vt 0.701703 0.722656
vt 0.450240 0.722656
vt 0.439599 0.722656
vt 0.439599 0.696340
vt 0.450240 0.696340
vt 0.439599 0.565453
vt 0.450240 0.565453
vt 0.439599 0.542567
vt 0.450240 0.542567
vt 0.254031 0.722656
vt 0.450240 0.410305
vt 0.439599 0.410305
vt 0.439599 0.386711
vt 0.450240 0.386711
vt 0.820786 0.386711
vt 0.796563 0.386711
vt 0.796563 0.386711
vt 0.820786 0.386711
vt 0.450240 0.254861
vt 0.439599 0.254861
vt 0.439599 0.229878
vt 0.450240 0.229878
vt 0.349847 0.386711
vt 0.357155 0.386711
vt 0.701703 0.850633
vt 0.701703 0.850633
vt 0.254031 0.850633
vt 0.796563 0.410306
vt 0.796563 0.410306
vt 0.357155 0.410305
vt 0.349847 0.410305
vt 0.701703 0.877637
vt 0.701703 0.877637
vt 0.254031 0.877636
vt 0.594774 0.877636
vt 0.594774 0.955809
vt 0.594774 0.955809
vt 0.594774 0.877636
vt 0.468094 0.254861
vt 0.459229 0.254861
vt 0.459229 0.229878
vt 0.468094 0.229878
vt 0.468094 0.386711
vt 0.459229 0.386711
vt 0.468094 0.410305
vt 0.459229 0.410305
vt 0.796563 0.542567
vt 0.796563 0.542567
vt 0.468094 0.565453
vt 0.459229 0.565453
vt 0.459229 0.542567
vt 0.468094 0.542567
vt 0.349847 0.542567
vt 0.357155 0.542567
vt 0.468094 0.722656
vt 0.459229 0.722656
vt 0.459229 0.696340
vt 0.468094 0.696340
vt 0.468094 0.850633
vt 0.459229 0.850633
vt 0.701703 0.955809
vt 0.701703 0.955809
vt 0.468094 0.971732
vt 0.459229 0.971732
vt 0.468094 0.100110
vt 0.459229 0.100110
vt 0.459229 0.085537
vt 0.468094 0.085537
vt 0.254031 0.955809
vt 0.457012 0.254861
vt 0.457012 0.229878
vt 0.457012 0.386711
vt 0.457012 0.410305
vt 0.360650 0.168599
vt 0.360650 0.160188
vt 0.360650 0.168599
vt 0.457012 0.565453
vt 0.457012 0.542567
vt 0.481550 0.100110
vt 0.491840 0.100110
vt 0.491840 0.100110
vt 0.481550 0.100110
vt 0.457012 0.722656
vt 0.457012 0.696340
vt 0.457012 0.850633
vt 0.457012 0.877636
vt 0.796563 0.565454
vt 0.820786 0.565454
vt 0.820786 0.565454
vt 0.796563 0.565454
vt 0.457012 0.971732
vt 0.457012 0.955809
vt 0.457012 0.100110
vt 0.457012 0.085537
vt 0.471260 0.100110
vt 0.471260 0.085537
vt 0.481550 0.085537
vt 0.481550 0.971732
vt 0.471260 0.971732
vt 0.471260 0.955809
vt 0.481550 0.955809
vt 0.471260 0.877636
vt 0.481550 0.877636
vt 0.471260 0.850633
vt 0.481550 0.850633
vt 0.357155 0.565453
vt 0.349847 0.565453
vt 0.481550 0.722656
vt 0.471260 0.722656
vt 0.471260 0.696340
vt 0.481550 0.696340
vt 0.349847 0.168599
vt 0.349847 0.168599
vt 0.349847 0.160188
vt 0.481550 0.565453
vt 0.471260 0.565453
vt 0.471260 0.542567
vt 0.481550 0.542567
vt 0.481550 0.229878
vt 0.471260 0.229878
vt 0.471260 0.229878
vt 0.481550 0.229878
vt 0.481550 0.410305
vt 0.471260 0.410305
vt 0.471260 0.386711
vt 0.481550 0.386711
vt 0.820786 0.696340
vt 0.796563 0.696340
vt 0.796563 0.696340
vt 0.820786 0.696340
vt 0.481550 0.254861
vt 0.471260 0.254861
vt 0.349847 0.696340
vt 0.357155 0.696340
vt 0.491840 0.254861
vt 0.491840 0.254861
vt 0.481550 0.254861
vt 0.796563 0.722656
vt 0.820786 0.722656
vt 0.820786 0.722656
vt 0.796563 0.722656
vt 0.357155 0.722656
vt 0.349847 0.722656
vt 0.471260 0.386711
vt 0.481550 0.386711
vt 0.820786 0.850633
vt 0.796563 0.850633
vt 0.796563 0.850633
vt 0.820786 0.850633
vt 0.469360 0.100110
vt 0.469360 0.085537
vt 0.469360 0.971732
vt 0.469360 0.955809
vt 0.349847 0.850633
vt 0.357155 0.850633
vt 0.469360 0.877636
vt 0.469360 0.850633
vt 0.481550 0.410305
vt 0.469360 0.722656
vt 0.469360 0.696340
vt 0.796563 0.877637
vt 0.820786 0.877637
vt 0.820786 0.877637
vt 0.796563 0.877637
vt 0.469360 0.565453
vt 0.469360 0.542567
vt 0.469360 0.410305
vt 0.469360 0.386711
vt 0.471260 0.542567
vt 0.481550 0.542567
vt 0.469360 0.254861
vt 0.469360 0.229878
vt 0.820786 0.955809
vt 0.796563 0.955809
vt 0.796563 0.955809
vt 0.820786 0.955809
vt 0.295203 0.168599
vt 0.295203 0.160188
vt 0.295203 0.168599
vt 0.503798 0.254861
vt 0.491840 0.229878
vt 0.503798 0.229878
vt 0.491840 0.565453
vt 0.491840 0.565453
vt 0.481550 0.565453
vt 0.503798 0.410305
vt 0.491840 0.386711
vt 0.503798 0.386711
vt 0.503798 0.542567
vt 0.503798 0.565453
vt 0.285388 0.168599
vt 0.285388 0.168599
vt 0.285388 0.160188
vt 0.503798 0.722656
vt 0.491840 0.722656
vt 0.491840 0.696340
vt 0.503798 0.696340
vt 0.471260 0.696340
vt 0.481550 0.696340
vt 0.491840 0.850633
vt 0.503798 0.850633
vt 0.491840 0.722656
vt 0.481550 0.722656
vt 0.503798 0.971732
vt 0.491840 0.971732
vt 0.503798 0.100110
vt 0.491840 0.085537
vt 0.503798 0.085537
vt 0.471260 0.850633
vt 0.481550 0.850633
vt 0.590607 0.100110
vt 0.594774 0.100110
vt 0.594774 0.100110
vt 0.590607 0.100110
vt 0.111689 0.100110
vt 0.594774 0.229878
vt 0.590607 0.229878
vt 0.590607 0.229878
vt 0.594774 0.229878
vt 0.524498 0.254861
vt 0.522593 0.254861
vt 0.522593 0.229878
vt 0.524498 0.229878
vt 0.111689 0.229878
vt 0.524498 0.410305
vt 0.522593 0.410305
vt 0.522593 0.386711
vt 0.524498 0.386711
vt 0.111689 0.254861
vt 0.524498 0.565453
vt 0.522593 0.565453
vt 0.522593 0.542567
vt 0.524498 0.542567
vt 0.524498 0.722656
vt 0.522593 0.722656
vt 0.522593 0.696340
vt 0.524498 0.696340
vt 0.524498 0.850633
vt 0.522593 0.850633
vt 0.524498 0.877636
vt 0.522593 0.877636
vt 0.111689 0.386711
vt 0.524498 0.971732
vt 0.522593 0.971732
vt 0.522593 0.955809
vt 0.524498 0.955809
vt 0.524498 0.100110
vt 0.522593 0.100110
vt 0.522593 0.085537
vt 0.524498 0.085537
vt 0.229918 0.168599
vt 0.229918 0.160188
vt 0.229918 0.168599
vt 0.590607 0.410305
vt 0.594774 0.410305
vt 0.594774 0.410305
vt 0.590607 0.410305
vt 0.111689 0.410305
vt 0.594774 0.542567
vt 0.594774 0.542567
vt 0.111689 0.542567
vt 0.664469 0.100110
vt 0.664469 0.100110
vt 0.243269 0.100110
vt 0.469360 0.254861
vt 0.469360 0.386711
vt 0.594774 0.565454
vt 0.594774 0.565454
vt 0.664469 0.229878
vt 0.664469 0.229878
vt 0.532435 0.100110
vt 0.532435 0.085537
vt 0.532435 0.971732
vt 0.532435 0.955809
vt 0.243269 0.229878
vt 0.532435 0.877636
vt 0.532435 0.850633
vt 0.532435 0.722656
vt 0.532435 0.696340
vt 0.594774 0.696340
vt 0.594774 0.696340
vt 0.532435 0.565453
vt 0.532436 0.542567
vt 0.243269 0.254861
vt 0.532435 0.410305
vt 0.532435 0.386711
vt 0.532435 0.254861
vt 0.532435 0.229878
vt 0.111689 0.722656
vt 0.347244 0.955809
vt 0.347244 0.877636
vt 0.534967 0.254861
vt 0.534967 0.229878
vt 0.534967 0.386711
vt 0.534967 0.410305
vt 0.243269 0.386711
vt 0.534967 0.565453
vt 0.534967 0.542567
vt 0.219070 0.168599
vt 0.219070 0.168599
vt 0.219070 0.160188
vt 0.534967 0.722656
vt 0.534967 0.696340
vt 0.111689 0.850633
vt 0.534967 0.877636
vt 0.534967 0.850633
vt 0.534967 0.955809
vt 0.534967 0.971732
vt 0.534967 0.100110
vt 0.534967 0.085537
vt 0.570408 0.085537
vt 0.580347 0.085537
vt 0.580347 0.971733
vt 0.570408 0.971733
vt 0.664469 0.410306
vt 0.664469 0.410306
vt 0.243269 0.410305
vt 0.570408 0.696340
vt 0.570408 0.565454
vt 0.111689 0.877636
vt 0.664469 0.542567
vt 0.664469 0.542567
vt 0.557118 0.085537
vt 0.568193 0.085537
vt 0.568193 0.971733
vt 0.557118 0.971732
vt 0.243269 0.542567
vt 0.111689 0.955809
vt 0.557118 0.542567
vt 0.557118 0.410305
vt 0.347244 0.100110
vt 0.336183 0.100110
vt 0.543827 0.100110
vt 0.543827 0.085537
vt 0.543827 0.971732
vt 0.543827 0.955809
vt 0.543827 0.877636
vt 0.543827 0.850633
vt 0.664469 0.565454
vt 0.664469 0.565454
vt 0.543827 0.722656
vt 0.543827 0.696340
vt 0.543827 0.565454
vt 0.543827 0.542567
vt 0.336183 0.229878
vt 0.347244 0.229878
vt 0.543827 0.410305
vt 0.543827 0.386711
vt 0.664469 0.696340
vt 0.664469 0.696340
vt 0.543827 0.254861
vt 0.543827 0.229878
vt 0.164461 0.168599
vt 0.164461 0.168599
vt 0.347244 0.254861
vt 0.336183 0.254861
vt 0.664469 0.722656
vt 0.664469 0.722656
vt 0.243269 0.722656
vt 0.336183 0.386711
vt 0.347244 0.386711
vt 0.664469 0.850633
vt 0.664469 0.850633
vt 0.243269 0.850633
vt 0.598928 0.254861
vt 0.594774 0.254861
vt 0.598928 0.229878
vt 0.598928 0.386711
vt 0.594774 0.386711
vt 0.598928 0.410305
vt 0.347244 0.410305
vt 0.336183 0.410305
vt 0.598928 0.565454
vt 0.598928 0.542567
vt 0.243269 0.877636
vt 0.598928 0.722656
vt 0.594774 0.722656
vt 0.598928 0.696340
vt 0.598928 0.850633
vt 0.594774 0.850633
vt 0.598928 0.877636
vt 0.598928 0.955809
vt 0.598928 0.971732
vt 0.594774 0.971733
vt 0.598928 0.100110
vt 0.594774 0.085537
vt 0.598928 0.085537
vt 0.543827 0.877636
vt 0.543827 0.955809
vt 0.590607 0.254861
vt 0.109462 0.877636
vt 0.109462 0.955809
vt 0.590607 0.386711
vt 0.336183 0.542567
vt 0.347244 0.542567
vt 0.590607 0.722656
vt 0.590607 0.850633
vt 0.243269 0.955809
vt 0.590607 0.971733
vt 0.588362 0.971733
vt 0.588362 0.085537
vt 0.590607 0.085537
vt 0.469360 0.100110
vt 0.468094 0.100110
vt 0.347244 0.565453
vt 0.336183 0.565453
vt 0.468094 0.229878
vt 0.469360 0.229878
vt 0.336183 0.696340
vt 0.347244 0.696340
vt 0.347244 0.722656
vt 0.336183 0.722656
vt 0.087899 0.168599
vt 0.087899 0.168599
vt 0.087899 0.160188
vt 0.336183 0.850633
vt 0.347244 0.850633
vt 0.033546 0.168599
vt 0.033546 0.160188
vt 0.033546 0.168599
vt 0.469360 0.410305
vt 0.468094 0.410305
vt 0.336183 0.877636
vt 0.719533 0.877637
vt 0.719533 0.955809
vt 0.719533 0.955809
vt 0.719533 0.877637
vt 0.468094 0.542567
vt 0.469360 0.542567
vt 0.605331 0.100110
vt 0.605331 0.085537
vt 0.605331 0.971732
vt 0.605331 0.955809
vt 0.605331 0.877636
vt 0.605331 0.850633
vt 0.336183 0.955809
vt 0.605331 0.722656
vt 0.605331 0.696340
vt 0.469360 0.565453
vt 0.468094 0.565453
vt 0.605331 0.565454
vt 0.605331 0.542567
vt 0.719533 0.722656
vt 0.719533 0.850633
vt 0.719533 0.850633
vt 0.719533 0.722656
vt 0.605331 0.410305
vt 0.605331 0.386711
vt 0.468094 0.696340
vt 0.469360 0.696340
vt 0.605331 0.254861
vt 0.605331 0.229878
vt 0.469360 0.722656
vt 0.468094 0.722656
vt 0.832898 0.100110
vt 0.832898 0.100110
vt 0.646569 0.254861
vt 0.636573 0.254861
vt 0.636573 0.229878
vt 0.646569 0.229878
vt 0.243269 0.696340
vt 0.243269 0.565454
vt 0.646569 0.410306
vt 0.636573 0.410306
vt 0.636573 0.386711
vt 0.646569 0.386711
vt 0.468094 0.850633
vt 0.469360 0.850633
vt 0.646569 0.565454
vt 0.636573 0.565454
vt 0.636573 0.542567
vt 0.646569 0.542567
vt 0.646569 0.696340
vt 0.636573 0.696340
vt 0.646569 0.722656
vt 0.636573 0.722656
vt 0.140228 0.722656
vt 0.140228 0.850633
vt 0.646569 0.877636
vt 0.636573 0.877636
vt 0.636573 0.850633
vt 0.646569 0.850633
vt 0.469360 0.877636
vt 0.646569 0.971732
vt 0.636573 0.971732
vt 0.636573 0.955809
vt 0.646569 0.955809
vt 0.646569 0.100110
vt 0.636573 0.100110
vt 0.636573 0.085537
vt 0.646569 0.085537
vt 0.543827 0.100110
vt 0.534967 0.100110
vt 0.623261 0.254861
vt 0.623261 0.229878
vt 0.109462 0.100110
vt 0.098327 0.100110
vt 0.623261 0.410306
vt 0.623261 0.386711
vt 0.623260 0.542567
vt 0.623261 0.565454
vt 0.469360 0.955809
vt 0.623261 0.722656
vt 0.623261 0.696340
vt 0.534967 0.229878
vt 0.543827 0.229878
vt 0.623261 0.850633
vt 0.098327 0.229878
vt 0.109462 0.229878
vt 0.623261 0.971733
vt 0.623261 0.100110
vt 0.623261 0.085537
vt 0.657162 0.100110
vt 0.653986 0.100110
vt 0.653986 0.085537
vt 0.657162 0.085537
vt 0.657162 0.971732
vt 0.653986 0.971732
vt 0.653986 0.955809
vt 0.657162 0.955809
vt 0.543827 0.254861
vt 0.534967 0.254861
vt 0.657162 0.877636
vt 0.653986 0.877636
vt 0.653986 0.850633
vt 0.657162 0.850633
vt 0.653986 0.722656
vt 0.657162 0.722656
vt 0.653986 0.696340
vt 0.657162 0.696340
vt 0.109462 0.254861
vt 0.098327 0.254860
vt 0.657162 0.565454
vt 0.653986 0.565454
vt 0.653986 0.542567
vt 0.657162 0.542567
vt 0.657162 0.410306
vt 0.653986 0.410306
vt 0.653986 0.386711
vt 0.657162 0.386711
vt 0.653986 0.254861
vt 0.657162 0.254861
vt 0.653986 0.229878
vt 0.657162 0.229878
vt 0.534967 0.386711
vt 0.543827 0.386711
vt 0.098327 0.386711
vt 0.109462 0.386711
vt 0.543827 0.410305
vt 0.534967 0.410305
vt 0.109462 0.410305
vt 0.098327 0.410305
vt 0.832898 0.565454
vt 0.832898 0.696340
vt 0.832898 0.696340
vt 0.832898 0.565454
vt 0.534967 0.542567
vt 0.543827 0.542567
vt 0.098327 0.542567
vt 0.109462 0.542567
vt 0.712529 0.100110
vt 0.712529 0.100110
vt 0.664469 0.254861
vt 0.664469 0.386711
vt 0.240380 0.100110
vt 0.543827 0.565454
vt 0.534967 0.565453
vt 0.664469 0.877636
vt 0.664468 0.955809
vt 0.664469 0.971732
vt 0.664469 0.085537
vt 0.129284 0.168599
vt 0.140228 0.168599
vt 0.140228 0.168599
vt 0.129284 0.168599
vt 0.109462 0.565454
vt 0.098327 0.565454
vt 0.712529 0.229878
vt 0.712529 0.229878
vt 0.240380 0.229878
vt 0.534967 0.696340
vt 0.543827 0.696340
vt 0.140228 0.160188
vt 0.129284 0.160188
vt 0.129284 0.160188
vt 0.140228 0.160188
vt 0.098327 0.696340
vt 0.109462 0.696340
vt 0.712529 0.254861
vt 0.712529 0.254861
vt 0.240380 0.254861
vt 0.543827 0.722656
vt 0.534967 0.722656
vt 0.140228 0.100110
vt 0.109462 0.722656
vt 0.098327 0.722656
vt 0.667317 0.085537
vt 0.667317 0.971732
vt 0.712529 0.386711
vt 0.712529 0.386711
vt 0.240380 0.386711
vt 0.534967 0.850633
vt 0.543827 0.850633
vt 0.140228 0.229878
vt 0.098327 0.850633
vt 0.109462 0.850633
vt 0.712529 0.410306
vt 0.712529 0.410306
vt 0.240380 0.410305
vt 0.721749 0.722656
vt 0.721749 0.850633
vt 0.721749 0.877637
vt 0.721749 0.955809
vt 0.721749 0.971733
vt 0.719533 0.971733
vt 0.719533 0.085537
vt 0.721748 0.085537
vt 0.450240 0.565453
vt 0.450240 0.696340
vt 0.140228 0.254861
vt 0.712529 0.542567
vt 0.712529 0.542567
vt 0.240380 0.542567
vt 0.140228 0.386711
vt 0.830667 0.100110
vt 0.830667 0.100110
vt 0.689286 0.971733
vt 0.689286 0.085537
vt 0.701703 0.085537
vt 0.712529 0.085537
vt 0.712529 0.971733
vt 0.701703 0.971733
vt 0.712529 0.955809
vt 0.328239 0.100110
vt 0.712529 0.877637
vt 0.712529 0.850633
vt 0.712529 0.565454
vt 0.712529 0.565454
vt 0.712529 0.722656
vt 0.712529 0.696340
vt 0.240380 0.565454
vt 0.140228 0.410305
vt 0.699743 0.085537
vt 0.699743 0.971733
vt 0.832898 0.229878
vt 0.830667 0.229878
vt 0.830667 0.229878
vt 0.832898 0.229878
vt 0.328239 0.229878
vt 0.712529 0.696340
vt 0.240380 0.696340
vt 0.140228 0.542567
vt 0.729434 0.100110
vt 0.729434 0.085537
vt 0.729434 0.971733
vt 0.729434 0.850633
vt 0.729434 0.722656
vt 0.729434 0.696340
vt 0.830667 0.254861
vt 0.830667 0.254861
vt 0.729434 0.565454
vt 0.729434 0.542567
vt 0.712529 0.722656
vt 0.729434 0.410306
vt 0.729434 0.386711
vt 0.729434 0.254861
vt 0.729434 0.229878
vt 0.240380 0.722656
vt 0.140228 0.565454
vt 0.830667 0.386711
vt 0.830667 0.386711
vt 0.712529 0.850633
vt 0.240380 0.850633
vt 0.140228 0.696340
vt 0.830667 0.410305
vt 0.830667 0.410305
vt 0.328239 0.410305
vt 0.712529 0.877637
vt 0.240380 0.877636
vt 0.153276 0.160188
vt 0.153276 0.160188
vt 0.153276 0.100110
vt 0.830667 0.542567
vt 0.830667 0.542567
vt 0.328239 0.542567
vt 0.712529 0.955809
vt 0.240380 0.955809
vt 0.145412 0.100110
vt 0.450240 0.100110
vt 0.439599 0.100110
vt 0.830667 0.565454
vt 0.830667 0.565454
vt 0.768015 0.100110
vt 0.777827 0.100110
vt 0.777827 0.254861
vt 0.768015 0.254861
vt 0.768015 0.229878
vt 0.777827 0.229878
vt 0.328239 0.565453
vt 0.777827 0.410306
vt 0.768015 0.410306
vt 0.768015 0.386711
vt 0.777827 0.386711
vt 0.145412 0.229878
vt 0.153276 0.229878
vt 0.777827 0.565454
vt 0.768015 0.565454
vt 0.768015 0.542567
vt 0.777827 0.542567
vt 0.777827 0.696340
vt 0.768015 0.696340
vt 0.777827 0.722656
vt 0.768015 0.722656
vt 0.439599 0.229878
vt 0.450240 0.229878
vt 0.777827 0.877637
vt 0.768015 0.877637
vt 0.768015 0.850633
vt 0.777827 0.850633
vt 0.777827 0.971733
vt 0.768015 0.971733
vt 0.768015 0.955809
vt 0.777827 0.955809
vt 0.768015 0.085537
vt 0.777827 0.085537
vt 0.830667 0.696340
vt 0.830667 0.696340
vt 0.764787 0.254861
vt 0.764787 0.229878
vt 0.328239 0.696340
vt 0.764787 0.410306
vt 0.764787 0.386711
vt 0.764787 0.542567
vt 0.764787 0.565454
vt 0.145412 0.254860
vt 0.764787 0.722656
vt 0.764787 0.696340
vt 0.450240 0.254861
vt 0.439599 0.254861
vt 0.764787 0.877637
vt 0.764787 0.850633
vt 0.764787 0.971733
vt 0.764787 0.955809
vt 0.764787 0.100110
vt 0.764787 0.085537
vt 0.785106 0.100110
vt 0.785106 0.085537
vt 0.787638 0.085537
vt 0.787638 0.971733
vt 0.785106 0.971733
vt 0.785106 0.955809
vt 0.787638 0.955809
vt 0.785106 0.877637
vt 0.787638 0.877637
vt 0.785106 0.850633
vt 0.787638 0.850633
vt 0.785106 0.722656
vt 0.787638 0.722656
vt 0.785106 0.696340
vt 0.830667 0.722656
vt 0.830667 0.722656
vt 0.785106 0.565454
vt 0.785106 0.542567
vt 0.145412 0.386711
vt 0.785106 0.410306
vt 0.785106 0.386711
vt 0.787638 0.386711
vt 0.439599 0.386711
vt 0.450240 0.386711
vt 0.787638 0.254861
vt 0.785106 0.254861
vt 0.785106 0.229878
vt 0.111689 0.696340
vt 0.111689 0.565454
vt 0.781308 0.100110
vt 0.781308 0.085537
vt 0.781308 0.971733
vt 0.781308 0.955809
vt 0.781308 0.877637
vt 0.781308 0.850633
vt 0.830667 0.850633
vt 0.830667 0.850633
vt 0.781308 0.722656
vt 0.781308 0.696340
vt 0.145412 0.410305
vt 0.781308 0.565454
vt 0.781308 0.542567
vt 0.450240 0.410305
vt 0.439599 0.410305
vt 0.781308 0.410306
vt 0.781308 0.386711
vt 0.830667 0.877636
vt 0.830667 0.877636
vt 0.781308 0.254861
vt 0.781308 0.229878
vt 0.328239 0.877636
vt 0.145412 0.542567
vt 0.439599 0.542567
vt 0.450240 0.542567
vt 0.830667 0.955809
vt 0.830667 0.955809
vt 0.328239 0.955809
vt 0.145412 0.565454
vt 0.145412 0.696340
vt 0.145412 0.722656
vt 0.450240 0.722656
vt 0.439599 0.722656
vt 0.145412 0.850633
vt 0.439599 0.850633
vt 0.450240 0.850633
vt 0.532435 0.100110
vt 0.792419 0.254861
vt 0.792419 0.386711
vt 0.450240 0.877636
vt 0.439599 0.877636
vt 0.792419 0.722656
vt 0.792419 0.850633
vt 0.792419 0.971733
vt 0.792419 0.085537
vt 0.832898 0.085537
vt 0.843297 0.085537
vt 0.843297 0.971732
vt 0.832898 0.971733
vt 0.532435 0.229878
vt 0.439599 0.955809
vt 0.450240 0.955809
vt 0.796563 0.085537
vt 0.820786 0.085537
vt 0.820786 0.971733
vt 0.796562 0.971733
vt 0.532435 0.410305
vt 0.373678 0.696340
vt 0.373678 0.565453
vt 0.532436 0.542567
vt 0.657162 0.100110
vt 0.232534 0.100110
vt 0.905990 0.877636
vt 0.905990 0.955809
vt 0.905990 0.955809
vt 0.905990 0.877636
vt 0.830667 0.971733
vt 0.830667 0.085537
vt 0.532435 0.565453
vt 0.860846 0.254861
vt 0.860846 0.229878
vt 0.860846 0.386711
vt 0.860846 0.410305
vt 0.860846 0.565454
vt 0.860846 0.542567
vt 0.657162 0.229878
vt 0.860846 0.722656
vt 0.860846 0.696340
vt 0.860846 0.850633
vt 0.232534 0.229878
vt 0.860846 0.971732
vt 0.851097 0.971732
vt 0.860846 0.100110
vt 0.851097 0.085537
vt 0.860846 0.085537
vt 0.532435 0.696340
vt 0.232534 0.254861
vt 0.532435 0.722656
vt 0.787638 0.386711
vt 0.787638 0.254861
vt 0.232534 0.386711
vt 0.532435 0.850633
vt 0.657162 0.410306
vt 0.897773 0.254861
vt 0.897773 0.229878
vt 0.897773 0.410305
vt 0.897773 0.386711
vt 0.897773 0.542567
vt 0.897773 0.565453
vt 0.657162 0.542567
vt 0.897773 0.722656
vt 0.897773 0.696340
vt 0.897773 0.877636
vt 0.897773 0.850633
vt 0.785106 0.100110
vt 0.897773 0.971732
vt 0.897773 0.955809
vt 0.897773 0.100110
vt 0.897773 0.085537
vt 0.905990 0.100110
vt 0.905990 0.085537
vt 0.905990 0.971732
vt 0.905990 0.850633
vt 0.657162 0.565454
vt 0.905990 0.722656
vt 0.905990 0.696340
vt 0.905990 0.565454
vt 0.905990 0.542567
vt 0.232534 0.565454
vt 0.905990 0.410305
vt 0.905990 0.386711
vt 0.785106 0.229878
vt 0.905990 0.254861
vt 0.905990 0.229878
vt 0.905990 0.160188
vt 0.657162 0.696340
vt 0.232534 0.696340
vt 0.785106 0.254861
vt 0.232534 0.722656
vt 0.986849 0.160188
vt 0.981759 0.100110
vt 0.986849 0.100110
vt 0.986849 0.254861
vt 0.981759 0.254861
vt 0.981759 0.229878
vt 0.986849 0.229878
vt 0.986849 0.386711
vt 0.981759 0.386711
vt 0.986849 0.410305
vt 0.981759 0.410305
vt 0.986849 0.542567
vt 0.981759 0.542567
vt 0.986849 0.565454
vt 0.981759 0.565454
vt 0.986849 0.696340
vt 0.981759 0.696340
vt 0.986849 0.722656
vt 0.981759 0.722656
vt 0.986849 0.850633
vt 0.981759 0.850633
vt 0.986849 0.877636
vt 0.981759 0.877636
vt 0.986849 0.955809
vt 0.981759 0.955809
vt 0.986849 0.971732
vt 0.981759 0.971732
vt 0.981759 0.085537
vt 0.986849 0.085537
vt 0.471260 0.955809
vt 0.471260 0.877636
vt 0.927359 0.254861
vt 0.927359 0.229878
vt 0.098327 0.160188
vt 0.927359 0.410305
vt 0.927359 0.386711
vt 0.785106 0.386711
vt 0.927359 0.565454
vt 0.927359 0.542567
vt 0.927359 0.722656
vt 0.927359 0.696340
vt 0.232534 0.850633
vt 0.927359 0.877636
vt 0.927359 0.850633
vt 0.785106 0.410306
vt 0.927359 0.971732
vt 0.927359 0.955809
vt 0.927359 0.100110
vt 0.927359 0.085537
vt 0.916103 0.254861
vt 0.916103 0.229878
vt 0.232534 0.877636
vt 0.916103 0.410305
vt 0.916103 0.386711
vt 0.785106 0.542567
vt 0.916103 0.565454
vt 0.916103 0.542567
vt 0.916103 0.722656
vt 0.916103 0.696340
vt 0.916103 0.850633
vt 0.916103 0.877636
vt 0.232534 0.955809
vt 0.916103 0.971732
vt 0.916103 0.955809
vt 0.916103 0.100110
vt 0.916103 0.085537
vt 0.471260 0.100110
vt 0.908518 0.254861
vt 0.908518 0.229878
vt 0.785106 0.565454
vt 0.908518 0.410305
vt 0.908518 0.386711
vt 0.908518 0.565454
vt 0.908518 0.542567
vt 0.557118 0.542567
vt 0.557118 0.410305
vt 0.908518 0.722656
vt 0.908518 0.696340
vt 0.908518 0.877636
vt 0.908518 0.850633
vt 0.908518 0.955809
vt 0.908518 0.971732
vt 0.908518 0.100110
vt 0.908518 0.085537
vt 0.785106 0.696340
vt 0.905990 0.254861
vt 0.897773 0.254861
vt 0.471260 0.254861
vt 0.897773 0.386711
vt 0.905990 0.386711
vt 0.905990 0.410305
vt 0.897773 0.410305
vt 0.471260 0.410305
vt 0.897773 0.542567
vt 0.905990 0.542567
vt 0.160016 0.168599
vt 0.153276 0.168599
vt 0.905990 0.168599
vt 0.471260 0.565453
vt 0.098327 0.955809
vt 0.098327 0.877636
vt 0.905990 0.722656
vt 0.897773 0.722656
vt 0.986849 0.168599
vt 0.471260 0.722656
vt 0.646569 0.565454
vt 0.646569 0.696340
vt 0.897773 0.850633
vt 0.905990 0.850633
vt 0.897773 0.877636
vt 0.229918 0.542567
vt 0.229918 0.410305
vt 0.897773 0.955809
vt 0.087899 0.254860
vt 0.764787 0.410306
vt 0.764787 0.542567
vt 0.087899 0.386711
vt 0.087899 0.410305
vt 0.318389 0.565453
vt 0.318389 0.696340
vt 0.229918 0.100110
vt 0.087899 0.542567
vt 0.646569 0.100110
vt 0.636573 0.100110
vt 0.087899 0.565454
vt 0.636573 0.229878
vt 0.646569 0.229878
vt 0.087899 0.696340
vt 0.646569 0.254861
vt 0.636573 0.254861
vt 0.229918 0.254861
vt 0.222562 0.254861
vt 0.457012 0.850633
vt 0.457012 0.722656
vt 0.087899 0.722656
vt 0.636573 0.386711
vt 0.646569 0.386711
vt 0.222562 0.386711
vt 0.229918 0.386711
vt 0.087899 0.850633
vt 0.646569 0.410306
vt 0.636573 0.410306
vt 0.222562 0.410305
vt 0.087899 0.877636
vt 0.636573 0.542567
vt 0.646569 0.542567
vt 0.222562 0.542567
vt 0.087899 0.955809
vt 0.764787 0.100110
vt 0.754458 0.100110
vt 0.318389 0.100110
vt 0.308538 0.100110
vt 0.229918 0.565454
vt 0.222562 0.565454
vt 0.754458 0.229878
vt 0.764787 0.229878
vt 0.308538 0.229878
vt 0.318389 0.229878
vt 0.222562 0.696340
vt 0.229918 0.696340
vt 0.764787 0.254861
vt 0.754458 0.254861
vt 0.318389 0.254861
vt 0.308538 0.254861
vt 0.646569 0.722656
vt 0.636573 0.722656
vt 0.229918 0.722656
vt 0.222562 0.722656
vt 0.457012 0.386711
vt 0.457012 0.254861
vt 0.754458 0.386711
vt 0.764787 0.386711
vt 0.308538 0.386711
vt 0.318389 0.386711
vt 0.357155 0.168599
vt 0.636573 0.850633
vt 0.646569 0.850633
vt 0.222562 0.850633
vt 0.229918 0.850633
vt 0.318389 0.410305
vt 0.308538 0.410305
vt 0.646569 0.877636
vt 0.636573 0.877636
vt 0.308538 0.542567
vt 0.318389 0.542567
vt 0.636573 0.955809
vt 0.646569 0.955809
vt 0.457012 0.100110
vt 0.764787 0.565454
vt 0.754458 0.565454
vt 0.457012 0.229878
vt 0.754458 0.696340
vt 0.764787 0.696340
vt 0.764787 0.722656
vt 0.754458 0.722656
vt 0.318389 0.722656
vt 0.308538 0.722656
vt 0.222562 0.168599
vt 0.570408 0.696340
vt 0.570408 0.565454
vt 0.754458 0.850633
vt 0.764787 0.850633
vt 0.308538 0.850633
vt 0.318389 0.850633
vt 0.457012 0.410305
vt 0.764787 0.877637
vt 0.754458 0.877637
vt 0.318389 0.877636
vt 0.308538 0.877636
vt 0.122187 0.168599
vt 0.122187 0.160188
vt 0.111689 0.168599
vt 0.109462 0.168599
vt 0.109462 0.160188
vt 0.111689 0.160188
vt 0.098327 0.168599
vt 0.457012 0.542567
vt 0.754458 0.955809
vt 0.764787 0.955809
vt 0.308538 0.955809
vt 0.318389 0.955809
vt 0.457012 0.565453
vt 0.145412 0.168599
vt 0.145412 0.160188
vt 0.027858 0.168599
vt 0.457012 0.696340
vt 0.777827 0.100110
vt 0.087899 0.100110
vt 0.457012 0.877636
vt 0.033546 0.100110
vt 0.634265 0.410306
vt 0.634265 0.542567
vt 0.457012 0.955809
vt 0.033546 0.229878
vt 0.087899 0.229878
vt 0.033546 0.254860
vt 0.360650 0.542567
vt 0.360650 0.410305
vt 0.222562 0.955809
vt 0.222562 0.877636
vt 0.033546 0.386711
vt 0.033546 0.410305
vt 0.777827 0.565454
vt 0.777827 0.696340
vt 0.033546 0.542567
vt 0.634265 0.100110
vt 0.628001 0.100110
vt 0.033546 0.565454
vt 0.628001 0.229878
vt 0.634265 0.229878
vt 0.033546 0.696340
vt 0.634265 0.254861
vt 0.628001 0.254861
vt 0.219070 0.254861
vt 0.033546 0.722656
vt 0.628001 0.386711
vt 0.634265 0.386711
vt 0.219070 0.386711
vt 0.033546 0.850633
vt 0.219070 0.410305
vt 0.908518 0.565454
vt 0.908518 0.696340
vt 0.219070 0.542567
vt 0.634265 0.565454
vt 0.628001 0.565454
vt 0.219070 0.565454
vt 0.628001 0.696340
vt 0.634265 0.696340
vt 0.219070 0.696340
vt 0.777827 0.254861
vt 0.768015 0.254861
vt 0.634265 0.722656
vt 0.628001 0.722656
vt 0.219070 0.722656
vt 0.768015 0.386711
vt 0.777827 0.386711
vt 0.628001 0.850633
vt 0.634265 0.850633
vt 0.219070 0.850633
vt 0.869295 0.100110
vt 0.860846 0.100110
vt 0.777827 0.410306
vt 0.768015 0.410306
vt 0.634265 0.877637
vt 0.219070 0.877636
vt 0.908518 0.100110
vt 0.532435 0.955809
vt 0.532435 0.877636
vt 0.748648 0.100110
vt 0.729434 0.100110
vt 0.768015 0.542567
vt 0.777827 0.542567
vt 0.634265 0.955809
vt 0.219070 0.955809
vt 0.459229 0.100110
vt 0.623261 0.100110
vt 0.459229 0.229878
vt 0.507354 0.100110
vt 0.503798 0.100110
vt 0.908518 0.254861
vt 0.777827 0.722656
vt 0.768015 0.722656
vt 0.908518 0.386711
vt 0.768015 0.850633
vt 0.777827 0.850633
vt 0.908518 0.410305
vt 0.459229 0.410305
vt 0.777827 0.877637
vt 0.768015 0.877637
vt 0.657162 0.955809
vt 0.657162 0.877636
vt 0.908518 0.542567
vt 0.459229 0.542567
vt 0.768015 0.955809
vt 0.777827 0.955809
vt 0.459229 0.565453
vt 0.459229 0.696340
vt 0.908518 0.722656
vt 0.908518 0.850633
vt 0.524498 0.100110
vt 0.205550 0.722656
vt 0.205550 0.850633
vt 0.524498 0.229878
vt 0.516561 0.955809
vt 0.516561 0.877636
vt 0.886044 0.955809
vt 0.886044 0.877636
vt 0.516561 0.850633
vt 0.507353 0.850633
vt 0.507354 0.722656
vt 0.516561 0.722656
vt 0.748648 0.850633
vt 0.748648 0.722656
vt 0.886044 0.850633
vt 0.869295 0.850633
vt 0.869295 0.722656
vt 0.886044 0.722656
vt 0.748648 0.696340
vt 0.748648 0.565454
vt 0.886044 0.696340
vt 0.869295 0.696340
vt 0.869295 0.565453
vt 0.886044 0.565453
vt 0.516561 0.542567
vt 0.507354 0.542567
vt 0.507354 0.410305
vt 0.516561 0.410305
vt 0.754458 0.542567
vt 0.748648 0.542567
vt 0.748648 0.410306
vt 0.754458 0.410306
vt 0.886044 0.542567
vt 0.869295 0.542567
vt 0.869295 0.410305
vt 0.886044 0.410305
vt 0.516561 0.386711
vt 0.507354 0.386711
vt 0.507354 0.254861
vt 0.516561 0.254861
vt 0.748648 0.386711
vt 0.748648 0.254861
vt 0.886044 0.386711
vt 0.869295 0.386711
vt 0.869295 0.254861
vt 0.886044 0.254861
vt 0.145412 0.160188
vt 0.271456 0.160188
vt 0.266059 0.160188
vt 0.393374 0.160188
vt 0.386706 0.160188
vt 0.516561 0.160188
vt 0.507354 0.160188
vt 0.516561 0.100110
vt 0.634265 0.160188
vt 0.628001 0.160188
vt 0.754458 0.160188
vt 0.748648 0.160188
vt 0.886044 0.160188
vt 0.869295 0.160188
vt 0.886044 0.100110
vt 0.109462 0.160188
vt 0.122187 0.160188
vt 0.111689 0.160188
vt 0.171446 0.386711
vt 0.171446 0.254861
vt 0.171446 0.160188
vt 0.171446 0.100110
vt 0.188591 0.160188
vt 0.175256 0.160188
vt 0.175256 0.100110
vt 0.188591 0.100110
vt 0.188591 0.386711
vt 0.175256 0.386711
vt 0.175256 0.254860
vt 0.188591 0.254860
vt 0.188591 0.542567
vt 0.175256 0.542567
vt 0.175256 0.410305
vt 0.188591 0.410305
vt 0.188591 0.850633
vt 0.188591 0.722656
vt 0.188591 0.955809
vt 0.188591 0.877636
vt 0.195893 0.955809
vt 0.195893 0.877636
vt 0.195893 0.850633
vt 0.195893 0.722656
vt 0.195893 0.696340
vt 0.188591 0.696340
vt 0.188591 0.565454
vt 0.195893 0.565454
vt 0.195893 0.542567
vt 0.195893 0.410305
vt 0.195893 0.386711
vt 0.195893 0.254861
vt 0.195893 0.160188
vt 0.195893 0.100110
vt 0.205550 0.160188
vt 0.205550 0.100110
vt 0.205550 0.542567
vt 0.205550 0.410305
vt 0.205550 0.696340
vt 0.205550 0.565454
vt 0.205550 0.955809
vt 0.205550 0.877636
vt 0.207482 0.955809
vt 0.207482 0.877636
vt 0.207481 0.850633
vt 0.207482 0.722656
vt 0.207482 0.696340
vt 0.207481 0.565454
vt 0.207481 0.542567
vt 0.207481 0.410305
vt 0.207481 0.386711
vt 0.207481 0.254861
vt 0.207481 0.160188
vt 0.207481 0.100110
vt 0.219070 0.100110
vt 0.232534 0.160188
vt 0.243269 0.160188
vt 0.240380 0.160188
vt 0.254031 0.160188
vt 0.260045 0.160188
vt 0.262050 0.160188
vt 0.295203 0.850633
vt 0.295203 0.722656
vt 0.295203 0.696340
vt 0.295203 0.565453
vt 0.295203 0.542567
vt 0.295203 0.410305
vt 0.295203 0.386711
vt 0.295203 0.254861
vt 0.306323 0.160188
vt 0.295203 0.100110
vt 0.306323 0.100110
vt 0.306323 0.386711
vt 0.306323 0.254861
vt 0.306323 0.696340
vt 0.306323 0.565453
vt 0.306323 0.850633
vt 0.306323 0.722656
vt 0.306323 0.955809
vt 0.295203 0.955809
vt 0.295203 0.877636
vt 0.306323 0.877636
vt 0.308538 0.696340
vt 0.308538 0.565453
vt 0.306323 0.542567
vt 0.306323 0.410305
vt 0.308538 0.160188
vt 0.318389 0.160188
vt 0.336183 0.160188
vt 0.328239 0.160188
vt 0.372050 0.160188
vt 0.328239 0.850633
vt 0.328239 0.722656
vt 0.328239 0.386711
vt 0.328239 0.254861
vt 0.383775 0.160188
vt 0.373678 0.160188
vt 0.347244 0.160188
vt 0.349847 0.100110
vt 0.402239 0.160188
vt 0.402239 0.100110
vt 0.402239 0.542567
vt 0.402239 0.410305
vt 0.402239 0.696340
vt 0.402239 0.565453
vt 0.402239 0.955809
vt 0.402239 0.877636
vt 0.383775 0.696340
vt 0.383775 0.565453
vt 0.419336 0.850633
vt 0.409204 0.850633
vt 0.409204 0.722656
vt 0.419336 0.722656
vt 0.419336 0.696340
vt 0.409204 0.696340
vt 0.409204 0.565453
vt 0.419336 0.565453
vt 0.419336 0.542567
vt 0.409204 0.542567
vt 0.409204 0.410305
vt 0.419336 0.410305
vt 0.419336 0.386711
vt 0.409204 0.386711
vt 0.409204 0.254861
vt 0.419336 0.254861
vt 0.419336 0.160188
vt 0.409204 0.160188
vt 0.409204 0.100110
vt 0.419336 0.100110
vt 0.409204 0.955809
vt 0.409204 0.877636
vt 0.402239 0.850633
vt 0.402239 0.722656
vt 0.402239 0.386711
vt 0.402239 0.254861
vt 0.437066 0.160188
vt 0.427568 0.160188
vt 0.427568 0.100110
vt 0.437066 0.100110
vt 0.437066 0.386711
vt 0.427568 0.386711
vt 0.427568 0.254861
vt 0.437066 0.254861
vt 0.437066 0.696340
vt 0.427568 0.696340
vt 0.427568 0.565453
vt 0.437066 0.565453
vt 0.437066 0.850633
vt 0.427567 0.850633
vt 0.427568 0.722656
vt 0.437066 0.722656
vt 0.437066 0.955809
vt 0.427567 0.955809
vt 0.427568 0.877636
vt 0.437066 0.877636
vt 0.427568 0.542567
vt 0.427568 0.410305
vt 0.419336 0.955809
vt 0.419336 0.877636
vt 0.450240 0.160188
vt 0.439599 0.160188
vt 0.439599 0.696340
vt 0.439599 0.565453
vt 0.437066 0.542567
vt 0.437066 0.410305
vt 0.468094 0.160188
vt 0.459229 0.160188
vt 0.457012 0.160188
vt 0.481550 0.160188
vt 0.471260 0.160188
vt 0.469360 0.160188
vt 0.503798 0.160188
vt 0.491840 0.160188
vt 0.503798 0.386711
vt 0.491840 0.386711
vt 0.503798 0.254861
vt 0.503798 0.696340
vt 0.491840 0.696340
vt 0.503798 0.565453
vt 0.503798 0.850633
vt 0.491840 0.850633
vt 0.503798 0.722656
vt 0.524498 0.160188
vt 0.522593 0.160188
vt 0.522593 0.100110
vt 0.524498 0.386711
vt 0.522593 0.386711
vt 0.522593 0.254861
vt 0.524498 0.254861
vt 0.524498 0.542567
vt 0.522593 0.542567
vt 0.522593 0.410305
vt 0.524498 0.410305
vt 0.524498 0.696340
vt 0.522593 0.696340
vt 0.522593 0.565453
vt 0.524498 0.565453
vt 0.524498 0.955809
vt 0.522593 0.955809
vt 0.522593 0.877636
vt 0.524498 0.877636
vt 0.516561 0.696340
vt 0.516561 0.565453
vt 0.522593 0.850633
vt 0.522593 0.722656
vt 0.503798 0.542567
vt 0.503798 0.410305
vt 0.532435 0.160188
vt 0.534967 0.160188
vt 0.580347 0.160188
vt 0.570408 0.160188
vt 0.568193 0.160188
vt 0.557118 0.160188
vt 0.543827 0.160188
vt 0.598928 0.160188
vt 0.594774 0.160188
vt 0.598928 0.100110
vt 0.598928 0.542567
vt 0.598928 0.410305
vt 0.598928 0.696340
vt 0.598928 0.565454
vt 0.590607 0.160188
vt 0.588362 0.160188
vt 0.590607 0.386711
vt 0.590607 0.254861
vt 0.605331 0.850633
vt 0.598928 0.850633
vt 0.598928 0.722656
vt 0.605331 0.722656
vt 0.605331 0.696340
vt 0.605331 0.565454
vt 0.605331 0.542567
vt 0.605331 0.410305
vt 0.605331 0.386711
vt 0.598928 0.386711
vt 0.598928 0.254861
vt 0.605331 0.254861
vt 0.605331 0.160188
vt 0.605331 0.100110
vt 0.646569 0.160188
vt 0.636573 0.160188
vt 0.623261 0.160188
vt 0.623261 0.386711
vt 0.623261 0.254861
vt 0.623261 0.696340
vt 0.623261 0.565454
vt 0.623261 0.850633
vt 0.623261 0.722656
vt 0.653986 0.955809
vt 0.653986 0.877636
vt 0.653986 0.696340
vt 0.653986 0.565454
vt 0.653986 0.542567
vt 0.653986 0.410306
vt 0.657162 0.160188
vt 0.653986 0.160188
vt 0.653986 0.100110
vt 0.623260 0.542567
vt 0.623261 0.410306
vt 0.605331 0.955809
vt 0.605331 0.877636
vt 0.664469 0.160188
vt 0.636573 0.696340
vt 0.636573 0.565454
vt 0.653986 0.850633
vt 0.653986 0.722656
vt 0.653986 0.386711
vt 0.653986 0.254861
vt 0.667317 0.160188
vt 0.721748 0.160188
vt 0.719533 0.160188
vt 0.689286 0.160188
vt 0.699743 0.160188
vt 0.729434 0.696340
vt 0.729434 0.565454
vt 0.729434 0.542567
vt 0.729434 0.410306
vt 0.729434 0.160188
vt 0.729434 0.386711
vt 0.729434 0.254861
vt 0.729434 0.850633
vt 0.729434 0.722656
vt 0.764787 0.160188
vt 0.787638 0.160188
vt 0.785106 0.160188
vt 0.785106 0.850633
vt 0.781308 0.850633
vt 0.781308 0.722656
vt 0.785106 0.722656
vt 0.781308 0.696340
vt 0.781308 0.565454
vt 0.781308 0.542567
vt 0.781308 0.410306
vt 0.781308 0.386711
vt 0.781308 0.254861
vt 0.781308 0.160188
vt 0.781308 0.100110
vt 0.781308 0.955809
vt 0.781308 0.877637
vt 0.768015 0.696340
vt 0.768015 0.565454
vt 0.768015 0.100110
vt 0.792419 0.160188
vt 0.820786 0.160188
vt 0.796563 0.160188
vt 0.830667 0.160188
vt 0.860846 0.160188
vt 0.851097 0.160188
vt 0.860846 0.542567
vt 0.860846 0.410305
vt 0.860846 0.696340
vt 0.860846 0.565454
vt 0.897773 0.100110
vt 0.897773 0.696340
vt 0.897773 0.565453
vt 0.860846 0.850633
vt 0.860846 0.722656
vt 0.860846 0.386711
vt 0.860846 0.254861
vt 0.927359 0.160188
vt 0.927359 0.100110
vt 0.981759 0.100110
vt 0.981759 0.386711
vt 0.927359 0.386711
vt 0.927359 0.254861
vt 0.981759 0.254861
vt 0.981759 0.542567
vt 0.927359 0.542567
vt 0.927359 0.410305
vt 0.981759 0.410305
vt 0.981759 0.696340
vt 0.927359 0.696340
vt 0.927359 0.565454
vt 0.981759 0.565454
vt 0.981759 0.850633
vt 0.927359 0.850633
vt 0.927359 0.722656
vt 0.981759 0.722656
vt 0.981759 0.955809
vt 0.927359 0.955809
vt 0.927359 0.877636
vt 0.981759 0.877636
vt 0.916103 0.160188
vt 0.916103 0.100110
vt 0.916103 0.386711
vt 0.916103 0.254861
vt 0.916103 0.542567
vt 0.916103 0.410305
vt 0.916103 0.696340
vt 0.916103 0.565454
vt 0.916103 0.955809
vt 0.916103 0.877636
vt 0.916103 0.850633
vt 0.916103 0.722656
vt 0.830667 0.168599
vt 0.916103 0.168599
vt 0.927359 0.168599
vt 0.869295 0.168599
vt 0.860846 0.168599
vt 0.886044 0.168599
vt 0.796563 0.168599
vt 0.792419 0.168599
vt 0.851097 0.168599
vt 0.820786 0.168599
vt 0.787638 0.168599
vt 0.764787 0.168599
vt 0.781308 0.168599
vt 0.785106 0.168599
vt 0.754458 0.168599
vt 0.748648 0.168599
vt 0.729434 0.168599
vt 0.719533 0.168599
vt 0.699743 0.168599
vt 0.721748 0.168599
vt 0.689286 0.168599
vt 0.667317 0.168599
vt 0.664469 0.168599
vt 0.653986 0.168599
vt 0.646569 0.168599
vt 0.636573 0.168599
vt 0.634265 0.168599
vt 0.657162 0.168599
vt 0.623261 0.168599
vt 0.605331 0.168599
vt 0.628001 0.168599
vt 0.598928 0.168599
vt 0.594774 0.168599
vt 0.590607 0.168599
vt 0.570408 0.168599
vt 0.568193 0.168599
vt 0.588362 0.168599
vt 0.580347 0.168599
vt 0.557118 0.168599
vt 0.543827 0.168599
vt 0.534967 0.168599
vt 0.532436 0.168599
vt 0.524498 0.168599
vt 0.507354 0.168599
vt 0.503798 0.168599
vt 0.522593 0.168599
vt 0.516561 0.168599
vt 0.469360 0.168599
vt 0.468094 0.168599
vt 0.491840 0.168599
vt 0.471260 0.168599
vt 0.457012 0.168599
vt 0.450240 0.168599
vt 0.481550 0.168599
vt 0.459229 0.168599
vt 0.439599 0.168599
vt 0.437066 0.168599
vt 0.427568 0.168599
vt 0.419336 0.168599
vt 0.409204 0.168599
vt 0.402239 0.168599
vt 0.386706 0.168599
vt 0.383775 0.168599
vt 0.373678 0.168599
vt 0.372050 0.168599
vt 0.393374 0.168599
vt 0.347244 0.168599
vt 0.336183 0.168599
vt 0.328239 0.168599
vt 0.318389 0.168599
vt 0.308538 0.168599
vt 0.306323 0.168599
vt 0.240380 0.168599
vt 0.232534 0.168599
vt 0.271456 0.168599
vt 0.266059 0.168599
vt 0.262050 0.168599
vt 0.260045 0.168599
vt 0.254031 0.168599
vt 0.243269 0.168599
vt 0.207481 0.168599
vt 0.205550 0.168599
vt 0.195893 0.168599
vt 0.188591 0.168599
vt 0.175256 0.168599
vt 0.171446 0.168599
vt 0.145412 0.168599
vt 0.153276 0.168599
vt 0.516561 0.229878
vt 0.507354 0.229878
vt 0.748648 0.229878
vt 0.886044 0.229878
vt 0.869295 0.229878
vt 0.098327 0.168599
vt 0.109462 0.168599
vt 0.111689 0.168599
vt 0.122187 0.168599
vt 0.171446 0.229878
vt 0.164461 0.229878
vt 0.188591 0.229878
vt 0.175256 0.229878
vt 0.195893 0.229878
vt 0.205550 0.229878
vt 0.219070 0.229878
vt 0.207481 0.229878
vt 0.229918 0.229878
vt 0.306323 0.229878
vt 0.295203 0.229878
vt 0.349847 0.229878
vt 0.402239 0.229878
vt 0.419336 0.229878
vt 0.409204 0.229878
vt 0.437066 0.229878
vt 0.427568 0.229878
vt 0.503798 0.229878
vt 0.491840 0.229878
vt 0.522593 0.229878
vt 0.598928 0.229878
vt 0.605331 0.229878
vt 0.623261 0.229878
vt 0.653986 0.229878
vt 0.729434 0.229878
vt 0.781308 0.229878
vt 0.777827 0.229878
vt 0.768015 0.229878
vt 0.860846 0.229878
vt 0.897773 0.229878
vt 0.981759 0.229878
vt 0.927359 0.229878
vt 0.916103 0.229878
vt 0.908518 0.229878
vt 0.481550 0.955809
vt 0.491840 0.955809
vt 0.481550 0.877636
vt 0.491840 0.877636
vt 0.097253 0.971733
vt 0.097253 0.085537
vt 0.000000 0.892779
vt 0.000000 0.839916
vt 0.000000 0.800000
vt 0.000000 0.700000
vt 0.000000 0.600000
vt 0.000000 0.500000
vt 0.000000 0.400000
vt 0.000000 0.300000
vt 0.000000 0.200000
vt 0.312117 0.481822
vt 0.250000 0.490000
vt 0.187883 0.481822
vt 0.130000 0.457846
vt 0.080294 0.419706
vt 0.042154 0.370000
vt 0.018178 0.312117
vt 0.010000 0.250000
vt 0.018178 0.187883
vt 0.042154 0.130000
vt 0.080294 0.080294
vt 0.130000 0.042154
vt 0.187883 0.018178
vt 0.250000 0.010000
vt 0.312117 0.018178
vt 0.370000 0.042154
vt 0.419706 0.080294
vt 0.457846 0.130000
vt 0.481822 0.187883
vt 0.490000 0.250000
vt 0.481822 0.312117
vt 0.457846 0.370000
vt 0.419706 0.419706
vt 0.370000 0.457846
vt 0.312117 0.481822
vt 0.250000 0.490000
vt 0.187883 0.481822
vt 0.130000 0.457846
vt 0.080294 0.419706
vt 0.042154 0.370000
vt 0.018178 0.312117
vt 0.010000 0.250000
vt 0.018178 0.187883
vt 0.042154 0.130000
vt 0.080294 0.080294
vt 0.130000 0.042154
vt 0.187883 0.018178
vt 0.250000 0.010000
vt 0.312117 0.018178
vt 0.370000 0.042154
vt 0.419706 0.080294
vt 0.457846 0.130000
vt 0.481822 0.187883
vt 0.490000 0.250000
vt 0.481822 0.312117
vt 0.457846 0.370000
vt 0.419706 0.419706
vt 0.370000 0.457846
vn 0.0038 0.9362 0.3515
vn 0.0189 0.9326 0.3604
vn 0.0252 0.9781 0.2066
vn -0.0153 0.9708 0.2393
vn 0.1710 0.0008 0.9853
vn 0.3370 0.0016 0.9415
vn 0.3370 0.0015 0.9415
vn 0.1720 0.0008 0.9851
vn -0.5223 0.0009 -0.8528
vn -0.9675 0.0017 0.2529
vn -0.8721 0.0015 0.4893
vn -0.9674 0.0016 0.2531
vn -0.3305 0.9438 0.0000
vn -0.1739 0.9827 0.0632
vn -0.1657 0.9848 0.0516
vn -0.2434 0.9699 0.0000
vn -0.0313 0.9367 -0.3487
vn -0.0752 0.9341 -0.3491
vn -0.2787 0.9497 -0.1428
vn -0.0118 0.9741 -0.2259
vn -0.5690 0.8222 0.0110
vn -0.3138 0.9220 0.2267
vn -0.2787 0.9497 0.1428
vn -0.4563 0.8898 0.0000
vn 0.9890 0.0183 -0.1467
vn 0.9547 0.0322 -0.2958
vn 0.9676 0.1021 -0.2310
vn 0.9800 0.1497 -0.1309
vn -0.1544 0.9880 0.0000
vn -0.0639 0.9969 0.0461
vn -0.0434 0.9981 0.0443
vn -0.0252 0.9997 -0.0000
vn 0.7759 0.6308 0.0096
vn 0.8577 0.5142 0.0036
vn 0.8708 0.4852 0.0790
vn -0.0236 0.9905 0.1352
vn 0.0728 0.9936 0.0868
vn 0.0757 0.9963 0.0397
vn -0.0358 0.9977 0.0572
vn -0.0120 0.9916 -0.1284
vn -0.1739 0.9827 -0.0632
vn -0.1657 0.9848 -0.0516
vn -0.0121 0.9961 -0.0879
vn -0.0053 1.0000 0.0037
vn 0.0010 0.9999 0.0145
vn 0.0000 0.0000 1.0000
vn 0.6210 0.7838 -0.0019
vn 0.7384 0.6741 -0.0197
vn 0.5407 0.8412 0.0050
vn 0.5410 0.8410 0.0049
vn 0.0221 0.9982 -0.0551
vn -0.0564 0.9972 -0.0499
vn 0.0392 0.9963 -0.0767
vn 0.0010 0.9999 -0.0145
vn -0.0306 0.9995 -0.0009
vn -0.0309 0.9995 -0.0022
vn -0.0162 0.9999 -0.0039
vn -0.0228 0.9997 0.0000
vn -0.0140 0.9999 0.0037
vn -0.0061 1.0000 0.0069
vn -0.0237 0.9900 -0.1388
vn -0.0185 0.9895 -0.1432
vn -0.0129 0.9978 -0.0643
vn -0.0137 0.9978 -0.0648
vn -0.0121 0.9917 0.1277
vn -0.0164 0.9914 0.1296
vn -0.0237 0.9978 0.0624
vn -0.0122 0.9979 0.0642
vn -0.0318 0.9460 -0.3225
vn -0.0525 0.9517 -0.3026
vn -0.0308 0.9793 -0.2001
vn -0.0367 0.9708 -0.2369
vn 0.2146 0.0010 -0.9767
vn 0.0000 0.0000 -1.0000
vn 0.2158 0.0010 -0.9764
vn -0.0114 0.9395 0.3423
vn -0.0114 0.9395 0.3424
vn -0.0124 0.9714 0.2371
vn -0.0118 0.9716 0.2365
vn -0.0227 0.9997 -0.0000
vn -0.0142 0.9999 -0.0000
vn -0.0141 0.9999 0.0013
vn -0.0229 0.9997 0.0000
vn -0.0056 1.0000 -0.0000
vn -0.0150 0.9999 -0.0000
vn -0.0132 0.9999 -0.0001
vn -0.0163 0.9999 -0.0026
vn -0.0054 1.0000 -0.0024
vn 0.0000 -1.0000 0.0000
vn -0.0053 1.0000 -0.0037
vn -0.0727 0.9974 -0.0000
vn -0.0802 0.9968 -0.0000
vn -0.0054 1.0000 0.0024
vn 0.1157 0.9931 -0.0170
vn 0.0670 0.9976 -0.0184
vn 0.0720 0.9971 -0.0263
vn 0.2987 0.9540 -0.0276
vn 0.9999 0.0121 0.0000
vn 0.9999 0.0120 0.0000
vn 0.2203 0.0692 0.9730
vn 0.2217 0.0082 0.9751
vn 0.2170 0.1513 0.9644
vn 0.9011 0.4337 0.0000
vn 0.2234 -0.0125 0.9746
vn -0.5735 0.8192 0.0000
vn -1.0000 0.0017 0.0000
vn 1.0000 0.0046 0.0000
vn 1.0000 0.0083 0.0000
vn 0.2234 -0.0126 -0.9746
vn 0.2234 -0.0091 -0.9747
vn 0.2220 -0.0091 -0.9750
vn 0.2220 -0.0125 -0.9750
vn -0.9999 -0.0121 0.0000
vn -0.0115 0.9999 0.0003
vn 0.3561 0.9344 -0.0043
vn -0.0079 1.0000 0.0041
vn -0.0082 1.0000 0.0038
vn -0.0322 0.9995 -0.0028
vn -0.0210 0.9998 -0.0009
vn -0.0083 0.9990 -0.0428
vn -0.0810 0.9960 -0.0375
vn -0.0758 0.9963 -0.0401
vn 0.0019 0.9989 -0.0469
vn 0.5894 0.8077 -0.0162
vn -0.0810 0.9960 0.0375
vn -0.0758 0.9963 0.0401
vn 0.5539 0.8326 0.0023
vn 0.1585 0.9872 0.0150
vn 0.0521 0.9986 0.0046
vn 0.0031 -1.0000 0.0000
vn 0.4193 0.0019 -0.9078
vn 0.4193 0.0019 -0.9079
vn -0.0137 0.9394 -0.3424
vn 0.0316 0.9740 -0.2243
vn 0.1902 0.9755 -0.1104
vn -0.0138 0.9975 -0.0690
vn -0.0274 0.9996 -0.0004
vn 0.5469 0.8372 0.0027
vn -0.0113 0.9395 0.3424
vn 0.0170 0.9334 0.3583
vn 0.0764 0.9156 -0.3948
vn 0.0260 0.9306 -0.3652
vn 0.0049 0.9384 -0.3456
vn 0.0310 0.9290 -0.3689
vn 0.2251 -0.0058 -0.9743
vn 0.2251 -0.0041 -0.9743
vn 0.2251 -0.0058 0.9743
vn 0.2251 -0.0057 0.9743
vn -0.0113 0.9395 0.3423
vn -0.0113 0.9395 -0.3424
vn -0.0222 0.9470 -0.3203
vn 0.9948 0.0950 -0.0368
vn 0.9396 0.3036 -0.1583
vn 0.9896 0.1355 -0.0492
vn 0.9999 0.0169 -0.0019
vn -0.5318 0.8414 0.0959
vn -0.2396 0.9298 0.2795
vn -0.0645 0.9286 -0.3655
vn -0.1121 0.9283 -0.3545
vn 0.0529 0.9243 0.3779
vn -0.5732 0.8194 -0.0082
vn -0.5735 0.8192 -0.0002
vn -0.0165 0.9999 -0.0016
vn -0.0172 0.9999 -0.0012
vn 0.1846 0.9828 -0.0054
vn 0.2969 0.9547 -0.0204
vn -0.0825 0.9959 0.0367
vn 0.1881 0.9817 -0.0286
vn -0.0104 0.9991 -0.0419
vn -0.0824 0.9959 -0.0367
vn -0.0146 0.9999 -0.0006
vn -0.0119 0.9999 0.0003
vn 1.0000 -0.0017 0.0000
vn -0.9033 -0.0000 -0.4290
vn 0.1926 0.9811 -0.0167
vn 0.9999 0.0126 0.0000
vn 0.2952 0.9552 0.0200
vn 0.4115 0.9110 0.0284
vn -0.9374 0.3483 0.0000
vn 0.0221 0.9982 0.0551
vn 0.0020 0.9989 0.0471
vn -0.0079 0.9999 0.0064
vn -0.0081 1.0000 0.0041
vn -0.0104 0.9991 0.0421
vn -0.0083 0.9990 0.0430
vn -0.0117 0.9999 -0.0055
vn -0.0111 0.9999 -0.0056
vn -0.0114 0.9263 -0.3767
vn -0.0114 0.9399 -0.3413
vn -0.0497 0.9368 0.3464
vn -0.0252 0.9393 0.3420
vn -0.0079 0.9999 -0.0063
vn -0.9858 0.1679 0.0007
vn -0.0118 0.9722 0.2338
vn -0.4062 0.0007 0.9138
vn -0.2076 0.0003 0.9782
vn -0.2057 0.0003 0.9786
vn -0.0121 0.9921 0.1252
vn -0.0121 0.9960 0.0880
vn -0.0082 1.0000 -0.0039
vn -0.0081 1.0000 -0.0041
vn -0.0150 0.9920 -0.1253
vn -0.0122 0.9977 -0.0663
vn -0.0166 0.9833 -0.1811
vn -0.0833 0.9959 0.0363
vn -0.0117 0.9991 0.0416
vn 0.2101 0.9777 0.0012
vn 0.1377 0.9901 -0.0265
vn -0.5729 0.8195 -0.0143
vn -0.9425 0.0016 -0.3341
vn 0.9687 0.0045 0.2483
vn 0.9748 0.0053 0.2229
vn -0.0833 0.9959 -0.0363
vn -0.0121 0.9999 0.0003
vn 0.0204 0.9998 -0.0059
vn -0.0145 0.9999 -0.0010
vn -0.0133 0.9999 -0.0005
vn -0.0117 0.9991 -0.0413
vn 0.0489 0.9986 -0.0220
vn -0.0144 0.9999 -0.0013
vn -0.5728 0.8195 -0.0175
vn 0.6914 0.7209 0.0486
vn 0.5637 0.8243 0.0534
vn -0.9033 -0.0000 0.4290
vn 0.6418 0.7091 0.2919
vn 0.6442 0.7167 0.2669
vn 0.6423 0.7107 0.2870
vn 0.8767 0.0040 0.4810
vn 0.6447 0.7182 0.2620
vn -0.0121 0.9999 -0.0055
vn -0.0122 0.9977 0.0664
vn -0.0122 0.9979 0.0643
vn -0.0121 0.9999 0.0008
vn -0.0121 0.9999 0.0058
vn -0.0119 0.9999 0.0008
vn -0.0117 0.9999 0.0058
vn -0.0115 0.9999 0.0008
vn -0.0111 0.9999 0.0059
vn -0.0113 0.9398 0.3415
vn -0.0113 0.9396 0.3422
vn -0.0114 0.9396 0.3422
vn -0.0114 0.9399 0.3413
vn -0.0118 0.9716 0.2363
vn -0.0118 0.9718 0.2354
vn -0.0121 0.9919 0.1267
vn -0.0121 0.9918 0.1276
vn 0.6833 0.7298 0.0192
vn 0.4194 0.9043 -0.0800
vn 0.1624 0.9861 0.0346
vn 0.4337 0.9010 0.0122
vn 0.1963 0.9805 -0.0077
vn 0.2871 0.9579 0.0081
vn 0.1290 0.9916 -0.0078
vn 0.2251 -0.0074 -0.9743
vn 0.2234 -0.0160 -0.9746
vn 0.2220 -0.0160 -0.9749
vn 0.0605 0.9981 -0.0078
vn -0.0023 0.9815 -0.1914
vn -0.0073 0.9933 -0.1151
vn -0.0122 0.9979 -0.0642
vn -0.0121 0.9999 -0.0005
vn -0.0119 0.9999 -0.0005
vn -0.0115 0.9999 -0.0005
vn -0.0166 0.9999 -0.0037
vn -0.0167 0.9999 -0.0037
vn 0.0488 0.9986 -0.0193
vn 0.0481 0.9987 -0.0190
vn 0.0993 0.9943 -0.0400
vn 0.5949 0.7803 -0.1929
vn 0.6914 0.6954 -0.1961
vn 0.6905 0.6962 -0.1961
vn 0.7761 0.5993 -0.1961
vn 0.9956 0.0810 -0.0474
vn 0.9997 -0.0251 -0.0082
vn 0.9942 0.1045 -0.0251
vn 0.9999 0.0114 0.0044
vn 0.9997 0.0241 -0.0052
vn 0.9585 -0.2837 0.0280
vn 0.9614 -0.2752 0.0074
vn 0.8530 -0.5216 0.0151
vn 0.8530 -0.5218 0.0053
vn 0.7093 -0.7049 0.0000
vn 0.5027 -0.8645 0.0000
vn 0.1998 -0.9798 0.0000
vn 0.1911 -0.9815 -0.0093
vn -0.0611 -0.9981 0.0000
vn -0.0591 -0.9982 -0.0084
vn -0.2558 -0.9667 0.0000
vn -0.4973 -0.8676 0.0000
vn -0.7049 -0.7093 0.0000
vn -0.6988 -0.7153 0.0032
vn -0.8091 -0.5853 0.0524
vn -0.7946 -0.6067 0.0237
vn -0.9244 -0.3702 0.0917
vn -0.9347 -0.3541 0.0294
vn -0.9968 -0.0798 0.0059
vn -0.9998 0.0178 0.0028
vn -0.9986 0.0452 -0.0280
vn -0.9938 0.1032 -0.0407
vn -0.9976 0.0219 -0.0659
vn -0.9251 0.3498 -0.1477
vn -0.9220 0.3614 -0.1391
vn -0.1699 0.9839 -0.0558
vn -0.6915 0.6897 -0.2148
vn -0.4796 0.8581 -0.1835
vn 0.0855 -0.0862 0.9926
vn 0.0435 -0.0303 0.9986
vn 0.0103 -0.0010 0.9999
vn -0.1694 0.9831 -0.0688
vn -0.0069 -0.0005 -1.0000
vn 0.0010 -0.0303 0.9995
vn 0.0042 -0.0036 1.0000
vn 0.0014 -0.0232 0.9997
vn 0.0004 -0.0371 0.9993
vn -0.0039 -0.0035 1.0000
vn -0.0009 -0.0177 0.9998
vn -0.0004 -0.0329 0.9995
vn -0.0014 -0.0093 1.0000
vn -0.0143 0.0028 0.9999
vn -0.0172 0.0003 0.9999
vn -0.0240 -0.0025 0.9997
vn -0.0140 0.0030 0.9999
vn -0.0045 -0.0082 1.0000
vn -0.0065 0.0082 0.9999
vn -0.0083 0.0042 1.0000
vn -0.0071 -0.0043 1.0000
vn 0.0590 -0.0689 0.9959
vn -0.0098 -0.0056 0.9999
vn -0.0097 -0.0058 0.9999
vn 0.0486 -0.0593 0.9971
vn 0.0024 -0.0025 1.0000
vn 0.0018 -0.0038 1.0000
vn -0.0075 -0.0012 1.0000
vn -0.0105 -0.0009 0.9999
vn -0.0065 0.0107 0.9999
vn -0.0088 0.0085 0.9999
vn -0.0085 0.0088 0.9999
vn -0.0060 0.0111 0.9999
vn -0.0079 -0.0078 0.9999
vn -0.0057 -0.0096 0.9999
vn -0.0053 -0.0099 0.9999
vn -0.0077 -0.0080 0.9999
vn 0.0073 -0.0012 1.0000
vn -0.0023 -0.0024 1.0000
vn -0.0107 0.0061 0.9999
vn -0.0106 0.0063 0.9999
vn -0.0033 -0.0113 0.9999
vn -0.0026 -0.0117 0.9999
vn -0.9548 -0.2945 -0.0392
vn -0.8102 -0.5859 -0.0172
vn -0.6926 -0.7213 0.0003
vn -0.0529 -0.9985 -0.0163
vn 0.2078 -0.9780 -0.0165
vn 0.3566 -0.9341 -0.0149
vn 0.8529 -0.5220 -0.0051
vn 0.9639 -0.2661 -0.0119
vn -0.0486 -0.9987 -0.0160
vn -0.6926 -0.7213 -0.0059
vn -0.8380 -0.5448 -0.0293
vn -0.9625 -0.2673 -0.0460
vn -0.9993 0.0246 -0.0287
vn -0.9890 0.1409 -0.0447
vn -0.0188 0.9836 -0.1795
vn -0.0149 0.9941 -0.1072
vn -0.0122 0.9979 -0.0643
vn -0.0121 0.9999 -0.0008
vn -0.0119 0.9999 -0.0008
vn -0.0114 0.9999 -0.0008
vn -0.0145 0.9418 -0.3357
vn -0.0142 0.9338 -0.3575
vn -0.0142 0.9339 -0.3573
vn -0.0167 0.9998 -0.0078
vn -0.0166 0.9998 -0.0077
vn 0.0466 0.9987 -0.0227
vn 0.0468 0.9986 -0.0227
vn 0.0958 0.9945 -0.0427
vn 0.5946 0.7798 -0.1961
vn 0.6909 0.6949 -0.1992
vn 0.6901 0.6958 -0.1992
vn 0.7756 0.5990 -0.1990
vn 0.9952 0.0834 -0.0514
vn 0.9982 -0.0540 -0.0260
vn 0.9939 0.1062 -0.0299
vn 0.9998 -0.0190 -0.0043
vn 1.0000 -0.0081 -0.0042
vn 0.9580 -0.2869 -0.0024
vn 0.9608 -0.2774 -0.0023
vn 0.8676 -0.4973 0.0000
vn 0.1992 -0.9800 0.0000
vn -0.0613 -0.9981 0.0000
vn -0.8645 -0.5027 0.0000
vn -0.9512 -0.3084 -0.0040
vn -0.9556 -0.2948 -0.0036
vn -0.9966 -0.0775 -0.0282
vn -0.9992 -0.0389 -0.0044
vn -0.9998 -0.0182 -0.0040
vn -0.9949 0.0966 -0.0290
vn -0.9961 0.0714 -0.0512
vn -0.7785 0.5936 -0.2038
vn -0.1679 0.9842 -0.0561
vn -0.6939 0.6903 -0.2047
vn -0.4814 0.8583 -0.1779
vn -0.1054 -0.0642 0.9924
vn -0.0482 -0.0210 0.9986
vn -0.0070 0.0005 1.0000
vn -0.1716 0.9826 -0.0705
vn -0.0070 -0.0000 -1.0000
vn -0.0004 0.0228 0.9997
vn -0.0025 0.0022 1.0000
vn -0.0005 0.0118 0.9999
vn -0.0004 0.0256 0.9997
vn 0.0072 0.0066 1.0000
vn 0.0012 0.0256 0.9997
vn 0.0005 0.0302 0.9995
vn 0.0025 0.0170 0.9999
vn 0.0037 0.0049 1.0000
vn 0.0235 0.0048 0.9997
vn 0.0323 0.0054 0.9995
vn 0.0024 0.0049 1.0000
vn -0.0065 0.0081 0.9999
vn -0.0083 0.0041 1.0000
vn -0.0071 -0.0044 1.0000
vn -0.2448 -0.1187 0.9623
vn -0.2556 -0.1602 0.9534
vn -0.2451 -0.1610 0.9560
vn -0.2519 -0.1208 0.9602
vn -0.0015 0.0015 1.0000
vn -0.0011 0.0023 1.0000
vn 0.0136 0.0022 0.9999
vn 0.0192 0.0017 0.9998
vn -0.0065 0.0106 0.9999
vn -0.0087 0.0085 0.9999
vn -0.0084 0.0088 0.9999
vn -0.0059 0.0110 0.9999
vn -0.0805 -0.0979 0.9919
vn -0.0663 -0.0807 0.9945
vn -0.0050 0.0007 1.0000
vn 0.0043 0.0045 1.0000
vn -0.0106 0.0060 0.9999
vn -0.0105 0.0062 0.9999
vn -0.9600 -0.2798 -0.0033
vn 0.9634 -0.2681 -0.0022
vn -0.0039 1.0000 0.0000
vn 0.9348 0.0000 -0.3551
vn 0.9343 0.0000 0.3566
vn 0.2255 0.0010 0.9742
vn 0.0028 -1.0000 -0.0000
vn 0.0024 -1.0000 -0.0000
vn 0.0023 -1.0000 0.0000
vn 0.2255 0.0010 -0.9742
vn 0.0024 -0.9963 -0.0856
vn 0.0028 -1.0000 0.0001
vn 0.0015 -1.0000 0.0000
vn 0.0024 -0.9963 0.0856
vn 0.0028 -1.0000 -0.0001
vn 0.9687 0.0045 0.2482
vn 0.9806 0.0228 -0.1947
vn -0.9675 0.0017 0.2527
vn -0.2082 0.0003 0.9781
vn 0.1712 0.0008 0.9852
vn 0.2149 0.0010 -0.9766
vn 0.9382 0.0367 -0.3440
vn -0.5223 0.0008 -0.8528
vn 0.4934 -0.8698 0.0006
vn 0.7004 -0.7137 0.0009
vn 0.7003 -0.7138 0.0009
vn 0.4932 -0.8699 0.0006
vn 0.6960 0.7180 0.0009
vn 0.4880 0.8728 0.0006
vn 0.4879 0.8729 0.0006
vn 0.6959 0.7181 0.0009
vn -0.8620 0.5068 -0.0011
vn -0.9651 0.2620 -0.0012
vn -0.9651 0.2619 -0.0012
vn -0.8621 0.5067 -0.0011
vn 0.2560 -0.9667 0.0003
vn 0.2557 -0.9668 0.0003
vn -0.1885 -0.9821 -0.0002
vn 0.0659 -0.9978 0.0001
vn -0.1882 -0.9821 -0.0002
vn 0.8590 0.5120 0.0011
vn 0.8589 0.5121 0.0011
vn -0.7003 0.7138 -0.0009
vn -0.7004 0.7137 -0.0009
vn -0.4879 -0.8729 -0.0006
vn -0.4880 -0.8728 -0.0006
vn 0.9647 0.2635 0.0012
vn 0.9635 0.2679 0.0012
vn -0.4932 0.8699 -0.0006
vn -0.4934 0.8698 -0.0006
vn -0.6959 -0.7181 -0.0009
vn -0.6960 -0.7180 -0.0009
vn 1.0000 -0.0018 0.0013
vn 1.0000 0.0030 0.0013
vn -0.1951 0.9808 -0.0002
vn -0.1942 0.9810 -0.0002
vn -0.8589 -0.5121 -0.0011
vn -0.8590 -0.5120 -0.0011
vn 0.9651 -0.2620 0.0012
vn 0.0595 0.9982 0.0001
vn 0.0598 0.9982 0.0001
vn -0.9634 -0.2679 -0.0012
vn -0.9635 -0.2679 -0.0012
vn 0.8621 -0.5068 0.0011
vn 0.8620 -0.5068 0.0011
vn 0.2499 0.9683 0.0003
vn 0.2497 0.9683 0.0003
vn -1.0000 -0.0031 -0.0013
vn 0.6694 -0.7429 0.0020
vn 0.8421 -0.5393 0.0025
vn 0.8420 -0.5395 0.0025
vn 0.6691 -0.7432 0.0020
vn -0.0610 0.9981 -0.0002
vn -0.2359 0.9718 -0.0007
vn -0.2363 0.9717 -0.0007
vn 0.4564 0.8897 0.0014
vn 0.1735 0.9848 0.0005
vn 0.1733 0.9849 0.0005
vn 0.4561 0.8899 0.0014
vn -0.9571 -0.2897 -0.0029
vn -0.8386 -0.5447 -0.0025
vn -0.8388 -0.5444 -0.0025
vn -0.9572 -0.2895 -0.0029
vn 0.4619 -0.8869 0.0014
vn 0.4615 -0.8871 0.0014
vn 0.6647 0.7471 0.0020
vn 0.6645 0.7473 0.0020
vn -1.0000 -0.0031 -0.0030
vn 0.1795 -0.9838 0.0005
vn 0.1793 -0.9838 0.0005
vn 0.8388 0.5444 0.0025
vn 0.8386 0.5447 0.0025
vn -0.9589 0.2838 -0.0029
vn -0.9589 0.2837 -0.0029
vn -0.0548 -0.9985 -0.0002
vn -0.0549 -0.9985 -0.0002
vn 0.9572 0.2895 0.0029
vn 0.9571 0.2897 0.0029
vn -0.8420 0.5395 -0.0025
vn -0.8421 0.5393 -0.0025
vn -0.2299 -0.9732 -0.0007
vn -0.2304 -0.9731 -0.0007
vn 1.0000 0.0031 0.0030
vn -0.6691 0.7432 -0.0020
vn -0.6693 0.7429 -0.0020
vn -0.4561 -0.8899 -0.0014
vn -0.4564 -0.8898 -0.0014
vn 0.9589 -0.2837 0.0029
vn 0.9589 -0.2838 0.0029
vn -0.4615 0.8871 -0.0014
vn -0.4619 0.8869 -0.0014
vn -0.6645 -0.7473 -0.0020
vn -0.6647 -0.7471 -0.0020
vn 0.6989 0.7152 0.0009
vn -0.9651 0.2620 -0.0013
vn -0.9651 0.2619 -0.0013
vn 0.2559 -0.9667 0.0003
vn 0.0658 -0.9978 0.0001
vn 0.8612 0.5083 0.0011
vn 0.9635 0.2677 0.0012
vn 0.9634 0.2679 0.0012
vn 1.0000 0.0029 0.0013
vn 1.0000 0.0031 0.0013
vn 0.9651 -0.2619 0.0012
vn 0.8621 -0.5067 0.0011
vn 0.6693 -0.7429 0.0020
vn 0.8421 -0.5393 0.0026
vn 0.8420 -0.5395 0.0026
vn 0.4565 0.8897 0.0014
vn -0.8386 -0.5447 -0.0026
vn -0.8388 -0.5444 -0.0026
vn -1.0000 -0.0031 -0.0031
vn 0.8388 0.5444 0.0026
vn 0.8386 0.5447 0.0026
vn 0.9572 0.2896 0.0029
vn -0.8420 0.5395 -0.0026
vn -0.8421 0.5393 -0.0026
vn 1.0000 0.0031 0.0031
vn -0.4564 -0.8897 -0.0014
vn -0.6648 -0.7471 -0.0020
vn -1.0000 -0.0046 0.0000
vn -0.0046 1.0000 0.0000
vn 0.0121 -0.9999 0.0000
vn -1.0000 -0.0052 0.0000
vn -0.0041 1.0000 0.0000
vn 1.0000 0.0048 0.0000
vn 0.0092 -1.0000 0.0000
vn -0.6574 -0.7536 0.0000
vn 0.5496 -0.8354 0.0000
vn 0.0030 -1.0000 0.0000
vn 0.0030 -0.9963 0.0858
vn 0.0027 -1.0000 0.0000
vn 0.0030 -0.9963 -0.0858
vn 0.7406 -0.6720 0.0000
vn -0.7406 -0.6720 0.0000
vn 0.0032 -0.9726 0.2327
vn 0.0032 -0.9725 0.2328
vn 0.0032 -0.9725 -0.2328
vn 0.0032 -0.9726 -0.2327
vn 1.0000 0.0031 0.0000
vn -1.0000 -0.0031 0.0000
vn 0.0033 -1.0000 0.0000
vn -0.0056 0.0080 1.0000
vn -0.0060 0.0100 0.9999
vn -0.0054 0.0107 0.9999
vn -0.0067 0.0036 1.0000
vn -0.0086 -0.0051 0.9999
vn -0.0075 -0.0076 0.9999
vn -0.0072 -0.0081 0.9999
vn -0.0085 -0.0054 0.9999
vn -0.0089 0.0024 1.0000
vn -0.0091 -0.0000 1.0000
vn -0.0089 0.0026 1.0000
vn -0.0039 -0.0080 1.0000
vn -0.0054 -0.0051 1.0000
vn -0.0093 -0.0026 1.0000
vn -0.0093 -0.0027 1.0000
vn -0.0082 0.0048 1.0000
vn -0.0081 0.0051 1.0000
vn -0.0032 -0.0114 0.9999
vn -0.0026 -0.0118 0.9999
vn -0.0095 -0.0000 1.0000
vn -0.0071 0.0071 0.9999
vn -0.0068 0.0075 0.9999
vn -0.0054 -0.0093 0.9999
vn -0.0050 -0.0098 0.9999
vn -0.0093 0.0025 1.0000
vn -0.0093 0.0027 1.0000
vn -0.0055 0.0093 0.9999
vn -0.0050 0.0098 0.9999
vn -0.0070 -0.0072 0.9999
vn -0.0068 -0.0076 0.9999
vn -0.0087 0.0050 0.9999
vn -0.0085 0.0054 0.9999
vn -0.0033 0.0113 0.9999
vn -0.0026 0.0118 0.9999
vn -0.0055 -0.0080 1.0000
vn -0.0039 0.0080 1.0000
vn -0.0054 0.0051 1.0000
vn -0.0067 -0.0037 1.0000
vn -0.0082 -0.0048 1.0000
vn -0.0081 -0.0051 1.0000
vn -0.0076 0.0075 0.9999
vn -0.0073 0.0081 0.9999
vn -0.0059 -0.0101 0.9999
vn -0.0053 -0.0107 0.9999
vn -0.0089 -0.0025 1.0000
vn -0.0089 -0.0026 1.0000
vn -0.0036 -0.0000 1.0000
vn -0.0092 -0.0027 1.0000
vn -0.0032 -0.0113 0.9999
vn -0.0070 -0.0071 0.9999
vn -0.0068 -0.0075 0.9999
usemtl color
s 1
f 218/1/1 189/2/2 11/3/3 167/4/4
f 445/5/5 417/6/6 7/7/7 166/8/8
f 451/9/9 419/10/9 6/11/9 270/12/9
f 454/13/10 418/14/11 8/15/11 242/16/12
f 487/17/13 459/18/14 16/19/15 151/20/16
f 304/21/17 191/22/18 10/23/19 271/24/20
f 119/25/21 190/26/22 12/27/23 174/28/24
f 456/29/25 416/30/26 5/31/27 313/32/28
f 4225/33/29 4224/34/30 20/35/31 122/36/32
f 511/37/33 461/38/34 14/39/34 373/40/35
f 492/41/36 462/42/37 13/43/38 168/44/39
f 503/45/40 460/46/41 15/47/42 272/48/43
f 121/49/44 122/36/32 20/35/31 278/50/45
f 91/51/46 92/52/46 18/53/46 102/54/46
f 186/55/47 85/56/48 17/57/49 169/58/50
f 4241/59/51 4226/60/52 19/61/53 273/62/54
f 175/63/55 149/64/56 29/65/57
f 325/66/58 321/67/59 30/68/60 169/58/58
f 491/69/61 463/70/62 27/71/63 173/72/64
f 877/73/65 464/74/66 28/75/67 870/76/68
f 680/77/69 674/78/70 25/79/71 172/80/72
f 444/81/73 420/82/74 23/83/74 171/84/75
f 876/85/46 421/86/46 24/87/46 868/88/46
f 872/89/76 194/90/77 26/91/78 869/92/79
f 471/93/80 470/94/81 123/95/82 185/96/83
f 360/97/29 118/98/29 120/99/29 353/100/29
f 300/101/84 280/102/84 281/103/84 282/104/84 283/105/84 284/106/84 285/107/84 286/108/84 4341/109/84 4298/110/84 298/111/84 140/112/85 116/113/86 115/114/87 279/115/88
f 90/116/46 91/117/46 18/118/46 17/119/46
f 92/120/89 91/121/89 102/122/89
f 308/123/90 241/124/84 106/125/91 279/115/88
f 300/101/84 150/126/92 107/127/92 280/102/84
f 280/102/84 107/127/92 108/128/92 281/103/84
f 281/103/84 108/128/92 109/129/92 282/104/84
f 282/104/84 109/129/92 110/130/92 283/105/84
f 283/105/84 110/130/92 111/131/92 284/106/84
f 284/106/84 111/131/92 112/132/92 285/107/84
f 285/107/84 112/132/92 113/133/92 286/108/84
f 501/134/84 469/135/92 114/136/91 287/137/93
f 497/138/94 472/139/95 85/140/96 238/141/97
f 68/142/98 69/143/98 86/144/98
f 69/143/98 70/145/98 87/146/98 86/144/98
f 70/145/98 71/147/99 88/148/99 87/146/98
f 71/147/99 72/149/99 89/150/99 88/148/99
f 72/149/99 73/151/98 90/116/98 89/150/99
f 73/151/98 74/152/99 91/117/98 90/116/98
f 146/153/100 75/154/101 473/155/102 92/156/102
f 338/157/103 19/61/103 4257/158/103 4253/159/103
f 4237/160/29 4228/161/29 107/127/92 150/126/92
f 4228/161/29 4229/162/29 108/128/92 107/127/92
f 4229/162/29 4230/163/29 109/129/92 108/128/92
f 4230/163/29 4231/164/29 110/130/92 109/129/92
f 4231/164/29 4232/165/29 111/131/92 110/130/92
f 4232/165/29 4233/166/29 112/132/92 111/131/92
f 4233/166/29 4234/167/29 113/133/92 112/132/92
f 4244/168/29 4235/169/29 114/136/91 469/135/92
f 264/170/98 196/171/98 67/172/98 236/173/98
f 216/174/104 204/175/104 75/154/101 146/153/100
f 263/176/105 205/177/105 76/178/24 237/179/24
f 215/180/105 206/181/105 77/182/24 147/183/24
f 206/181/105 207/184/105 78/185/24 77/182/24
f 207/184/105 208/186/105 79/187/24 78/185/24
f 208/186/105 209/188/105 80/189/24 79/187/24
f 209/188/105 210/190/105 81/191/24 80/189/24
f 210/190/105 211/192/105 82/193/24 81/191/24
f 211/192/105 212/194/105 83/195/24 82/193/24
f 494/196/105 213/197/105 84/198/24 467/199/24
f 496/200/13 474/201/13 93/202/16 239/203/16
f 488/204/13 475/205/13 94/206/16 148/207/16
f 475/205/13 476/208/13 95/209/16 94/206/16
f 476/208/13 477/210/13 96/211/16 95/209/16
f 477/210/13 478/212/13 97/213/16 96/211/16
f 478/212/13 479/214/13 98/215/16 97/213/16
f 479/214/13 480/216/13 99/217/16 98/215/16
f 480/216/13 481/218/13 100/219/16 99/217/16
f 515/220/13 482/221/13 101/222/16 468/223/16
f 447/224/106 422/225/106 58/226/106 235/227/106
f 443/228/106 423/229/106 59/230/106 145/231/106
f 423/229/106 424/232/106 60/233/106 59/230/106
f 424/232/106 425/234/106 61/235/106 60/233/106
f 425/234/106 426/236/106 62/237/106 61/235/106
f 426/236/106 427/238/106 63/239/106 62/237/106
f 427/238/106 428/240/106 64/241/106 63/239/106
f 428/240/106 429/242/106 65/243/106 64/241/106
f 514/244/106 430/245/106 66/246/106 466/247/106
f 446/248/107 431/249/107 49/250/108 234/251/108
f 4302/252/106 441/253/106 136/254/106 4289/255/106
f 4304/256/13 486/257/13 138/258/16 4291/259/16
f 4295/260/105 214/261/105 137/262/24 4290/263/24
f 493/264/109 195/265/110 85/266/111 472/267/112
f 4311/268/29 4236/269/29 139/270/92 4292/271/92
f 4298/110/84 4292/271/92 139/270/92 298/111/84
f 85/266/113 102/272/113 68/273/113
f 422/225/106 443/228/106 145/231/106 58/226/106
f 474/201/13 488/204/13 148/207/16 93/202/16
f 205/177/105 215/180/105 147/183/24 76/178/24
f 4227/274/29 4237/160/29 150/126/92 106/125/91
f 74/152/99 146/153/99 92/156/98 91/117/98
f 279/115/88 106/125/91 150/126/92 300/101/84
f 91/117/46 92/156/46 102/122/46 18/275/46
f 245/276/29 255/277/29 164/278/29 154/279/29
f 4297/280/29 254/281/29 163/282/29 4293/283/29
f 495/284/29 253/285/29 162/286/29 489/287/29
f 251/288/29 252/289/29 161/290/29 160/291/29
f 250/292/29 251/288/29 160/291/29 159/293/29
f 249/294/29 250/292/29 159/293/29 158/295/29
f 227/296/29 249/294/29 158/295/29 157/297/29
f 240/298/29 227/296/29 157/297/29 156/299/29
f 244/300/29 240/298/29 156/299/29 155/301/29
f 255/277/29 244/300/29 155/301/29 164/278/29
f 268/302/29 245/276/29 154/279/29 256/303/29
f 873/304/114 246/305/115 153/306/116 871/307/117
f 259/308/118 247/309/119 149/64/56 175/63/55
f 305/310/120 229/311/121 105/312/122 302/313/123
f 258/314/124 238/315/97 85/56/48 186/55/47
f 118/98/29 248/316/125 104/317/126 120/99/29
f 246/305/115 258/314/124 186/55/47 153/306/127
f 225/318/128 259/308/118 175/63/55 92/52/129
f 4285/319/130 133/320/130 187/321/130 4294/322/130
f 33/323/130 32/324/130 183/325/130 182/326/130
f 34/327/130 33/323/130 182/326/130 181/328/130
f 35/329/130 34/327/130 181/328/130 180/330/130
f 36/331/130 35/329/130 180/330/130 179/332/130
f 37/333/130 36/331/130 179/332/130 178/334/130
f 38/335/130 37/333/130 178/334/130 177/336/130
f 142/337/130 38/335/130 177/336/130 188/338/130
f 416/30/131 444/81/73 171/84/75 5/31/132
f 681/339/133 680/77/69 172/80/72 9/340/134
f 461/38/135 491/69/61 173/72/64 14/39/136
f 115/114/87 116/113/86 18/53/137 92/52/129 175/63/55 29/65/57
f 153/306/127 186/55/47 169/58/50 30/68/138
f 464/74/66 492/41/36 168/44/39 28/75/67
f 445/5/5 166/8/8 850/341/46 851/342/46
f 194/90/77 218/1/1 167/4/4 26/91/78
f 24/87/139 166/8/140 218/1/1 194/90/77
f 5/31/141 171/84/142 217/343/143 192/344/144
f 58/226/105 145/231/105 215/180/105 205/177/105
f 484/345/145 135/346/146 195/265/110 493/264/109
f 4289/255/105 136/254/105 214/261/105 4295/260/105
f 466/247/105 66/246/105 213/197/105 494/196/105
f 64/241/105 65/243/105 212/194/105 211/192/105
f 63/239/105 64/241/105 211/192/105 210/190/105
f 62/237/105 63/239/105 210/190/105 209/188/105
f 61/235/105 62/237/105 209/188/105 208/186/105
f 60/233/105 61/235/105 208/186/105 207/184/105
f 59/230/105 60/233/105 207/184/105 206/181/105
f 145/231/105 59/230/105 206/181/105 215/180/105
f 235/227/105 58/226/105 205/177/105 263/176/105
f 144/347/147 57/348/148 204/175/104 216/174/104
f 234/251/108 49/250/108 196/171/98 264/170/98
f 868/88/149 24/87/139 194/90/77 872/89/76
f 171/84/142 23/83/150 193/349/151 217/343/143
f 357/350/152 192/344/153 681/339/154 9/340/154 372/351/154 315/352/155
f 242/16/156 8/15/157 190/26/22 119/25/21
f 270/12/158 6/11/159 191/22/18 304/21/17
f 166/8/140 7/7/160 189/2/2 218/1/1
f 66/246/105 222/353/105 266/354/105 213/197/105
f 57/348/108 221/355/108 265/356/98 204/175/98
f 331/357/108 234/251/108 264/170/98 327/358/98
f 332/359/161 235/227/105 263/176/105 326/360/162
f 317/361/163 355/362/164 259/308/118 225/318/128
f 343/363/165 354/364/166 258/314/124 246/305/115
f 253/285/29 267/365/29 257/366/29 162/286/29
f 350/367/29 359/368/29 267/365/29 253/285/29
f 103/369/29 345/370/167 248/316/125 118/98/29
f 354/364/166 335/371/168 238/315/97 258/314/124
f 366/372/169 320/373/170 229/311/121 305/310/120
f 355/362/164 344/374/171 247/309/119 259/308/118
f 874/375/172 343/363/165 246/305/115 873/304/114
f 362/376/29 268/302/29 256/303/29 323/377/29
f 369/378/29 361/379/29 268/302/29 362/376/29
f 361/379/29 342/380/29 245/276/29 268/302/29
f 352/381/29 341/382/29 244/300/29 255/277/29
f 341/382/29 337/383/29 240/298/29 244/300/29
f 337/383/29 328/384/29 227/296/29 240/298/29
f 328/384/29 346/385/29 249/294/29 227/296/29
f 346/385/29 347/386/29 250/292/29 249/294/29
f 347/386/29 348/387/29 251/288/29 250/292/29
f 348/387/29 349/388/29 252/289/29 251/288/29
f 506/389/29 350/367/29 253/285/29 495/284/29
f 4300/390/29 351/391/29 254/281/29 4297/280/29
f 342/380/29 352/381/29 255/277/29 245/276/29
f 364/392/130 307/393/130 233/394/130 330/395/130
f 453/396/107 446/248/107 234/251/108 331/357/108
f 452/397/173 447/224/173 235/227/173 332/359/173
f 505/398/13 496/200/13 239/203/16 336/399/16
f 326/360/162 263/176/105 237/179/24 334/400/24
f 327/358/98 264/170/98 236/173/98 333/401/98
f 114/136/174 4235/169/174 4250/402/174 4251/403/174
f 504/404/175 497/138/94 238/141/97 335/405/168
f 363/406/90 338/157/84 241/124/84 308/123/90
f 102/407/176 471/408/176 185/409/176 262/410/176 325/66/176 169/58/176 17/57/176 85/56/176 68/411/176
f 185/409/83 123/95/82 230/412/59 262/410/58
f 287/137/93 114/136/91 228/413/84 309/414/44
f 473/415/177 498/416/178 225/417/128 92/120/129
f 4238/418/179 4227/274/179 4249/419/179 4255/420/179
f 204/175/98 265/356/98 223/421/98 75/154/98
f 213/197/105 266/354/105 224/422/24 84/198/24
f 482/221/13 499/423/13 226/424/16 101/222/16
f 430/245/106 448/425/106 222/353/106 66/246/106
f 439/426/107 449/427/107 221/355/108 57/348/108
f 309/414/44 367/428/44 121/49/44 278/50/45 4240/429/180 301/430/181 856/431/182 411/432/183 871/307/117 153/306/116 30/68/60 321/67/59 230/412/59 123/95/82 287/137/93
f 4226/60/179 4242/433/179 4258/434/179 4260/435/179
f 345/370/167 365/436/184 306/437/185 248/316/125
f 689/438/186 366/372/169 305/310/120 688/439/187
f 683/440/188 270/12/158 304/21/17 687/441/189
f 8/15/157 275/442/190 303/443/191 190/26/22
f 688/439/187 305/310/120 302/313/123 686/444/192
f 248/316/125 306/437/185 301/430/181 104/317/126
f 88/148/193 89/150/193 90/116/193 17/445/193 18/446/193 116/113/193 140/112/193 102/447/193 68/142/193 86/144/193 87/146/193
f 367/428/44 319/448/84 122/36/32 121/49/44
f 470/94/81 501/134/84 287/137/93 123/95/82
f 508/449/13 487/17/13 151/20/16 318/450/16
f 190/26/22 303/443/191 276/451/194 12/27/23
f 418/14/195 450/452/196 275/442/197 8/15/195
f 459/18/14 502/453/198 277/454/199 16/19/15
f 4224/34/30 4240/429/180 278/50/45 20/35/31
f 273/62/54 363/406/90 308/123/90 279/115/88 115/114/87 29/65/57 149/64/56 516/455/200 693/456/201 686/444/192 302/313/123 4241/59/51
f 692/457/202 503/45/40 272/48/43 685/458/203
f 687/441/189 304/21/17 271/24/20 684/459/204
f 691/460/74 451/9/74 270/12/74 683/440/74
f 406/461/29 376/462/29 103/369/29 370/463/29
f 314/464/105 242/16/156 119/25/21 358/465/105
f 390/466/205 403/467/206 365/436/184 345/370/167
f 370/463/29 103/369/29 118/98/29 360/97/29
f 358/465/105 119/25/21 174/28/24 316/468/24
f 455/469/106 454/13/10 242/16/12 314/464/106
f 273/62/54 19/61/53 338/157/84 363/406/90
f 510/470/207 504/404/175 335/405/168 383/471/208
f 228/413/103 114/136/103 4251/403/103 4252/472/103
f 378/473/99 327/358/98 333/401/98 382/474/98
f 191/22/209 326/360/162 334/400/24 10/23/19
f 460/46/41 505/398/13 336/399/16 15/47/42
f 419/10/210 452/397/210 332/359/210 6/11/210
f 457/475/211 453/396/107 331/357/108 381/476/212
f 387/477/29 397/478/29 352/381/29 342/380/29
f 4301/479/29 396/480/29 351/391/29 4300/390/29
f 509/481/29 395/482/29 350/367/29 506/389/29
f 393/483/29 394/484/29 349/388/29 348/387/29
f 392/485/29 393/483/29 348/387/29 347/386/29
f 391/486/29 392/485/29 347/386/29 346/385/29
f 379/487/29 391/486/29 346/385/29 328/384/29
f 384/488/29 379/487/29 328/384/29 337/383/29
f 386/489/29 384/488/29 337/383/29 341/382/29
f 397/478/29 386/489/29 341/382/29 352/381/29
f 402/490/29 387/477/29 342/380/29 361/379/29
f 320/373/170 369/378/29 362/376/29 229/311/121
f 374/491/213 405/492/29 369/378/29 320/373/170
f 405/492/29 402/490/29 361/379/29 369/378/29
f 229/311/121 362/376/29 323/377/29 105/312/122
f 875/493/214 388/494/215 343/363/165 874/375/172
f 399/495/216 389/496/217 344/374/171 355/362/164
f 404/497/218 374/491/213 320/373/170 366/372/169
f 398/498/219 383/499/208 335/371/168 354/364/166
f 359/368/29 370/463/29 360/97/29 267/365/29
f 401/500/29 406/461/29 370/463/29 359/368/29
f 376/462/29 390/466/205 345/370/167 103/369/29
f 395/482/29 401/500/29 359/368/29 350/367/29
f 388/494/215 398/498/219 354/364/166 343/363/165
f 373/501/220 399/495/216 355/362/164 317/361/163
f 6/11/221 332/359/161 326/360/162 191/22/209
f 381/476/212 331/357/108 327/358/98 378/473/99
f 222/353/105 314/464/105 358/465/105 266/354/105
f 221/355/108 313/32/28 357/350/152 265/356/98
f 267/365/29 360/97/29 353/100/29 257/366/29
f 262/410/58 230/412/59 321/67/59 325/66/58
f 309/414/44 228/413/84 319/448/84 367/428/44
f 498/416/178 507/502/222 317/503/223 225/417/128
f 4227/274/224 106/125/224 4246/504/224 4249/419/224
f 265/356/98 357/350/152 315/352/155 223/421/98
f 266/354/105 358/465/105 316/468/24 224/422/24
f 499/423/13 508/449/13 318/450/16 226/424/16
f 448/425/106 455/469/106 314/464/106 222/353/106
f 449/427/107 456/29/25 313/32/28 221/355/108
f 7/7/225 381/476/225 378/473/226 189/2/227
f 1/505/130 371/506/130 377/507/130 170/508/130
f 14/39/136 173/72/64 399/495/216 373/501/220
f 28/75/67 168/44/39 398/498/219 388/494/215
f 101/222/16 226/424/16 401/500/29 395/482/29
f 151/20/16 16/19/15 390/466/205 376/462/29
f 226/424/16 318/450/16 406/461/29 401/500/29
f 168/44/39 13/43/38 383/499/208 398/498/219
f 272/48/43 15/47/42 374/491/213 404/497/218
f 173/72/64 27/71/63 389/496/217 399/495/216
f 870/76/68 28/75/67 388/494/215 875/493/214
f 336/399/16 239/203/16 402/490/29 405/492/29
f 15/47/42 336/399/16 405/492/29 374/491/213
f 239/203/16 93/202/16 387/477/29 402/490/29
f 148/207/16 94/206/16 386/489/29 397/478/29
f 94/206/16 95/209/16 384/488/29 386/489/29
f 95/209/16 96/211/16 379/487/29 384/488/29
f 96/211/16 97/213/16 391/486/29 379/487/29
f 97/213/16 98/215/16 392/485/29 391/486/29
f 98/215/16 99/217/16 393/483/29 392/485/29
f 99/217/16 100/219/16 394/484/29 393/483/29
f 468/223/16 101/222/16 395/482/29 509/481/29
f 4291/259/16 138/258/16 396/480/29 4301/479/29
f 93/202/16 148/207/16 397/478/29 387/477/29
f 417/6/228 457/475/211 381/476/212 7/7/228
f 189/2/227 378/473/226 382/474/229 11/3/229
f 462/42/37 510/470/207 383/471/208 13/43/38
f 16/19/15 277/454/199 403/467/206 390/466/205
f 685/458/203 272/48/43 404/497/218 690/509/230
f 318/450/16 151/20/16 376/462/29 406/461/29
f 507/502/222 511/37/33 373/40/35 317/503/223
f 313/32/28 5/31/27 192/344/153 357/350/152
f 864/510/231 410/511/232 415/512/233 860/513/234
f 860/513/234 415/512/233 414/514/235 859/515/236
f 859/515/236 414/514/235 413/516/237 858/517/238
f 862/518/239 408/519/240 412/520/241 857/521/242
f 858/517/238 413/516/237 411/432/183 856/431/182
f 857/521/242 412/520/241 409/522/243 863/523/244
f 458/524/46 876/85/46 881/525/46 880/526/46
f 866/527/245 512/528/246 410/511/232 864/510/231
f 863/523/244 409/522/243 512/528/246 866/527/245
f 315/352/247 372/351/248 511/37/33 507/502/222
f 11/3/3 382/474/249 510/470/207 462/42/37
f 138/258/16 468/223/16 509/481/29 396/480/29
f 224/422/24 316/468/24 508/449/13 499/423/13
f 223/421/250 315/352/247 507/502/222 498/416/178
f 396/480/29 509/481/29 506/389/29 351/391/29
f 10/23/19 334/400/24 505/398/13 460/46/41
f 382/474/249 333/401/251 504/404/175 510/470/207
f 684/459/204 271/24/20 503/45/40 692/457/202
f 12/27/23 276/451/194 502/453/198 459/18/14
f 316/468/24 174/28/24 487/17/13 508/449/13
f 140/112/85 298/111/84 501/134/84 470/94/81
f 84/198/24 224/422/24 499/423/13 482/221/13
f 75/154/252 223/421/250 498/416/178 473/415/177
f 333/401/251 236/173/253 497/138/94 504/404/175
f 334/400/24 237/179/24 496/200/13 505/398/13
f 351/391/29 506/389/29 495/284/29 254/281/29
f 136/254/105 466/247/105 494/196/105 214/261/105
f 49/250/254 484/345/145 493/264/109 196/171/255
f 26/91/78 167/4/4 492/41/36 464/74/66
f 9/340/134 172/80/72 491/69/61 461/38/135
f 254/281/29 495/284/29 489/287/29 163/282/29
f 76/178/24 147/183/24 488/204/13 474/201/13
f 196/171/255 493/264/109 472/267/112 67/172/256
f 4290/263/24 137/262/24 486/257/13 4304/256/13
f 441/253/106 514/244/106 466/247/106 136/254/106
f 486/257/13 515/220/13 468/223/16 138/258/16
f 137/262/24 467/199/24 515/220/13 486/257/13
f 467/199/24 84/198/24 482/221/13 515/220/13
f 82/193/24 83/195/24 481/218/13 480/216/13
f 81/191/24 82/193/24 480/216/13 479/214/13
f 80/189/24 81/191/24 479/214/13 478/212/13
f 79/187/24 80/189/24 478/212/13 477/210/13
f 78/185/24 79/187/24 477/210/13 476/208/13
f 77/182/24 78/185/24 476/208/13 475/205/13
f 147/183/24 77/182/24 475/205/13 488/204/13
f 237/179/24 76/178/24 474/201/13 496/200/13
f 214/261/105 494/196/105 467/199/24 137/262/24
f 4236/269/29 4244/168/29 469/135/92 139/270/92
f 236/173/253 67/172/257 472/139/95 497/138/94
f 298/111/84 139/270/92 469/135/92 501/134/84
f 102/447/80 140/112/85 470/94/81 471/93/80
f 869/92/79 26/91/78 464/74/66 877/73/65
f 172/80/72 25/79/71 463/70/62 491/69/61
f 271/24/20 10/23/19 460/46/41 503/45/40
f 167/4/4 11/3/3 462/42/37 492/41/36
f 372/351/248 9/340/134 461/38/135 511/37/33
f 174/28/24 12/27/23 459/18/14 487/17/13
f 25/79/71 521/529/258 526/530/259 463/70/62
f 27/71/63 522/531/260 524/532/261 389/496/217
f 389/496/217 524/532/261 523/533/262 344/374/171
f 463/70/62 526/530/259 522/531/260 27/71/63
f 247/309/119 518/534/263 516/455/200 149/64/56
f 344/374/171 523/533/262 518/534/263 247/309/119
f 527/535/264 528/536/265 530/537/266 529/538/267
f 529/538/267 530/537/266 525/539/268 531/540/268
f 531/540/269 525/541/270 532/542/271
f 532/542/271 525/543/270 533/544/272
f 533/544/273 525/543/273 520/545/274 534/546/275
f 534/546/275 520/547/274 659/548/276 535/549/277
f 659/548/276 520/547/274 537/550/278 517/551/279
f 517/551/279 537/550/278 539/552/280 660/553/281
f 660/553/281 539/552/280 541/554/282 661/555/282
f 661/555/282 541/554/282 542/556/283 662/557/283
f 662/557/283 542/556/283 543/558/284 663/559/285
f 663/559/285 543/558/284 545/560/286 664/561/287
f 664/561/287 545/560/286 547/562/288 665/563/288
f 665/563/288 547/562/288 549/564/289 666/565/289
f 666/565/289 549/564/289 550/566/290 667/567/291
f 667/567/291 550/566/290 552/568/292 668/569/293
f 668/569/293 552/568/292 554/570/294 193/571/295
f 193/571/295 554/570/294 23/572/296 669/573/297
f 677/574/298 669/575/297 23/576/296 676/577/299
f 676/577/299 23/576/296 420/578/300 675/579/301
f 557/580/302 675/581/301 420/582/303 558/583/304
f 558/583/304 420/584/303 559/585/305
f 23/572/306 579/586/307 580/587/308
f 559/585/305 420/588/303 560/589/309
f 560/589/309 420/588/303 528/590/265 527/591/264
f 527/592/310 529/593/310 531/594/310 532/595/310 533/596/310 534/597/310 535/598/310 536/599/310 538/600/310 540/601/310 521/602/310 544/603/310 546/604/310 548/605/310 25/606/310 551/607/310 553/608/310 555/609/310 556/610/310 557/611/310 558/612/310 559/613/310 560/614/310
f 528/590/311 420/588/312 584/615/313 562/616/314
f 525/539/315 530/537/316 561/617/317 563/618/318
f 537/550/319 520/547/320 567/619/321 568/620/322
f 545/560/323 543/558/324 572/621/325 573/622/326
f 554/570/327 552/568/328 577/623/329 578/624/330
f 420/582/312 582/625/331 583/626/332
f 520/545/320 525/543/315 565/627/333 566/628/334
f 542/556/335 541/554/336 570/629/337 571/630/338
f 550/566/339 549/564/340 575/631/341 576/632/342
f 420/578/312 23/576/306 580/587/308 581/633/343
f 525/539/315 563/618/318 564/634/344
f 539/552/345 537/550/319 568/620/322 569/635/346
f 530/537/316 528/536/311 562/636/314 561/617/317
f 547/562/347 545/560/323 573/622/326 574/637/348
f 23/572/306 554/570/327 578/624/330 579/586/307
f 420/584/312 583/626/332 584/615/313
f 520/545/320 566/628/334 567/619/321
f 543/558/324 542/556/335 571/630/338 572/621/325
f 552/568/328 550/566/339 576/632/342 577/623/329
f 420/578/312 581/633/343 582/625/331
f 525/541/315 564/634/344 565/627/333
f 541/554/336 539/552/345 569/635/346 570/629/337
f 549/564/340 547/562/347 574/637/348 575/631/341
f 679/638/349 193/571/295 669/573/297 677/639/298
f 674/640/350 668/569/293 193/571/295 679/638/349
f 678/641/351 667/567/291 668/569/293 674/640/350
f 673/642/289 666/565/289 667/567/291 678/641/351
f 672/643/288 665/563/288 666/565/289 673/642/289
f 671/644/352 664/561/287 665/563/288 672/643/288
f 670/645/353 663/559/285 664/561/287 671/644/352
f 521/646/354 662/557/283 663/559/285 670/647/353
f 540/648/282 661/555/282 662/557/283 521/646/354
f 538/649/355 660/553/281 661/555/282 540/648/282
f 536/650/356 517/551/279 660/553/281 538/649/355
f 535/549/277 659/548/276 517/551/279 536/650/356
f 521/651/354 670/645/353 671/644/352 544/652/357
f 544/652/357 671/644/352 672/643/288 546/653/288
f 546/653/288 672/643/288 673/642/289 548/654/289
f 548/654/289 673/642/289 678/641/351 25/655/358
f 25/655/358 678/641/351 674/640/350 551/656/359
f 551/656/359 674/640/350 679/638/349 553/657/360
f 553/657/360 679/638/349 677/639/298 555/658/361
f 556/659/362 676/577/299 675/579/301 557/580/302
f 555/658/361 677/574/298 676/577/299 556/659/362
f 192/344/144 217/343/143 680/77/69 681/339/133
f 217/343/143 193/349/151 674/78/70 680/77/69
f 702/660/363 684/459/204 692/457/202 699/661/364
f 703/662/365 685/458/203 690/509/230 697/663/366
f 697/663/366 690/509/230 689/438/186 696/664/367
f 699/661/364 692/457/202 685/458/203 703/662/365
f 695/665/368 688/439/187 686/444/192 693/456/201
f 696/664/367 689/438/186 688/439/187 695/665/368
f 523/533/262 696/664/367 695/665/368 518/534/263
f 520/666/369 701/667/369 694/668/370 517/669/371
f 518/534/263 695/665/368 693/456/201 516/455/200
f 526/530/259 699/661/364 703/662/365 522/531/260
f 517/669/371 694/668/370 702/660/363 521/529/258
f 525/670/74 698/671/74 701/667/74 520/666/74
f 524/532/261 697/663/366 696/664/367 523/533/262
f 522/531/260 703/662/365 697/663/366 524/532/261
f 521/529/258 702/660/363 699/661/364 526/530/259
f 704/672/372 705/673/373 707/674/374 706/675/375
f 706/675/375 707/674/374 691/676/376 708/677/376
f 708/677/377 691/678/378 709/679/379
f 709/679/379 691/680/378 710/681/380
f 710/681/381 691/680/381 683/682/382 711/683/383
f 711/683/383 683/684/382 846/685/384 712/686/385
f 846/685/384 683/684/382 714/687/386 687/688/387
f 687/688/387 714/687/386 716/689/388 734/690/388
f 734/690/388 716/689/388 717/691/282 737/692/282
f 737/692/282 717/691/282 719/693/283 743/694/283
f 743/694/283 719/693/283 721/695/284 741/696/389
f 741/696/389 721/695/284 723/697/286 739/698/390
f 739/698/390 723/697/286 725/699/288 842/700/288
f 842/700/288 725/699/288 726/701/289 843/702/289
f 843/702/289 726/701/289 728/703/290 844/704/290
f 844/704/290 728/703/290 730/705/391 845/706/391
f 845/706/391 730/705/391 732/707/392 694/708/393
f 694/708/393 732/707/392 701/709/394 847/710/395
f 733/711/396 847/712/395 701/713/394 735/714/397
f 735/714/397 701/713/394 698/715/398 736/716/398
f 736/716/399 698/717/400 738/718/401
f 738/718/401 698/719/400 740/720/402
f 701/709/403 762/721/404 763/722/405
f 740/720/402 698/723/400 742/724/406
f 742/724/406 698/723/400 705/725/373 704/726/372
f 704/727/407 706/728/407 708/729/407 709/730/407 710/731/407 711/732/407 712/733/407 713/734/407 715/735/407 684/736/407 718/737/407 720/738/407 722/739/407 724/740/407 702/741/407 727/742/407 729/743/407 731/744/407 733/745/407 735/746/407 736/747/407 738/748/407 740/749/407 742/750/407
f 705/725/408 698/723/409 767/751/410 745/752/411
f 691/676/412 707/674/413 744/753/414 746/754/415
f 714/687/416 683/684/417 750/755/418 751/756/419
f 723/697/323 721/695/420 755/757/421 756/758/422
f 732/707/423 730/705/424 760/759/425 761/760/426
f 698/717/409 765/761/427 766/762/428
f 683/682/417 691/680/412 748/763/429 749/764/430
f 719/693/431 717/691/432 753/765/433 754/766/434
f 728/703/435 726/701/340 758/767/341 759/768/436
f 698/715/409 701/713/403 763/722/405 764/769/437
f 691/676/412 746/754/415 747/770/438
f 716/689/439 714/687/416 751/756/419 752/771/440
f 707/674/413 705/673/408 745/772/411 744/753/414
f 725/699/347 723/697/323 756/758/422 757/773/348
f 701/709/403 732/707/423 761/760/426 762/721/404
f 698/719/409 766/762/428 767/751/410
f 683/682/417 749/764/430 750/755/418
f 721/695/420 719/693/431 754/766/434 755/757/421
f 730/705/424 728/703/435 759/768/436 760/759/425
f 698/715/409 764/769/437 765/761/427
f 691/678/412 747/770/438 748/763/429
f 717/691/432 716/689/439 752/771/440 753/765/433
f 726/701/340 725/699/347 757/773/348 758/767/341
f 731/774/441 694/708/393 847/710/395 733/711/396
f 729/775/391 845/706/391 694/708/393 731/774/441
f 727/776/290 844/704/290 845/706/391 729/775/391
f 702/777/289 843/702/289 844/704/290 727/776/290
f 724/778/288 842/700/288 843/702/289 702/777/289
f 722/779/286 739/698/390 842/700/288 724/778/288
f 720/780/284 741/696/389 739/698/390 722/779/286
f 718/781/283 743/694/283 741/696/389 720/780/284
f 684/782/282 737/692/282 743/694/283 718/781/283
f 715/783/388 734/690/388 737/692/282 684/782/282
f 713/784/442 687/688/387 734/690/388 715/783/388
f 712/686/385 846/685/384 687/688/387 713/784/442
f 421/86/46 445/5/5 851/342/46 848/785/46
f 166/8/8 24/87/46 849/786/46 850/341/46
f 24/87/46 421/86/46 848/785/46 849/786/46
f 276/451/194 863/523/244 866/527/245 502/453/198
f 502/453/198 866/527/245 864/510/231 277/454/199
f 450/452/196 865/787/46 862/518/46 275/442/197
f 303/443/191 857/521/242 863/523/244 276/451/194
f 306/437/185 858/517/238 856/431/182 301/430/181
f 275/442/190 862/518/239 857/521/242 303/443/191
f 365/436/184 859/515/236 858/517/238 306/437/185
f 277/454/199 864/510/231 860/513/234 403/467/206
f 409/522/243 869/92/79 877/73/65 512/528/246
f 410/511/232 870/76/68 875/493/214 415/512/233
f 415/512/233 875/493/214 874/375/172 414/514/235
f 414/514/235 874/375/172 873/304/114 413/516/237
f 408/519/240 868/88/149 872/89/76 412/520/241
f 413/516/237 873/304/114 871/307/117 411/432/183
f 412/520/241 872/89/76 869/92/79 409/522/243
f 408/519/46 862/518/46 878/788/46 879/789/46
f 512/528/246 877/73/65 870/76/68 410/511/232
f 868/88/46 408/519/46 879/789/46 883/790/46
f 865/787/46 458/524/46 880/526/46 882/791/46
f 876/85/46 868/88/46 883/790/46 881/525/46
f 862/518/46 865/787/46 882/791/46 878/788/46
f 163/282/29 489/287/29 4244/168/29 4236/269/29
f 257/366/29 353/100/29 4243/792/29 4239/793/29
f 105/312/122 323/377/29 4242/433/29 4226/60/52
f 104/317/126 301/430/181 4240/429/180 4224/34/30
f 353/100/29 120/99/29 4225/33/29 4243/792/29
f 162/286/29 257/366/29 4239/793/29 4235/169/29
f 323/377/29 256/303/29 4238/418/29 4242/433/29
f 154/279/29 164/278/29 4237/160/29 4227/274/29
f 4293/283/29 163/282/29 4236/269/29 4311/268/29
f 489/287/29 162/286/29 4235/169/29 4244/168/29
f 160/291/29 161/290/29 4234/167/29 4233/166/29
f 159/293/29 160/291/29 4233/166/29 4232/165/29
f 158/295/29 159/293/29 4232/165/29 4231/164/29
f 157/297/29 158/295/29 4231/164/29 4230/163/29
f 156/299/29 157/297/29 4230/163/29 4229/162/29
f 155/301/29 156/299/29 4229/162/29 4228/161/29
f 164/278/29 155/301/29 4228/161/29 4237/160/29
f 256/303/29 154/279/29 4227/274/29 4238/418/29
f 302/313/123 105/312/122 4226/60/52 4241/59/51
f 120/99/29 104/317/126 4224/34/30 4225/33/29
f 4255/420/443 4249/419/443 4246/504/443 4245/794/443
f 4258/434/443 4255/420/443 4245/794/443 4253/159/443
f 4250/402/443 4256/795/443 4252/472/443 4251/403/443
f 4259/796/443 4247/797/443 4248/798/443 4254/799/443
f 4260/435/443 4258/434/443 4253/159/443 4257/158/443
f 4256/795/443 4259/796/443 4254/799/443 4252/472/443
f 19/61/444 4226/60/444 4260/435/444 4257/158/444
f 4225/33/445 122/36/445 4248/798/445 4247/797/445
f 4243/792/179 4225/33/179 4247/797/179 4259/796/179
f 4235/169/179 4239/793/179 4256/795/179 4250/402/179
f 319/448/103 228/413/103 4252/472/103 4254/799/103
f 4242/433/179 4238/418/179 4255/420/179 4258/434/179
f 241/124/103 338/157/103 4253/159/103 4245/794/103
f 106/125/103 241/124/103 4245/794/103 4246/504/103
f 4239/793/179 4243/792/179 4259/796/179 4256/795/179
f 122/36/103 319/448/103 4254/799/103 4248/798/103
f 4317/800/29 4293/283/29 4311/268/29 4332/801/29
f 4337/802/24 4290/263/24 4304/256/13 4325/803/13
f 4338/804/16 4291/259/16 4301/479/29 4323/805/29
f 4323/805/29 4301/479/29 4300/390/29 4322/806/29
f 4322/806/29 4300/390/29 4297/280/29 4320/807/29
f 4336/808/105 4289/255/105 4295/260/105 4319/809/105
f 4314/810/130 4285/319/130 4294/322/130 4318/811/130
f 4320/807/29 4297/280/29 4293/283/29 4317/800/29
f 4341/109/84 4339/812/92 4292/271/92 4298/110/84
f 4332/801/29 4311/268/29 4292/271/92 4339/812/92
f 4319/809/105 4295/260/105 4290/263/24 4337/802/24
f 4325/803/13 4304/256/13 4291/259/16 4338/804/16
f 4324/813/106 4302/252/106 4289/255/106 4336/808/106
f 429/242/106 4324/813/106 4336/808/106 65/243/106
f 481/218/13 4325/803/13 4338/804/16 100/219/16
f 212/194/105 4319/809/105 4337/802/24 83/195/24
f 4234/167/29 4332/801/29 4339/812/92 113/133/92
f 286/108/84 113/133/92 4339/812/92 4341/109/84
f 252/289/29 4320/807/29 4317/800/29 161/290/29
f 32/324/130 4314/810/130 4318/811/130 183/325/130
f 65/243/105 4336/808/105 4319/809/105 212/194/105
f 349/388/29 4322/806/29 4320/807/29 252/289/29
f 394/484/29 4323/805/29 4322/806/29 349/388/29
f 100/219/16 4338/804/16 4323/805/29 394/484/29
f 83/195/24 4337/802/24 4325/803/13 481/218/13
f 161/290/29 4317/800/29 4332/801/29 4234/167/29
usemtl border
f 117/814/130 274/815/130 4/816/130 339/817/130
f 400/818/130 165/819/130 22/820/130 385/821/130
f 260/822/130 176/823/130 132/824/130 231/825/130
f 188/338/130 177/336/130 131/826/130 152/827/130
f 177/336/130 178/334/130 130/828/130 131/826/130
f 178/334/130 179/332/130 129/829/130 130/828/130
f 179/332/130 180/330/130 128/830/130 129/829/130
f 180/330/130 181/328/130 127/831/130 128/830/130
f 181/328/130 182/326/130 126/832/130 127/831/130
f 182/326/130 183/325/130 125/833/130 126/832/130
f 490/834/130 184/835/130 124/836/130 485/837/130
f 4342/838/107 432/839/107 50/840/108 4315/841/108
f 432/839/107 433/842/107 51/843/108 50/840/108
f 433/842/107 434/844/107 52/845/108 51/843/108
f 434/844/107 435/846/107 53/847/108 52/845/108
f 435/846/107 436/848/107 54/849/108 53/847/108
f 436/848/107 437/850/107 55/851/108 54/849/108
f 437/850/107 438/852/107 56/853/108 55/851/108
f 442/854/446 439/426/446 57/348/148 144/347/147
f 307/393/130 288/855/130 40/856/130 233/394/130
f 299/857/130 289/858/447 41/859/130 143/860/130
f 289/858/447 290/861/448 42/862/130 41/859/130
f 290/861/448 291/863/449 43/864/130 42/862/130
f 291/863/449 292/865/449 44/866/130 43/864/130
f 292/865/449 293/867/449 45/868/130 44/866/130
f 293/867/449 294/869/448 46/870/130 45/868/130
f 294/869/448 295/871/447 47/872/130 46/870/130
f 500/873/130 296/874/130 48/875/130 465/876/130
f 4299/877/130 297/878/130 134/879/130 4288/880/130
f 513/881/450 440/882/450 135/346/146 484/345/145
f 4294/322/130 187/321/130 141/883/130 4287/884/130
f 288/855/130 299/857/130 143/860/130 40/856/130
f 438/852/107 442/854/107 144/347/108 56/853/108
f 176/823/130 188/338/130 152/827/130 132/824/130
f 39/885/130 142/337/130 188/338/130 176/823/130
f 483/886/130 31/887/130 184/835/130 490/834/130
f 219/888/130 39/885/130 176/823/130 260/822/130
f 380/889/130 3/890/130 165/819/130 400/818/130
f 31/887/130 232/891/130 261/892/130 184/835/130
f 311/893/130 219/888/130 260/822/130 324/894/130
f 324/894/130 260/822/130 231/825/130 322/895/130
f 184/835/130 261/892/130 243/896/130 124/836/130
f 296/874/130 310/897/130 220/898/130 48/875/130
f 243/896/130 340/899/130 385/821/130 22/820/130 867/900/130 407/901/130 861/902/130 274/815/130 117/814/130 368/903/130 310/897/130 296/874/130 952/904/130 940/905/130 910/906/130 898/907/130 4281/908/130 4269/909/130 124/836/130
f 231/825/130 132/824/130 4261/910/130 4273/911/130 890/912/130 902/913/130 932/914/130 944/915/130 288/855/130 307/393/130 364/392/130 269/916/130 682/917/130 840/918/130 841/919/130 700/920/130 519/921/130 658/922/130 657/923/130 21/924/130 375/925/130 322/895/130
f 944/915/130 954/926/130 299/857/130 288/855/130
f 4310/927/130 953/928/130 297/878/130 4299/877/130
f 955/929/130 952/904/130 296/874/130 500/873/130
f 950/930/451 951/931/452 295/871/447 294/869/448
f 949/932/453 950/930/451 294/869/448 293/867/449
f 948/933/453 949/932/453 293/867/449 292/865/449
f 947/934/453 948/933/453 292/865/449 291/863/449
f 946/935/454 947/934/453 291/863/449 290/861/448
f 945/936/455 946/935/454 290/861/448 289/858/447
f 954/926/130 945/936/455 289/858/447 299/857/130
f 377/507/130 324/894/130 322/895/130 375/925/130
f 269/916/130 364/392/130 330/395/130 2/937/130
f 371/506/130 311/893/130 324/894/130 377/507/130
f 368/903/130 117/814/130 339/817/130 312/938/130
f 232/891/130 329/939/130 356/940/130 261/892/130
f 261/892/130 356/940/130 340/899/130 243/896/130
f 310/897/130 368/903/130 312/938/130 220/898/130
f 170/508/130 377/507/130 375/925/130 21/924/130
f 329/939/130 380/889/130 400/818/130 356/940/130
f 356/940/130 400/818/130 385/821/130 340/899/130
f 861/902/46 407/901/46 458/524/46 865/787/46
f 3/890/228 380/889/456 457/475/211 417/6/228
f 219/888/107 311/893/457 456/29/25 449/427/107
f 220/898/106 312/938/106 455/469/106 448/425/106
f 380/889/456 329/939/107 453/396/107 457/475/211
f 2/937/210 330/395/210 452/397/210 419/10/210
f 312/938/106 339/817/458 454/13/10 455/469/106
f 682/917/74 269/916/74 451/9/74 691/460/74
f 4/816/195 274/815/459 450/452/196 418/14/195
f 39/885/107 219/888/107 449/427/107 439/426/107
f 48/875/106 220/898/106 448/425/106 430/245/106
f 330/395/173 233/394/173 447/224/173 452/397/173
f 329/939/107 232/891/107 446/248/107 453/396/107
f 22/820/46 165/819/460 445/5/5 421/86/46
f 1/505/131 170/508/461 444/81/73 416/30/131
f 40/856/106 143/860/106 443/228/106 422/225/106
f 38/335/107 142/337/107 442/854/107 438/852/107
f 4288/880/106 134/879/106 441/253/106 4302/252/106
f 483/886/450 133/320/450 440/882/450 513/881/450
f 142/337/446 39/885/446 439/426/446 442/854/446
f 37/333/107 38/335/107 438/852/107 437/850/107
f 36/331/107 37/333/107 437/850/107 436/848/107
f 35/329/107 36/331/107 436/848/107 435/846/107
f 34/327/107 35/329/107 435/846/107 434/844/107
f 33/323/107 34/327/107 434/844/107 433/842/107
f 32/324/107 33/323/107 433/842/107 432/839/107
f 4314/810/107 32/324/107 432/839/107 4342/838/107
f 232/891/107 31/887/107 431/249/107 446/248/107
f 465/876/106 48/875/106 430/245/106 514/244/106
f 46/870/106 47/872/106 429/242/106 428/240/106
f 45/868/106 46/870/106 428/240/106 427/238/106
f 44/866/106 45/868/106 427/238/106 426/236/106
f 43/864/106 44/866/106 426/236/106 425/234/106
f 42/862/106 43/864/106 425/234/106 424/232/106
f 41/859/106 42/862/106 424/232/106 423/229/106
f 143/860/106 41/859/106 423/229/106 443/228/106
f 233/394/106 40/856/106 422/225/106 447/224/106
f 867/900/46 22/820/46 421/86/46 876/85/46
f 170/508/461 21/924/74 420/82/74 444/81/73
f 311/893/457 371/506/462 1/505/462 416/30/26 456/29/25
f 339/817/458 4/816/11 418/14/11 454/13/10
f 269/916/463 2/937/463 419/10/9 451/9/9
f 165/819/460 3/890/6 417/6/6 445/5/5
f 134/879/106 465/876/106 514/244/106 441/253/106
f 31/887/450 483/886/450 513/881/450 431/249/450
f 953/928/130 955/929/130 500/873/130 297/878/130
f 133/320/130 483/886/130 490/834/130 187/321/130
f 431/249/450 513/881/450 484/345/145 49/250/254
f 297/878/130 500/873/130 465/876/130 134/879/130
f 187/321/130 490/834/130 485/837/130 141/883/130
f 658/922/74 519/921/74 525/670/74 530/941/74
f 583/626/464 582/625/465 606/942/466 607/943/467
f 576/632/468 575/631/469 599/944/470 600/945/471
f 569/635/472 568/620/473 592/946/474 593/947/475
f 584/615/476 583/626/464 607/943/467 608/948/477
f 561/617/478 562/636/479 586/949/479 585/950/480
f 577/623/481 576/632/468 600/945/471 601/951/482
f 570/629/483 569/635/472 593/947/475 594/952/484
f 562/616/479 584/615/476 608/948/477 586/953/479
f 563/618/485 561/617/478 585/950/480 587/954/486
f 578/624/487 577/623/481 601/951/482 602/955/488
f 571/630/489 570/629/483 594/952/484 595/956/490
f 564/634/491 563/618/485 587/954/486 588/957/492
f 579/586/493 578/624/487 602/955/488 603/958/494
f 572/621/495 571/630/489 595/956/490 596/959/496
f 565/627/497 564/634/491 588/957/492 589/960/498
f 580/587/499 579/586/493 603/958/494 604/961/499
f 573/622/500 572/621/495 596/959/496 597/962/501
f 566/628/502 565/627/497 589/960/498 590/963/503
f 581/633/504 580/587/499 604/961/499 605/964/505
f 574/637/506 573/622/500 597/962/501 598/965/507
f 567/619/508 566/628/502 590/963/503 591/966/508
f 582/625/465 581/633/504 605/964/505 606/942/466
f 575/631/469 574/637/506 598/965/507 599/944/470
f 568/620/473 567/619/508 591/966/508 592/946/474
f 618/967/509 617/968/510 641/969/511 642/970/512
f 610/971/513 632/972/514 656/973/515 634/974/513
f 611/975/516 609/976/517 633/977/518 635/978/519
f 626/979/520 625/980/521 649/981/522 650/982/523
f 619/983/524 618/967/509 642/970/512 643/984/525
f 612/985/526 611/975/516 635/978/519 636/986/527
f 627/987/528 626/979/520 650/982/523 651/988/528
f 620/989/529 619/983/524 643/984/525 644/990/530
f 613/991/531 612/985/526 636/986/527 637/992/532
f 628/993/533 627/987/528 651/988/528 652/994/534
f 621/995/535 620/989/529 644/990/530 645/996/536
f 614/997/537 613/991/531 637/992/532 638/998/538
f 629/999/539 628/993/533 652/994/534 653/1000/540
f 622/1001/541 621/995/535 645/996/536 646/1002/542
f 615/1003/543 614/997/537 638/998/538 639/1004/543
f 630/1005/544 629/999/539 653/1000/540 654/1006/545
f 623/1007/546 622/1001/541 646/1002/542 647/1008/547
f 616/1009/548 615/1003/543 639/1004/543 640/1010/549
f 631/1011/550 630/1005/544 654/1006/545 655/1012/551
f 624/1013/552 623/1007/546 647/1008/547 648/1014/553
f 617/968/510 616/1009/548 640/1010/549 641/969/511
f 632/972/514 631/1011/550 655/1012/551 656/973/515
f 609/976/517 610/1015/513 634/1016/513 633/977/518
f 625/980/521 624/1013/552 648/1014/553 649/981/522
f 21/924/74 657/923/74 528/1017/74 420/82/74
f 657/923/74 658/922/74 530/941/74 528/1017/74
f 840/918/74 682/917/74 691/460/74 707/1018/74
f 519/921/74 700/920/74 698/671/74 525/670/74
f 766/762/464 765/761/465 789/1019/466 790/1020/467
f 759/768/554 758/767/469 782/1021/470 783/1022/471
f 752/771/472 751/756/555 775/1023/556 776/1024/475
f 767/751/557 766/762/464 790/1020/467 791/1025/477
f 744/753/478 745/772/558 769/1026/479 768/1027/480
f 760/759/559 759/768/554 783/1022/471 784/1028/482
f 753/765/483 752/771/472 776/1024/475 777/1029/484
f 745/752/558 767/751/557 791/1025/477 769/1030/479
f 746/754/485 744/753/478 768/1027/480 770/1031/486
f 761/760/560 760/759/559 784/1028/482 785/1032/561
f 754/766/489 753/765/483 777/1029/484 778/1033/490
f 747/770/491 746/754/485 770/1031/486 771/1034/492
f 762/721/562 761/760/560 785/1032/561 786/1035/563
f 755/757/495 754/766/489 778/1033/490 779/1036/496
f 748/763/497 747/770/491 771/1034/492 772/1037/498
f 763/722/564 762/721/562 786/1035/563 787/1038/499
f 756/758/500 755/757/495 779/1036/496 780/1039/501
f 749/764/502 748/763/497 772/1037/498 773/1040/503
f 764/769/565 763/722/564 787/1038/499 788/1041/505
f 757/773/506 756/758/500 780/1039/501 781/1042/507
f 750/755/508 749/764/502 773/1040/503 774/1043/508
f 765/761/465 764/769/565 788/1041/505 789/1019/466
f 758/767/469 757/773/506 781/1042/507 782/1021/470
f 751/756/555 750/755/508 774/1043/508 775/1023/556
f 801/1044/566 800/1045/567 824/1046/568 825/1047/512
f 793/1048/513 815/1049/514 839/1050/515 817/1051/513
f 794/1052/569 792/1053/517 816/1054/518 818/1055/519
f 809/1056/520 808/1057/570 832/1058/571 833/1059/523
f 802/1060/524 801/1044/566 825/1047/512 826/1061/525
f 795/1062/526 794/1052/569 818/1055/519 819/1063/527
f 810/1064/572 809/1056/520 833/1059/523 834/1065/572
f 803/1066/529 802/1060/524 826/1061/525 827/1067/530
f 796/1068/573 795/1062/526 819/1063/527 820/1069/574
f 811/1070/533 810/1064/572 834/1065/572 835/1071/534
f 804/1072/535 803/1066/529 827/1067/530 828/1073/536
f 797/1074/575 796/1068/573 820/1069/574 821/1075/538
f 812/1076/576 811/1070/533 835/1071/534 836/1077/577
f 805/1078/541 804/1072/535 828/1073/536 829/1079/542
f 798/1080/578 797/1074/575 821/1075/538 822/1081/578
f 813/1082/544 812/1076/576 836/1077/577 837/1083/545
f 806/1084/546 805/1078/541 829/1079/542 830/1085/579
f 799/1086/548 798/1080/578 822/1081/578 823/1087/549
f 814/1088/550 813/1082/544 837/1083/545 838/1089/551
f 807/1090/552 806/1084/546 830/1085/579 831/1091/580
f 800/1045/567 799/1086/548 823/1087/549 824/1046/568
f 815/1049/514 814/1088/550 838/1089/551 839/1050/515
f 792/1053/517 793/1092/513 817/1093/513 816/1054/518
f 808/1057/570 807/1090/552 831/1091/580 832/1058/571
f 841/919/74 840/918/74 707/1018/74 705/1094/74
f 700/920/74 841/919/74 705/1094/74 698/671/74
f 851/342/581 850/341/581 854/1095/581 855/1096/581
f 849/786/107 848/785/107 852/1097/107 853/1098/107
f 848/785/582 851/342/582 855/1096/582 852/1097/582
f 850/341/583 849/786/583 853/1098/583 854/1095/583
f 274/815/459 861/902/46 865/787/46 450/452/196
f 407/901/46 867/900/46 876/85/46 458/524/46
f 881/525/584 883/790/584 889/1099/584 887/1100/584
f 882/791/585 880/526/585 886/1101/585 888/1102/585
f 878/788/586 882/791/586 888/1102/586 884/1103/586
f 880/526/585 881/525/585 887/1100/585 886/1101/585
f 879/789/587 878/788/587 884/1103/587 885/1104/587
f 883/790/587 879/789/587 885/1104/587 889/1099/587
f 4282/1105/130 4284/1106/130 901/1107/130 899/1108/130
f 4283/1109/130 4274/1110/130 891/1111/130 900/1112/130
f 4274/1110/130 4275/1113/130 892/1114/130 891/1111/130
f 4275/1113/130 4276/1115/130 893/1116/130 892/1114/130
f 4276/1115/130 4277/1117/130 894/1118/130 893/1116/130
f 4277/1117/130 4278/1119/130 895/1120/130 894/1118/130
f 4278/1119/130 4279/1121/130 896/1122/130 895/1120/130
f 4279/1121/130 4280/1123/130 897/1124/130 896/1122/130
f 4284/1106/130 4281/908/130 898/907/130 901/1107/130
f 4313/1125/130 4282/1105/130 899/1108/130 4305/1126/130
f 4273/911/130 4283/1109/130 900/1112/130 890/912/130
f 899/1108/130 901/1107/130 913/1127/130 911/1128/130
f 900/1112/588 891/1111/588 914/1129/588 915/1130/588
f 909/1131/589 908/1132/589 928/1133/589 929/1134/589
f 896/1122/588 897/1124/588 921/1135/588 920/1136/588
f 908/1132/589 907/1137/589 927/1138/589 928/1133/589
f 912/1139/46 900/1112/46 915/1130/46 931/1140/46
f 895/1120/588 896/1122/588 920/1136/588 919/1141/588
f 907/1137/589 906/1142/589 926/1143/589 927/1138/589
f 901/1107/130 898/907/130 910/906/130 913/1127/130
f 899/1108/74 911/1128/74 930/1144/74 922/1145/74
f 890/912/130 900/1112/130 912/1139/130 902/913/130
f 4305/1126/588 899/1108/588 922/1145/588 4307/1146/588
f 903/1147/589 912/1139/589 931/1140/589 923/1148/589
f 891/1111/588 892/1114/588 916/1149/588 914/1129/588
f 4327/1150/589 909/1131/589 929/1134/589 4329/1151/589
f 904/1152/589 903/1147/589 923/1148/589 924/1153/589
f 892/1114/588 893/1116/588 917/1154/588 916/1149/588
f 905/1155/589 904/1152/589 924/1153/589 925/1156/589
f 893/1116/588 894/1118/588 918/1157/588 917/1154/588
f 906/1142/589 905/1155/589 925/1156/589 926/1143/589
f 894/1118/588 895/1120/588 919/1141/588 918/1157/588
f 911/1128/130 913/1127/130 943/1158/130 941/1159/130
f 912/1139/130 903/1147/590 933/1160/590 942/1161/130
f 903/1147/590 904/1152/447 934/1162/591 933/1160/590
f 904/1152/447 905/1155/592 935/1163/592 934/1162/591
f 905/1155/592 906/1142/592 936/1164/592 935/1163/592
f 906/1142/592 907/1137/592 937/1165/592 936/1164/592
f 907/1137/592 908/1132/447 938/1166/593 937/1165/592
f 908/1132/447 909/1131/590 939/1167/590 938/1166/593
f 913/1127/130 910/906/130 940/905/130 943/1158/130
f 4306/1168/130 911/1128/130 941/1159/130 4309/1169/130
f 902/913/130 912/1139/130 942/1161/130 932/914/130
f 941/1159/130 943/1158/130 955/929/130 953/928/130
f 942/1161/130 933/1160/590 945/936/455 954/926/130
f 933/1160/590 934/1162/591 946/935/454 945/936/455
f 950/930/594 949/932/594 964/1170/594 965/1171/594
f 936/1164/595 937/1165/595 959/1172/595 958/1173/595
f 949/932/594 948/933/594 963/1174/594 964/1170/594
f 935/1163/595 936/1164/595 958/1173/595 956/1175/595
f 938/1166/593 939/1167/590 951/931/452 950/930/451
f 943/1158/130 940/905/130 952/904/130 955/929/130
f 4309/1169/130 941/1159/130 953/928/130 4310/927/130
f 932/914/130 942/1161/130 954/926/130 944/915/130
f 947/934/594 946/935/594 961/1176/594 962/1177/594
f 937/1165/595 938/1166/595 960/1178/595 959/1172/595
f 946/935/454 934/1162/591 957/1179/596 961/1176/597
f 934/1162/595 935/1163/595 956/1175/595 957/1179/595
f 948/933/594 947/934/594 962/1177/594 963/1174/594
f 938/1166/593 950/930/451 965/1171/598 960/1178/599
f 132/824/130 152/827/130 4271/1180/130 4261/910/130
f 4287/884/130 141/883/130 4270/1181/130 4312/1182/130
f 485/837/130 124/836/130 4269/909/130 4272/1183/130
f 126/832/130 125/833/130 4268/1184/130 4267/1185/130
f 127/831/130 126/832/130 4267/1185/130 4266/1186/130
f 128/830/130 127/831/130 4266/1186/130 4265/1187/130
f 129/829/130 128/830/130 4265/1187/130 4264/1188/130
f 130/828/130 129/829/130 4264/1188/130 4263/1189/130
f 131/826/130 130/828/130 4263/1189/130 4262/1190/130
f 152/827/130 131/826/130 4262/1190/130 4271/1180/130
f 141/883/130 485/837/130 4272/1183/130 4270/1181/130
f 4261/910/130 4271/1180/130 4283/1109/130 4273/911/130
f 4312/1182/130 4270/1181/130 4282/1105/130 4313/1125/130
f 4272/1183/130 4269/909/130 4281/908/130 4284/1106/130
f 4267/1185/130 4268/1184/130 4280/1123/130 4279/1121/130
f 4266/1186/130 4267/1185/130 4279/1121/130 4278/1119/130
f 4265/1187/130 4266/1186/130 4278/1119/130 4277/1117/130
f 4264/1188/130 4265/1187/130 4277/1117/130 4276/1115/130
f 4263/1189/130 4264/1188/130 4276/1115/130 4275/1113/130
f 4262/1190/130 4263/1189/130 4275/1113/130 4274/1110/130
f 4271/1180/130 4262/1190/130 4274/1110/130 4283/1109/130
f 4270/1181/130 4272/1183/130 4284/1106/130 4282/1105/130
f 4333/1191/130 4312/1182/130 4313/1125/130 4334/1192/130
f 4316/1193/130 4287/884/130 4312/1182/130 4333/1191/130
f 4330/1194/130 4309/1169/130 4310/927/130 4331/1195/130
f 4327/1150/130 4306/1168/130 4309/1169/130 4330/1194/130
f 911/1128/589 4306/1168/589 4308/1196/589 930/1144/589
f 4326/1197/588 4305/1126/588 4307/1146/588 4328/1198/588
f 4334/1192/130 4313/1125/130 4305/1126/130 4326/1197/130
f 133/320/107 4285/319/107 4303/1199/107 440/882/107
f 4335/1200/106 4288/880/106 4302/252/106 4324/813/106
f 4331/1195/130 4310/927/130 4299/877/130 4321/1201/130
f 4318/811/130 4294/322/130 4287/884/130 4316/1193/130
f 4321/1201/130 4299/877/130 4288/880/130 4335/1200/130
f 440/882/107 4303/1199/107 4286/1202/108 135/346/108
f 295/871/447 4321/1201/130 4335/1200/130 47/872/130
f 183/325/130 4318/811/130 4316/1193/130 125/833/130
f 951/931/452 4331/1195/130 4321/1201/130 295/871/447
f 47/872/106 4335/1200/106 4324/813/106 429/242/106
f 4280/1123/130 4334/1192/130 4326/1197/130 897/1124/130
f 897/1124/588 4326/1197/588 4328/1198/588 921/1135/588
f 909/1131/590 4327/1150/130 4330/1194/130 939/1167/590
f 939/1167/590 4330/1194/130 4331/1195/130 951/931/452
f 125/833/130 4316/1193/130 4333/1191/130 4268/1184/130
f 4268/1184/130 4333/1191/130 4334/1192/130 4280/1123/130
f 4306/1168/589 4327/1150/589 4329/1151/589 4308/1196/589
f 4285/319/107 4314/810/107 4342/838/107 4303/1199/107
f 4303/1199/107 4342/838/107 4315/841/108 4286/1202/108
usemtl keyboard
f 915/1203/130 914/1204/130 923/1205/130 931/1206/130
f 914/1204/130 916/1207/130 924/1208/130 923/1205/130
f 916/1207/130 917/1209/130 925/1210/130 924/1208/130
f 917/1209/130 918/1211/130 926/1212/130 925/1210/130
f 918/1211/130 919/1213/130 927/1214/130 926/1212/130
f 919/1213/130 920/1215/130 928/1216/130 927/1214/130
f 920/1215/130 921/1217/130 929/1218/130 928/1216/130
f 4307/1219/130 922/1220/130 930/1221/130 4308/1222/130
f 2463/1223/130 1096/1224/130 975/1225/130 2451/1226/130
f 2295/1227/130 1097/1228/130 976/1229/130 2283/1230/130
f 2127/1231/130 1098/1232/130 977/1233/130 2115/1234/130
f 1861/1235/130 1099/1236/130 978/1237/130 1849/1238/130
f 1623/1239/130 1100/1240/130 979/1241/130 1611/1242/130
f 1427/1243/130 1101/1244/130 980/1245/130 1415/1246/130
f 2589/1247/130 1102/1248/130 981/1249/130 2577/1250/130
f 1105/1251/130 1103/1252/130 982/1253/130 994/1254/130
f 993/1255/130 974/1256/130 991/1257/130 995/1258/130
f 2576/1259/130 973/1260/130 990/1261/130 2578/1262/130
f 1414/1263/130 972/1264/130 989/1265/130 1416/1266/130
f 1610/1267/130 971/1268/130 988/1269/130 1612/1270/130
f 1848/1271/130 970/1272/130 987/1273/130 1850/1274/130
f 2114/1275/130 969/1276/130 986/1277/130 2116/1278/130
f 2282/1279/130 968/1280/130 985/1281/130 2284/1282/130
f 2450/1283/130 966/1284/130 984/1285/130 2452/1286/130
f 1106/1287/130 993/1255/130 995/1258/130 1108/1288/130
f 1119/1289/130 1105/1251/130 994/1254/130 1107/1290/130
f 2024/1291/600 1982/1292/600 3650/1293/600 3628/1294/600
f 995/1258/130 991/1257/130 1003/1295/130 1005/1296/130
f 2211/1297/601 2239/1298/601 3824/1299/601 3838/1300/601
f 1427/1243/601 1441/1301/601 3175/1302/601 3158/1303/601
f 1981/1304/601 2023/1305/601 3626/1306/601 3648/1307/601
f 1239/1308/601 1225/1309/601 2989/1310/601 2988/1311/601
f 2238/1312/600 2210/1313/600 3837/1314/600 3822/1315/600
f 1440/1316/600 1426/1317/600 3157/1318/600 3174/1319/600
f 2022/1320/600 1980/1321/600 3646/1322/600 3624/1323/600
f 1109/1324/130 1005/1296/130 1015/1325/130 1110/1326/130
f 1005/1296/130 1003/1295/130 1013/1327/130 1015/1325/130
f 2579/1328/130 1002/1329/130 1012/1330/130 2580/1331/130
f 1417/1332/130 1001/1333/130 1011/1334/130 1418/1335/130
f 1613/1336/130 1000/1337/130 1010/1338/130 1614/1339/130
f 1851/1340/130 999/1341/130 1009/1342/130 1852/1343/130
f 2117/1344/130 998/1345/130 1008/1346/130 2118/1347/130
f 2285/1348/130 997/1349/130 1007/1350/130 2286/1351/130
f 2453/1352/130 996/1353/130 1006/1354/130 2454/1355/130
f 1224/1356/600 1238/1357/600 2986/1358/600 2987/1359/600
f 1015/1325/130 1013/1327/130 1023/1360/130 1025/1361/130
f 2209/1362/601 2237/1363/601 3820/1364/601 3836/1365/601
f 1418/1335/130 1011/1334/130 1021/1366/130 1419/1367/130
f 1425/1368/601 1439/1369/601 3173/1370/601 3161/1371/601
f 1237/1372/601 1223/1373/601 2985/1374/601 2984/1375/601
f 2438/1376/46 2439/1377/46 3964/1378/46 3962/1379/46
f 2236/1380/600 2208/1381/600 3835/1382/600 3818/1383/600
f 1438/1384/600 1424/1385/600 3160/1386/600 3172/1387/600
f 1111/1388/130 1025/1361/130 1035/1389/130 1112/1390/130
f 1025/1361/130 1023/1360/130 1033/1391/130 1035/1389/130
f 2581/1392/130 1022/1393/130 1032/1394/130 2582/1395/130
f 1419/1367/130 1021/1366/130 1031/1396/130 1420/1397/130
f 1615/1398/130 1020/1399/130 1030/1400/130 1616/1401/130
f 1853/1402/130 1019/1403/130 1029/1404/130 1854/1405/130
f 2119/1406/130 1018/1407/130 1028/1408/130 2120/1409/130
f 2287/1410/130 1017/1411/130 1027/1412/130 2288/1413/130
f 2455/1414/130 1016/1415/130 1026/1416/130 2456/1417/130
f 1222/1418/600 1236/1419/600 2982/1420/600 2983/1421/600
f 1035/1389/130 1033/1391/130 1043/1422/130 1045/1423/130
f 1423/1424/601 1437/1425/601 3171/1426/601 3156/1427/601
f 1977/1428/601 2019/1429/601 3622/1430/601 3640/1431/601
f 1235/1432/601 1221/1433/601 2981/1434/601 2980/1435/601
f 1854/1405/130 1029/1404/130 1039/1436/130 1855/1437/130
f 2481/1438/601 996/1353/601 2712/1439/601 2727/1440/601
f 1436/1441/600 1422/1442/600 3155/1443/600 3170/1444/600
f 2018/1445/600 1976/1446/600 3638/1447/600 3620/1448/600
f 1113/1449/130 1045/1423/130 1055/1450/130 1114/1451/130
f 1045/1423/130 1043/1422/130 1053/1452/130 1055/1450/130
f 2583/1453/130 1042/1454/130 1052/1455/130 2584/1456/130
f 1421/1457/130 1041/1458/130 1051/1459/130 1422/1442/130
f 1617/1460/130 1040/1461/130 1050/1462/130 1618/1463/130
f 1855/1437/130 1039/1436/130 1049/1464/130 1856/1465/130
f 2121/1466/130 1038/1467/130 1048/1468/130 2122/1469/130
f 2289/1470/130 1037/1471/130 1047/1472/130 2290/1473/130
f 2457/1474/130 1036/1475/130 1046/1476/130 2458/1477/130
f 1220/1478/600 1234/1479/600 2978/1480/600 2979/1481/600
f 1055/1450/130 1053/1452/130 1063/1482/130 1065/1483/130
f 2365/1484/601 2449/1485/601 3976/1486/601 3935/1487/601
f 1567/1488/601 1651/1489/601 2864/1490/601 3310/1491/601
f 2257/1492/601 997/1349/601 2713/1493/601 2726/1494/601
f 2205/1495/601 2233/1496/601 3812/1497/601 3832/1498/601
f 2122/1469/130 1048/1468/130 1058/1499/130 2123/1500/130
f 1421/1457/601 1435/1501/601 3169/1502/601 3154/1503/601
f 2448/1504/600 2364/1505/600 3934/1506/600 3974/1507/600
f 1115/1508/130 1065/1483/130 1075/1509/130 1116/1510/130
f 1065/1483/130 1063/1482/130 1073/1511/130 1075/1509/130
f 2585/1512/130 1062/1513/130 1072/1514/130 2586/1515/130
f 1423/1424/130 1061/1516/130 1071/1517/130 1424/1385/130
f 1619/1518/130 1060/1519/130 1070/1520/130 1620/1521/130
f 1857/1522/130 1059/1523/130 1069/1524/130 1858/1525/130
f 2123/1500/130 1058/1499/130 1068/1526/130 2124/1527/130
f 2291/1528/130 1057/1529/130 1067/1530/130 2292/1531/130
f 2459/1532/130 1056/1533/130 1066/1534/130 2460/1535/130
f 1650/1536/600 1566/1537/600 3308/1538/600 2836/1539/600
f 1075/1509/130 1073/1511/130 1083/1540/130 1085/1541/130
f 2061/1542/601 998/1345/601 2714/1543/601 2725/1544/601
f 1424/1385/130 1071/1517/130 1081/1545/130 1425/1368/130
f 2232/1546/600 2204/1547/600 3831/1548/600 3810/1549/600
f 1434/1550/600 1420/1397/600 3153/1551/600 3168/1552/600
f 1565/1553/601 1649/1554/601 2827/1555/601 3306/1556/601
f 1865/1557/601 999/1341/601 2715/1558/601 2724/1559/601
f 2203/1560/601 2231/1561/601 3808/1562/601 3830/1563/601
f 1117/1564/130 1085/1541/130 1095/1565/130 1118/1566/130
f 1085/1541/130 1083/1540/130 1093/1567/130 1095/1565/130
f 2587/1568/130 1082/1569/130 1092/1570/130 2588/1571/130
f 1425/1368/130 1081/1545/130 1091/1572/130 1426/1317/130
f 1621/1573/130 1080/1574/130 1090/1575/130 1622/1576/130
f 1859/1577/130 1079/1578/130 1089/1579/130 1860/1580/130
f 2125/1581/130 1078/1582/130 1088/1583/130 2126/1584/130
f 2293/1585/130 1077/1586/130 1087/1587/130 2294/1588/130
f 2461/1589/130 1076/1590/130 1086/1591/130 2462/1592/130
f 1419/1367/601 1433/1593/601 3167/1594/601 3163/1595/601
f 2593/1596/130 2591/1597/130 1103/1252/130 1105/1251/130
f 2601/1598/46 1217/1599/46 2977/1600/46 2976/1601/46
f 1648/1602/600 1564/1603/600 3304/1604/600 2808/1605/600
f 1641/1606/601 1000/1337/601 2716/1607/601 2723/1608/601
f 2230/1609/600 2202/1610/600 3829/1611/600 3806/1612/600
f 1432/1613/600 1418/1335/600 3162/1614/600 3166/1615/600
f 2361/1616/601 2445/1617/601 3972/1618/601 3931/1619/601
f 1563/1620/601 1647/1621/601 2802/1622/601 3302/1623/601
f 2595/1624/130 2594/1625/130 1119/1289/130 1133/1626/130
f 1131/1627/130 1117/1564/130 1118/1566/130 1132/1628/130
f 1403/1629/601 1001/1333/601 2717/1630/601 2722/1631/601
f 1129/1632/130 1115/1508/130 1116/1510/130 1130/1633/130
f 2201/1634/601 2229/1635/601 3804/1636/601 3828/1637/601
f 1127/1638/130 1113/1449/130 1114/1451/130 1128/1639/130
f 1417/1332/601 1431/1640/601 3165/1641/601 3152/1642/601
f 1125/1643/130 1111/1388/130 1112/1390/130 1126/1644/130
f 2444/1645/600 2360/1646/600 3930/1647/600 3970/1648/600
f 1123/1649/130 1109/1324/130 1110/1326/130 1124/1650/130
f 1646/1651/600 1562/1652/600 3300/1653/600 2784/1654/600
f 1133/1626/130 1119/1289/130 1107/1290/130 1121/1655/130
f 1120/1656/130 1106/1287/130 1108/1288/130 1122/1657/130
f 1148/1658/130 1120/1656/130 1122/1657/130 1150/1659/130
f 1161/1660/130 1133/1626/130 1121/1655/130 1149/1661/130
f 1150/1659/130 1122/1657/130 1123/1649/130 1151/1662/130
f 1151/1662/130 1123/1649/130 1124/1650/130 1152/1663/130
f 2228/1664/600 2200/1665/600 3827/1666/600 3802/1667/600
f 1153/1668/130 1125/1643/130 1126/1644/130 1154/1669/130
f 1430/1670/600 1416/1266/600 3151/1671/600 3164/1672/600
f 1155/1673/130 1127/1638/130 1128/1639/130 1156/1674/130
f 2359/1675/601 2443/1676/601 3968/1677/601 3929/1678/601
f 1157/1679/130 1129/1632/130 1130/1633/130 1158/1680/130
f 2685/1681/601 1002/1329/601 2718/1682/601 2721/1683/601
f 1159/1684/130 1131/1627/130 1132/1628/130 1160/1685/130
f 1213/1686/74 1212/1687/74 2972/1688/74 2973/1689/74
f 2442/1690/600 2358/1691/600 3928/1692/600 3966/1693/600
f 1173/1694/130 1145/1695/130 1146/1696/130 1174/1697/130
f 995/1258/46 1005/1296/46 2720/1698/46 2719/1699/46
f 1171/1700/130 1143/1701/130 1144/1702/130 1172/1703/130
f 1559/1704/601 1643/1705/601 2749/1706/601 3294/1707/601
f 1169/1708/130 1141/1709/130 1142/1710/130 1170/1711/130
f 1168/1712/130 1140/1713/130 1141/1709/130 1169/1708/130
f 1167/1714/130 1139/1715/130 1140/1713/130 1168/1712/130
f 1642/1716/600 1558/1717/600 3292/1718/600 2730/1719/600
f 1165/1720/130 1137/1721/130 1138/1722/130 1166/1723/130
f 1557/1724/601 1641/1606/601 2723/1608/601 3290/1725/601
f 1175/1726/130 1147/1727/130 1135/1728/130 1163/1729/130
f 1162/1730/130 1134/1731/130 1136/1732/130 1164/1733/130
f 2223/1734/74 2222/1735/74 3844/1736/74 3845/1737/74
f 1145/1695/130 1159/1684/130 1160/1685/130 1146/1696/130
f 2010/1738/46 2011/1739/46 3572/1740/46 3570/1741/46
f 1143/1701/130 1157/1679/130 1158/1680/130 1144/1702/130
f 1640/1742/600 1556/1743/600 3288/1744/600 2702/1745/600
f 1141/1709/130 1155/1673/130 1156/1674/130 1142/1710/130
f 1418/1335/46 1419/1367/46 3163/1595/46 3162/1614/46
f 1139/1715/130 1153/1668/130 1154/1669/130 1140/1713/130
f 2678/1746/46 2618/1747/46 4105/1748/46 4213/1749/46
f 1137/1721/130 1151/1662/130 1152/1663/130 1138/1722/130
f 1931/1750/601 2015/1751/601 3580/1752/601 3606/1753/601
f 1147/1727/130 1161/1660/130 1149/1661/130 1135/1728/130
f 1134/1731/130 1148/1658/130 1150/1659/130 1136/1732/130
f 1176/1754/130 1162/1730/130 1164/1733/130 1178/1755/130
f 1189/1756/130 1175/1726/130 1163/1729/130 1177/1757/130
f 2425/1758/74 2424/1759/74 4019/1760/74 4020/1761/74
f 1179/1762/130 1165/1720/130 1166/1723/130 1180/1763/130
f 2014/1764/600 1930/1765/600 3604/1766/600 3578/1767/600
f 1181/1768/130 1167/1714/130 1168/1712/130 1182/1769/130
f 2617/1770/74 2675/1771/74 4210/1772/74 4074/1773/74
f 1183/1774/130 1169/1708/130 1170/1711/130 1184/1775/130
f 1929/1776/601 2013/1777/601 3576/1778/601 3602/1779/601
f 1185/1780/130 1171/1700/130 1172/1703/130 1186/1781/130
f 1201/1782/601 1215/1783/601 2975/1784/601 2967/1785/601
f 1187/1786/130 1173/1694/130 1174/1697/130 1188/1787/130
f 1424/1385/46 1425/1368/46 3161/1371/46 3160/1386/46
f 2012/1788/600 1928/1789/600 3600/1790/600 3574/1791/600
f 2693/1792/130 1187/1786/130 1188/1787/130 2694/1793/130
f 1214/1794/600 1200/1795/600 2965/1796/600 2974/1797/600
f 2691/1798/130 1185/1780/130 1186/1781/130 2692/1799/130
f 2616/1800/74 2673/1801/74 4208/1802/74 4048/1803/74
f 2689/1804/130 1183/1774/130 1184/1775/130 2690/1805/130
f 1199/1806/601 1213/1686/601 2973/1689/601 2963/1807/601
f 2687/1808/130 1181/1768/130 1182/1769/130 2688/1809/130
f 2686/1810/130 1180/1763/130 1181/1768/130 2687/1808/130
f 2685/1681/130 1179/1762/130 1180/1763/130 2686/1810/130
f 2428/1811/46 2429/1812/46 4002/1813/46 4000/1814/46
f 2695/1815/130 1189/1756/130 1177/1757/130 2683/1816/130
f 2682/1817/130 1176/1754/130 1178/1755/130 2684/1818/130
f 2601/1598/130 2600/1819/130 1203/1820/130 1217/1599/130
f 1215/1783/130 1201/1782/130 1202/1821/130 1216/1822/130
f 1212/1687/600 1198/1823/600 2961/1824/600 2972/1688/600
f 1213/1686/130 1199/1806/130 1200/1795/130 1214/1794/130
f 2169/1825/601 2225/1826/601 3847/1827/601 3787/1828/601
f 1211/1829/130 1197/1830/130 1198/1823/130 1212/1687/130
f 1101/1244/601 1427/1243/601 3158/1303/601 2857/1831/601
f 1209/1832/130 1195/1833/130 1196/1834/130 1210/1835/130
f 1925/1836/601 2009/1837/601 3568/1838/601 3594/1839/601
f 1207/1840/130 1193/1841/130 1194/1842/130 1208/1843/130
f 1206/1844/130 1192/1845/130 1193/1841/130 1207/1840/130
f 1204/1846/130 1190/1847/130 1192/1845/130 1206/1844/130
f 1217/1599/130 1203/1820/130 1191/1848/130 1205/1849/130
f 1245/1850/130 1217/1599/130 1205/1849/130 1233/1851/130
f 1232/1852/130 1204/1846/130 1206/1844/130 1234/1479/130
f 1234/1479/130 1206/1844/130 1207/1840/130 1235/1432/130
f 1235/1432/130 1207/1840/130 1208/1843/130 1236/1419/130
f 1197/1830/601 1211/1829/601 2971/1853/601 2959/1854/601
f 1237/1372/130 1209/1832/130 1210/1835/130 1238/1357/130
f 1632/1855/46 1633/1856/46 3301/1857/46 3299/1858/46
f 1239/1308/130 1211/1829/130 1212/1687/130 1240/1859/130
f 1240/1859/130 1212/1687/130 1213/1686/130 1241/1860/130
f 1241/1860/130 1213/1686/130 1214/1794/130 1242/1861/130
f 2224/1862/600 2168/1863/600 3785/1864/600 3846/1865/600
f 1243/1866/130 1215/1783/130 1216/1822/130 1244/1867/130
f 1426/1317/600 1091/1572/600 2835/1868/600 3157/1318/600
f 2670/1869/46 2615/1870/46 4021/1871/46 4205/1872/46
f 1257/1873/130 1229/1874/130 1230/1875/130 1258/1876/130
f 2008/1877/600 1924/1878/600 3592/1879/600 3566/1880/600
f 1255/1881/130 1227/1882/130 1228/1883/130 1256/1884/130
f 1210/1835/600 1196/1834/600 2957/1885/600 2970/1886/600
f 1253/1887/130 1225/1309/130 1226/1888/130 1254/1889/130
f 1252/1890/130 1224/1356/130 1225/1309/130 1253/1887/130
f 1251/1891/130 1223/1373/130 1224/1356/130 1252/1890/130
f 984/1285/600 2480/1892/600 2710/1893/600 2711/1894/600
f 1249/1895/130 1221/1433/130 1222/1418/130 1250/1896/130
f 2167/1897/601 2223/1734/601 3845/1737/601 3783/1898/601
f 1246/1899/130 1218/1900/130 1220/1478/130 1248/1901/130
f 1259/1902/130 1231/1903/130 1219/1904/130 1247/1905/130
f 1923/1906/601 2007/1907/601 3564/1908/601 3590/1909/601
f 1229/1874/130 1243/1866/130 1244/1867/130 1230/1875/130
f 1195/1833/601 1209/1832/601 2969/1910/601 2955/1911/601
f 1227/1882/130 1241/1860/130 1242/1861/130 1228/1883/130
f 1226/1888/130 1240/1859/130 1241/1860/130 1227/1882/130
f 1225/1309/130 1239/1308/130 1240/1859/130 1226/1888/130
f 985/1281/600 2256/1912/600 2708/1913/600 2709/1914/600
f 1223/1373/130 1237/1372/130 1238/1357/130 1224/1356/130
f 2222/1735/600 2166/1915/600 3781/1916/600 3844/1736/600
f 1221/1433/130 1235/1432/130 1236/1419/130 1222/1418/130
f 2006/1917/600 1922/1918/600 3588/1919/600 3562/1920/600
f 1218/1900/130 1232/1852/130 1234/1479/130 1220/1478/130
f 1231/1903/130 1245/1850/130 1233/1851/130 1219/1904/130
f 1287/1921/130 1259/1902/130 1247/1905/130 1275/1922/130
f 1274/1923/130 1246/1899/130 1248/1901/130 1276/1924/130
f 1208/1843/600 1194/1842/600 2953/1925/600 2968/1926/600
f 1277/1927/130 1249/1895/130 1250/1896/130 1278/1928/130
f 986/1277/600 2060/1929/600 2706/1930/600 2707/1931/600
f 1279/1932/130 1251/1891/130 1252/1890/130 1280/1933/130
f 2165/1934/601 2221/1935/601 3843/1936/601 3779/1937/601
f 1281/1938/130 1253/1887/130 1254/1889/130 1282/1939/130
f 1061/1516/601 1423/1424/601 3156/1427/601 2796/1940/601
f 1283/1941/130 1255/1881/130 1256/1884/130 1284/1942/130
f 1921/1943/601 2005/1944/601 3560/1945/601 3586/1946/601
f 1285/1947/130 1257/1873/130 1258/1876/130 1286/1948/130
f 2615/1870/46 2435/1949/46 4014/1950/46 4021/1871/46
f 2603/1951/130 2602/1952/130 1273/1953/130 1329/1954/130
f 1327/1955/130 1271/1956/130 1272/1957/130 1328/1958/130
f 987/1273/600 1864/1959/600 2704/1960/600 2705/1961/600
f 1325/1962/130 1269/1963/130 1270/1964/130 1326/1965/130
f 2220/1966/600 2164/1967/600 3777/1968/600 3842/1969/600
f 1323/1970/130 1267/1971/130 1268/1972/130 1324/1973/130
f 1422/1442/600 1051/1459/600 2783/1974/600 3155/1443/600
f 1321/1975/130 1265/1976/130 1266/1977/130 1322/1978/130
f 2614/1979/74 2666/1980/74 4201/1981/74 3961/1982/74
f 1319/1983/130 1263/1984/130 1264/1985/130 1320/1986/130
f 2004/1987/600 1920/1988/600 3584/1989/600 3558/1990/600
f 1316/1991/130 1260/1992/130 1262/1993/130 1318/1994/130
f 1329/1954/130 1273/1953/130 1261/1995/130 1317/1996/130
f 1539/1997/601 1637/1998/601 3309/1999/601 3285/2000/601
f 1313/2001/130 1285/1947/130 1286/1948/130 1314/2002/130
f 1312/2003/130 1284/1942/130 1285/1947/130 1313/2001/130
f 1311/2004/130 1283/1941/130 1284/1942/130 1312/2003/130
f 988/1269/600 1640/1742/600 2702/1745/600 2703/2005/600
f 1309/2006/130 1281/1938/130 1282/1939/130 1310/2007/130
f 2163/2008/601 2219/2009/601 3841/2010/601 3775/2011/601
f 1307/2012/130 1279/1932/130 1280/1933/130 1308/2013/130
f 1306/2014/130 1278/1928/130 1279/1932/130 1307/2012/130
f 1305/2015/130 1277/1927/130 1278/1928/130 1306/2014/130
f 1041/1458/601 1421/1457/601 3154/1503/601 2770/2016/601
f 1302/2017/130 1274/1923/130 1276/1924/130 1304/2018/130
f 1315/2019/130 1287/1921/130 1275/1922/130 1303/2020/130
f 1273/1953/130 1301/2021/130 1289/2022/130 1261/1995/130
f 1260/1992/130 1288/2023/130 1290/2024/130 1262/1993/130
f 1636/2025/600 1538/2026/600 3341/2027/600 3307/2028/600
f 1263/1984/130 1291/2029/130 1292/2030/130 1264/1985/130
f 989/1265/600 1402/2031/600 2700/2032/600 2701/2033/600
f 1265/1976/130 1293/2034/130 1294/2035/130 1266/1977/130
f 2218/2036/600 2162/2037/600 3773/2038/600 3840/2039/600
f 1267/1971/130 1295/2040/130 1296/2041/130 1268/1972/130
f 1420/1397/600 1031/1396/600 2757/2042/600 3153/1551/600
f 1269/1963/130 1297/2043/130 1298/2044/130 1270/1964/130
f 2377/2045/601 2433/2046/601 4010/2047/601 3956/2048/601
f 1271/1956/130 1299/2049/130 1300/2050/130 1272/1957/130
f 1537/2051/601 1635/2052/601 3305/2053/601 3283/2054/601
f 1301/2021/130 1315/2019/130 1303/2020/130 1289/2022/130
f 1288/2023/130 1302/2017/130 1304/2018/130 1290/2024/130
f 990/1261/600 2684/1818/600 2698/2055/600 2699/2056/600
f 1291/2029/130 1305/2015/130 1306/2014/130 1292/2030/130
f 2663/2057/46 2613/2058/46 3926/2059/46 4198/2060/46
f 1293/2034/130 1307/2012/130 1308/2013/130 1294/2035/130
f 2432/2061/600 2376/2062/600 3954/2063/600 4008/2064/600
f 1295/2040/130 1309/2006/130 1310/2007/130 1296/2041/130
f 1634/2065/600 1536/2066/600 3281/2067/600 3303/2068/600
f 1297/2043/130 1311/2004/130 1312/2003/130 1298/2044/130
f 1298/2044/130 1312/2003/130 1313/2001/130 1299/2049/130
f 1299/2049/130 1313/2001/130 1314/2002/130 1300/2050/130
f 2375/2069/601 2431/2070/601 4006/2071/601 3952/2072/601
f 1343/2073/130 1329/1954/130 1317/1996/130 1331/2074/130
f 1330/2075/130 1316/1991/130 1318/1994/130 1332/2076/130
f 1332/2076/130 1318/1994/130 1319/1983/130 1333/2077/130
f 1333/2077/130 1319/1983/130 1320/1986/130 1334/2078/130
f 1001/1333/601 1417/1332/601 3152/1642/601 2717/1630/601
f 1335/2079/130 1321/1975/130 1322/1978/130 1336/2080/130
f 1193/1841/74 1192/1845/74 2949/2081/74 2951/2082/74
f 1337/2083/130 1323/1970/130 1324/1973/130 1338/2084/130
f 2430/2085/600 2374/2086/600 3950/2087/600 4004/2088/600
f 1339/2089/130 1325/1962/130 1326/1965/130 1340/2090/130
f 1416/1266/600 989/1265/600 2701/2033/600 3151/1671/600
f 1341/2091/130 1327/1955/130 1328/1958/130 1342/2092/130
f 2604/2093/130 2603/1951/130 1329/1954/130 1343/2073/130
f 1533/2094/601 1631/2095/601 3297/2096/601 3275/2097/601
f 1467/2098/130 1341/2091/130 1342/2092/130 1468/2099/130
f 2612/2100/74 2659/2101/74 4194/2102/74 3876/2103/74
f 1465/2104/130 1339/2089/130 1340/2090/130 1466/2105/130
f 1464/2106/130 1338/2084/130 1339/2089/130 1465/2104/130
f 1463/2107/130 1337/2083/130 1338/2084/130 1464/2106/130
f 1630/2108/600 1532/2109/600 3273/2110/600 3295/2111/600
f 1461/2112/130 1335/2079/130 1336/2080/130 1462/2113/130
f 2371/2114/601 2427/2115/601 3998/2116/601 3944/2117/601
f 1459/2118/130 1333/2077/130 1334/2078/130 1460/2119/130
f 1458/2120/130 1332/2076/130 1333/2077/130 1459/2118/130
f 1456/2121/130 1330/2075/130 1332/2076/130 1458/2120/130
f 1469/2122/130 1343/2073/130 1331/2074/130 1457/2123/130
f 1371/2124/130 1357/2125/130 1345/2126/130 1359/2127/130
f 1358/2128/130 1344/2129/130 1346/2130/130 1360/2131/130
f 1531/2132/601 1629/2133/601 3293/2134/601 3271/2135/601
f 1361/2136/130 1347/2137/130 1348/2138/130 1362/2139/130
f 2657/2140/46 2611/2141/46 3850/2142/46 4192/2143/46
f 1363/2144/130 1349/2145/130 1350/2146/130 1364/2147/130
f 1994/2148/46 1995/2149/46 3647/2150/46 3645/2151/46
f 1365/2152/130 1351/2153/130 1352/2154/130 1366/2155/130
f 2426/2156/600 2370/2157/600 3942/2158/600 3996/2159/600
f 1367/2160/130 1353/2161/130 1354/2162/130 1368/2163/130
f 1628/2164/600 1530/2165/600 3269/2166/600 3291/2167/600
f 1369/2168/130 1355/2169/130 1356/2170/130 1370/2171/130
f 2369/2172/601 2425/1758/601 4020/1761/601 3940/2173/601
f 1529/2174/601 1627/2175/601 3289/2176/601 3267/2177/601
f 1383/2178/130 1369/2168/130 1370/2171/130 1384/2179/130
f 1411/2180/74 1410/2181/74 3148/2182/74 3149/2183/74
f 1381/2184/130 1367/2160/130 1368/2163/130 1382/2185/130
f 2424/1759/600 2368/2186/600 3938/2187/600 4019/1760/600
f 1379/2188/130 1365/2152/130 1366/2155/130 1380/2189/130
f 1378/2190/130 1364/2147/130 1365/2152/130 1379/2188/130
f 1377/2191/130 1363/2144/130 1364/2147/130 1378/2190/130
f 1626/2192/600 1528/2193/600 3265/2194/600 3287/2195/600
f 1375/2196/130 1361/2136/130 1362/2139/130 1376/2197/130
f 2207/2198/74 2206/2199/74 3833/2200/74 3834/2201/74
f 1372/2202/130 1358/2128/130 1360/2131/130 1374/2203/130
f 1385/2204/130 1371/2124/130 1359/2127/130 1373/2205/130
f 1399/2206/130 1385/2204/130 1373/2205/130 1387/2207/130
f 1386/2208/130 1372/2202/130 1374/2203/130 1388/2209/130
f 2610/2210/74 2653/2211/74 4188/2212/74 3826/2213/74
f 1389/2214/130 1375/2196/130 1376/2197/130 1390/2215/130
f 1917/2216/601 2001/2217/601 3659/2218/601 3581/2219/601
f 1391/2220/130 1377/2191/130 1378/2190/130 1392/2221/130
f 2410/2222/46 2411/2223/46 4018/2224/46 4017/2225/46
f 1393/2226/130 1379/2188/130 1380/2189/130 1394/2227/130
f 2000/2228/600 1916/2229/600 3579/2230/600 3657/2231/600
f 1395/2232/130 1381/2184/130 1382/2185/130 1396/2233/130
f 1915/2234/601 1999/2235/601 3655/2236/601 3577/2237/601
f 1397/2238/130 1383/2178/130 1384/2179/130 1398/2239/130
f 2587/1568/601 1201/1782/601 2967/1785/601 2966/2240/601
f 2413/2241/74 2412/2242/74 3997/2243/74 3999/2244/74
f 1411/2180/130 1397/2238/130 1398/2239/130 1412/2245/130
f 1615/1398/74 1614/1339/74 3330/2246/74 3331/2247/74
f 1409/2248/130 1395/2232/130 1396/2233/130 1410/2181/130
f 1998/2249/600 1914/2250/600 3575/2251/600 3653/2252/600
f 1407/2253/130 1393/2226/130 1394/2227/130 1408/2254/130
f 1200/1795/600 2586/1515/600 2964/2255/600 2965/1796/600
f 1405/2256/130 1391/2220/130 1392/2221/130 1406/2257/130
f 1404/2258/130 1390/2215/130 1391/2220/130 1405/2256/130
f 1403/1629/130 1389/2214/130 1390/2215/130 1404/2258/130
f 1913/2259/601 1997/2260/601 3651/2261/601 3573/2262/601
f 1400/2263/130 1386/2208/130 1388/2209/130 1402/2031/130
f 1413/2264/130 1399/2206/130 1387/2207/130 1401/2265/130
f 1101/1244/130 1413/2264/130 1401/2265/130 980/1245/130
f 972/1264/130 1400/2263/130 1402/2031/130 989/1265/130
f 2585/1512/601 1199/1806/601 2963/1807/601 2962/2266/601
f 1001/1333/130 1403/1629/130 1404/2258/130 1011/1334/130
f 1011/1334/130 1404/2258/130 1405/2256/130 1021/1366/130
f 1021/1366/130 1405/2256/130 1406/2257/130 1031/1396/130
f 1996/2267/600 1912/2268/600 3571/2269/600 3649/2270/600
f 1041/1458/130 1407/2253/130 1408/2254/130 1051/1459/130
f 1198/1823/600 2584/1456/600 2960/2271/600 2961/1824/600
f 1061/1516/130 1409/2248/130 1410/2181/130 1071/1517/130
f 1071/1517/130 1410/2181/130 1411/2180/130 1081/1545/130
f 1081/1545/130 1411/2180/130 1412/2245/130 1091/1572/130
f 2183/2272/601 2211/1297/601 3838/1300/601 3796/2273/601
f 1399/2206/601 1413/2264/601 2863/2274/601 3146/2275/601
f 1439/1369/130 1425/1368/130 1426/1317/130 1440/1316/130
f 2583/1453/601 1197/1830/601 2959/1854/601 2958/2276/601
f 1437/1425/130 1423/1424/130 1424/1385/130 1438/1384/130
f 2210/1313/600 2182/2277/600 3795/2278/600 3837/1314/600
f 1435/1501/130 1421/1457/130 1422/1442/130 1436/1441/130
f 1412/2245/600 1398/2239/600 3145/2279/600 2834/2280/600
f 1433/1593/130 1419/1367/130 1420/1397/130 1434/1550/130
f 1196/1834/600 2582/1395/600 2956/2281/600 2957/1885/600
f 1431/1640/130 1417/1332/130 1418/1335/130 1432/1613/130
f 2181/2282/601 2209/1362/601 3836/1365/601 3799/2283/601
f 1428/2284/130 1414/1263/130 1416/1266/130 1430/1670/130
f 1441/1301/130 1427/1243/130 1415/1246/130 1429/2285/130
f 1455/2286/130 1441/1301/130 1429/2285/130 1443/2287/130
f 1442/2288/130 1428/2284/130 1430/1670/130 1444/2289/130
f 1444/2289/130 1430/1670/130 1431/1640/130 1445/2290/130
f 1445/2290/130 1431/1640/130 1432/1613/130 1446/2291/130
f 1397/2238/601 1411/2180/601 3149/2183/601 3144/2292/601
f 1447/2293/130 1433/1593/130 1434/1550/130 1448/2294/130
f 1909/2295/601 1993/2296/601 3643/2297/601 3565/2298/601
f 1449/2299/130 1435/1501/130 1436/1441/130 1450/2300/130
f 2581/1392/601 1195/1833/601 2955/1911/601 2954/2301/601
f 1451/2302/130 1437/1425/130 1438/1384/130 1452/2303/130
f 2419/2304/74 2418/2305/74 4009/2306/74 4011/2307/74
f 1453/2308/130 1439/1369/130 1440/1316/130 1454/2309/130
f 2606/2310/130 2605/2311/130 1441/1301/130 1455/2286/130
f 1621/1573/74 1620/1521/74 3336/2312/74 3337/2313/74
f 1481/2314/130 1453/2308/130 1454/2309/130 1482/2315/130
f 2208/1381/600 2180/2316/600 3798/2317/600 3835/1382/600
f 1479/2318/130 1451/2302/130 1452/2303/130 1480/2319/130
f 1478/2320/130 1450/2300/130 1451/2302/130 1479/2318/130
f 1477/2321/130 1449/2299/130 1450/2300/130 1478/2320/130
f 1410/2181/600 1396/2233/600 3143/2322/600 3148/2182/600
f 1475/2323/130 1447/2293/130 1448/2294/130 1476/2324/130
f 1992/2325/600 1908/2326/600 3563/2327/600 3641/2328/600
f 1473/2329/130 1445/2290/130 1446/2291/130 1474/2330/130
f 1194/1842/600 2580/1331/600 2952/2331/600 2953/1925/600
f 1470/2332/130 1442/2288/130 1444/2289/130 1472/2333/130
f 1483/2334/130 1455/2286/130 1443/2287/130 1471/2335/130
f 1357/2125/130 1469/2122/130 1457/2123/130 1345/2126/130
f 1344/2129/130 1456/2121/130 1458/2120/130 1346/2130/130
f 2179/2336/601 2207/2198/601 3834/2201/601 3794/2337/601
f 1347/2137/130 1459/2118/130 1460/2119/130 1348/2138/130
f 1395/2232/601 1409/2248/601 2801/2338/601 3142/2339/601
f 1349/2145/130 1461/2112/130 1462/2113/130 1350/2146/130
f 1907/2340/601 1991/2341/601 3639/2342/601 3561/2343/601
f 1351/2153/130 1463/2107/130 1464/2106/130 1352/2154/130
f 1352/2154/130 1464/2106/130 1465/2104/130 1353/2161/130
f 1353/2161/130 1465/2104/130 1466/2105/130 1354/2162/130
f 2579/1328/601 1193/1841/601 2951/2082/601 2950/2344/601
f 1355/2169/130 1467/2098/130 1468/2099/130 1356/2170/130
f 2206/2199/600 2178/2345/600 3793/2346/600 3833/2200/600
f 1497/2347/130 1483/2334/130 1471/2335/130 1485/2348/130
f 1484/2349/130 1470/2332/130 1472/2333/130 1486/2350/130
f 1408/2254/600 1394/2227/600 3141/2351/600 2782/2352/600
f 1487/2353/130 1473/2329/130 1474/2330/130 1488/2354/130
f 1990/2355/600 1906/2356/600 3559/2357/600 3637/2358/600
f 1489/2359/130 1475/2323/130 1476/2324/130 1490/2360/130
f 1192/1845/600 2578/1262/600 2948/2361/600 2949/2081/600
f 1491/2362/130 1477/2321/130 1478/2320/130 1492/2363/130
f 2435/1949/601 2421/2364/601 4015/2365/601 4014/1950/601
f 1493/2366/130 1479/2318/130 1480/2319/130 1494/2367/130
f 1100/1240/601 1623/1239/601 3339/2368/601 2855/2369/601
f 1495/2370/130 1481/2314/130 1482/2315/130 1496/2371/130
f 2177/2372/601 2205/1495/601 3832/1498/601 3792/2373/601
f 1393/2226/601 1407/2253/601 2775/2374/601 3140/2375/601
f 1551/2376/130 1495/2370/130 1496/2371/130 1552/2377/130
f 2420/2378/600 2434/2379/600 4012/2380/600 4013/2381/600
f 1549/2382/130 1493/2366/130 1494/2367/130 1550/2383/130
f 1622/1576/600 1090/1575/600 2837/2384/600 3338/2385/600
f 1547/2386/130 1491/2362/130 1492/2363/130 1548/2387/130
f 1546/2388/130 1490/2360/130 1491/2362/130 1547/2386/130
f 1545/2389/130 1489/2359/130 1490/2360/130 1546/2388/130
f 2204/1547/600 2176/2390/600 3791/2391/600 3831/1548/600
f 1543/2392/130 1487/2353/130 1488/2354/130 1544/2393/130
f 1406/2257/600 1392/2221/600 3139/2394/600 2756/2395/600
f 1540/2396/130 1484/2349/130 1486/2350/130 1542/2397/130
f 1553/2398/130 1497/2347/130 1485/2348/130 1541/2399/130
f 1581/2400/130 1511/2401/130 1499/2402/130 1569/2403/130
f 1568/2404/130 1498/2405/130 1500/2406/130 1570/2407/130
f 2433/2046/601 2419/2304/601 4011/2307/601 4010/2047/601
f 1571/2408/130 1501/2409/130 1502/2410/130 1572/2411/130
f 1572/2411/130 1502/2410/130 1503/2412/130 1573/2413/130
f 1573/2413/130 1503/2412/130 1504/2414/130 1574/2415/130
f 1080/1574/601 1621/1573/601 3337/2313/601 2822/2416/601
f 1575/2417/130 1505/2418/130 1506/2419/130 1576/2420/130
f 2175/2421/601 2203/1560/601 3830/1563/601 3790/2422/601
f 1577/2423/130 1507/2424/130 1508/2425/130 1578/2426/130
f 1578/2426/130 1508/2425/130 1509/2427/130 1579/2428/130
f 1579/2428/130 1509/2427/130 1510/2429/130 1580/2430/130
f 2418/2305/600 2432/2061/600 4008/2064/600 4009/2306/600
f 2609/2431/130 2607/2432/130 1525/2433/130 1609/2434/130
f 1607/2435/130 1523/2436/130 1524/2437/130 1608/2438/130
f 1620/1521/600 1070/1520/600 2809/2439/600 3336/2312/600
f 1605/2440/130 1521/2441/130 1522/2442/130 1606/2443/130
f 2202/1610/600 2174/2444/600 3789/2445/600 3829/1611/600
f 1603/2446/130 1519/2447/130 1520/2448/130 1604/2449/130
f 2431/2070/601 2417/2450/601 4007/2451/601 4006/2071/601
f 1601/2452/130 1517/2453/130 1518/2454/130 1602/2455/130
f 1060/1519/601 1619/1518/601 3335/2456/601 2795/2457/601
f 1599/2458/130 1515/2459/130 1516/2460/130 1600/2461/130
f 1598/2462/130 1514/2463/130 1515/2459/130 1599/2458/130
f 1596/2464/130 1512/2465/130 1514/2463/130 1598/2462/130
f 1609/2434/130 1525/2433/130 1513/2466/130 1597/2467/130
f 1637/1998/130 1539/1997/130 1527/2468/130 1625/2469/130
f 1624/2470/130 1526/2471/130 1528/2193/130 1626/2192/130
f 2173/2472/601 2201/1634/601 3828/1637/601 3801/2473/601
f 1627/2175/130 1529/2174/130 1530/2165/130 1628/2164/130
f 1389/2214/601 1403/1629/601 2722/1631/601 3136/2474/601
f 1629/2133/130 1531/2132/130 1532/2109/130 1630/2108/130
f 2416/2475/600 2430/2085/600 4004/2088/600 4005/2476/600
f 1631/2095/130 1533/2094/130 1534/2477/130 1632/1855/130
f 1632/1855/130 1534/2477/130 1535/2478/130 1633/1856/130
f 1633/1856/130 1535/2478/130 1536/2066/130 1634/2065/130
f 1618/1463/600 1050/1462/600 2785/2479/600 3334/2480/600
f 1635/2052/130 1537/2051/130 1538/2026/130 1636/2025/130
f 2200/1665/600 2172/2481/600 3800/2482/600 3827/1666/600
f 1511/2401/130 1553/2398/130 1541/2399/130 1499/2402/130
f 1498/2405/130 1540/2396/130 1542/2397/130 1500/2406/130
f 1402/2031/600 1388/2209/600 3135/2483/600 2700/2032/600
f 1501/2409/130 1543/2392/130 1544/2393/130 1502/2410/130
f 2429/1812/601 2415/2484/601 4003/2485/601 4002/1813/601
f 1503/2412/130 1545/2389/130 1546/2388/130 1504/2414/130
f 1040/1461/601 1617/1460/601 3333/2486/601 2769/2487/601
f 1505/2418/130 1547/2386/130 1548/2387/130 1506/2419/130
f 1979/2488/74 1978/2489/74 3642/2490/74 3644/2491/74
f 1507/2424/130 1549/2382/130 1550/2383/130 1508/2425/130
f 1181/1768/74 1180/1763/74 2937/2492/74 2938/2493/74
f 1509/2427/130 1551/2376/130 1552/2377/130 1510/2429/130
f 2414/2494/600 2428/1811/600 4000/1814/600 4001/2495/600
f 1616/1401/600 1030/1400/600 2759/2496/600 3332/2497/600
f 1649/1554/130 1565/1553/130 1566/1537/130 1650/1536/130
f 2427/2115/601 2413/2241/601 3999/2244/601 3998/2116/601
f 1647/1621/130 1563/1620/130 1564/1603/130 1648/1602/130
f 1020/1399/601 1615/1398/601 3331/2247/601 2744/2498/601
f 1645/2499/130 1561/2500/130 1562/1652/130 1646/1651/130
f 1644/2501/130 1560/2502/130 1561/2500/130 1645/2499/130
f 1643/1705/130 1559/1704/130 1560/2502/130 1644/2501/130
f 2197/2503/74 2610/2210/74 3826/2213/74 3825/2504/74
f 1641/1606/130 1557/1724/130 1558/1717/130 1642/1716/130
f 2412/2242/600 2426/2156/600 3996/2159/600 3997/2243/600
f 1638/2505/130 1554/2506/130 1556/1743/130 1640/1742/130
f 1651/1489/130 1567/1488/130 1555/2507/130 1639/2508/130
f 1614/1339/600 1010/1338/600 2731/2509/600 3330/2246/600
f 1593/2510/130 1579/2428/130 1580/2430/130 1594/2511/130
f 1000/1337/601 1613/1336/601 3329/2512/601 2716/1607/601
f 1591/2513/130 1577/2423/130 1578/2426/130 1592/2514/130
f 1612/1270/600 988/1269/600 2703/2005/600 3328/2515/600
f 1589/2516/130 1575/2417/130 1576/2420/130 1590/2517/130
f 1391/2220/74 1390/2215/74 3137/2518/74 3138/2519/74
f 1587/2520/130 1573/2413/130 1574/2415/130 1588/2521/130
f 2191/2522/74 2190/2523/74 3811/2524/74 3813/2525/74
f 1585/2526/130 1571/2408/130 1572/2411/130 1586/2527/130
f 1739/2528/601 1823/2529/601 3483/2530/601 3425/2531/601
f 1582/2532/130 1568/2404/130 1570/2407/130 1584/2533/130
f 1595/2534/130 1581/2400/130 1569/2403/130 1583/2535/130
f 1525/2433/130 1595/2534/130 1583/2535/130 1513/2466/130
f 1512/2465/130 1582/2532/130 1584/2533/130 1514/2463/130
f 1514/2463/130 1584/2533/130 1585/2526/130 1515/2459/130
f 1515/2459/130 1585/2526/130 1586/2527/130 1516/2460/130
f 2001/2217/601 1987/2536/601 3660/2537/601 3659/2218/601
f 1517/2453/130 1587/2520/130 1588/2521/130 1518/2454/130
f 1175/1726/601 1189/1756/601 2946/2538/601 2931/2539/601
f 1519/2447/130 1589/2516/130 1590/2517/130 1520/2448/130
f 1822/2540/600 1738/2541/600 3423/2542/600 3482/2543/600
f 1521/2441/130 1591/2513/130 1592/2514/130 1522/2442/130
f 1986/2544/600 2000/2228/600 3657/2231/600 3658/2545/600
f 1523/2436/130 1593/2510/130 1594/2511/130 1524/2437/130
f 1188/1787/600 1174/1697/600 2930/2546/600 2945/2547/600
f 1539/1997/130 1609/2434/130 1597/2467/130 1527/2468/130
f 1526/2471/130 1596/2464/130 1598/2462/130 1528/2193/130
f 1999/2235/601 1985/2548/601 3656/2549/601 3655/2236/601
f 1529/2174/130 1599/2458/130 1600/2461/130 1530/2165/130
f 1173/1694/601 1187/1786/601 2944/2550/601 2929/2551/601
f 1531/2132/130 1601/2452/130 1602/2455/130 1532/2109/130
f 1984/2552/600 1998/2249/600 3653/2252/600 3654/2553/600
f 1533/2094/130 1603/2446/130 1604/2449/130 1534/2477/130
f 1186/1781/600 1172/1703/600 2928/2554/600 2943/2555/600
f 1535/2478/130 1605/2440/130 1606/2443/130 1536/2066/130
f 1997/2260/601 1983/2556/601 3652/2557/601 3651/2261/601
f 1537/2051/130 1607/2435/130 1608/2438/130 1538/2026/130
f 2608/2558/130 2609/2431/130 1609/2434/130 1539/1997/130
f 1171/1700/601 1185/1780/601 2942/2559/601 2927/2560/601
f 1677/2561/130 1621/1573/130 1622/1576/130 1678/2562/130
f 1676/2563/130 1620/1521/130 1621/1573/130 1677/2561/130
f 1675/2564/130 1619/1518/130 1620/1521/130 1676/2563/130
f 1982/1292/600 1996/2267/600 3649/2270/600 3650/1293/600
f 1673/2565/130 1617/1460/130 1618/1463/130 1674/2566/130
f 1184/1775/600 1170/1711/600 2926/2567/600 2941/2568/600
f 1671/2569/130 1615/1398/130 1616/1401/130 1672/2570/130
f 1670/2571/130 1614/1339/130 1615/1398/130 1671/2569/130
f 1669/2572/130 1613/1336/130 1614/1339/130 1670/2571/130
f 2239/1298/601 2197/2503/601 3825/2504/601 3824/1299/601
f 1666/2573/130 1610/1267/130 1612/1270/130 1668/2574/130
f 1679/2575/130 1623/1239/130 1611/1242/130 1667/2576/130
f 1385/2204/601 1399/2206/601 3146/2275/601 3131/2577/601
f 1565/1553/130 1635/2052/130 1636/2025/130 1566/1537/130
f 1808/2578/46 1809/2579/46 3505/2580/46 3504/2581/46
f 1563/1620/130 1633/1856/130 1634/2065/130 1564/1603/130
f 1995/2149/601 1981/1304/601 3648/1307/601 3647/2150/601
f 1561/2500/130 1631/2095/130 1632/1855/130 1562/1652/130
f 1169/1708/601 1183/1774/601 2940/2582/601 2933/2583/601
f 1559/1704/130 1629/2133/130 1630/2108/130 1560/2502/130
f 2403/2584/74 2402/2585/74 3989/2586/74 3990/2587/74
f 1557/1724/130 1627/2175/130 1628/2164/130 1558/1717/130
f 2196/2588/600 2238/1312/600 3822/1315/600 3823/2589/600
f 1554/2506/130 1624/2470/130 1626/2192/130 1556/1743/130
f 1567/1488/130 1637/1998/130 1625/2469/130 1555/2507/130
f 1100/1240/130 1651/1489/130 1639/2508/130 979/1241/130
f 971/1268/130 1638/2505/130 1640/1742/130 988/1269/130
f 1398/2239/600 1384/2179/600 3130/2590/600 3145/2279/600
f 1000/1337/130 1641/1606/130 1642/1716/130 1010/1338/130
f 1980/1321/600 1994/2148/600 3645/2151/600 3646/1322/600
f 1020/1399/130 1643/1705/130 1644/2501/130 1030/1400/130
f 1182/1769/600 1168/1712/600 2932/2591/600 2939/2592/600
f 1040/1461/130 1645/2499/130 1646/1651/130 1050/1462/130
f 2237/1363/601 2195/2593/601 3821/2594/601 3820/1364/601
f 1060/1519/130 1647/1621/130 1648/1602/130 1070/1520/130
f 1383/2178/601 1397/2238/601 3144/2292/601 3129/2595/601
f 1080/1574/130 1649/1554/130 1650/1536/130 1090/1575/130
f 1993/2296/601 1979/2488/601 3644/2491/601 3643/2297/601
f 1707/2596/130 1665/2597/130 1653/2598/130 1695/2599/130
f 1694/2600/130 1652/2601/130 1654/2602/130 1696/2603/130
f 1696/2603/130 1654/2602/130 1655/2604/130 1697/2605/130
f 1697/2605/130 1655/2604/130 1656/2606/130 1698/2607/130
f 1167/1714/601 1181/1768/601 2938/2493/601 2925/2608/601
f 1699/2609/130 1657/2610/130 1658/2611/130 1700/2612/130
f 1598/2462/46 1599/2458/46 3266/2613/46 3264/2614/46
f 1701/2615/130 1659/2616/130 1660/2617/130 1702/2618/130
f 2194/2619/600 2236/1380/600 3818/1383/600 3819/2620/600
f 1703/2621/130 1661/2622/130 1662/2623/130 1704/2624/130
f 1396/2233/600 1382/2185/600 3128/2625/600 3143/2322/600
f 1705/2626/130 1663/2627/130 1664/2628/130 1706/2629/130
f 1978/2489/600 1992/2325/600 3641/2328/600 3642/2490/600
f 1665/2597/130 1679/2575/130 1667/2576/130 1653/2598/130
f 1652/2601/130 1666/2573/130 1668/2574/130 1654/2602/130
f 1180/1763/600 1166/1723/600 2924/2630/600 2937/2492/600
f 1655/2604/130 1669/2572/130 1670/2571/130 1656/2606/130
f 2235/2631/601 2193/2632/601 3817/2633/601 3816/2634/601
f 1657/2610/130 1671/2569/130 1672/2570/130 1658/2611/130
f 1381/2184/601 1395/2232/601 3142/2339/601 3127/2635/601
f 1659/2616/130 1673/2565/130 1674/2566/130 1660/2617/130
f 1991/2341/601 1977/1428/601 3640/1431/601 3639/2342/601
f 1661/2622/130 1675/2564/130 1676/2563/130 1662/2623/130
f 1165/1720/601 1179/1762/601 2936/2636/601 2923/2637/601
f 1663/2627/130 1677/2561/130 1678/2562/130 1664/2628/130
f 2192/2638/600 2234/2639/600 3814/2640/600 3815/2641/600
f 1394/2227/600 1380/2189/600 3126/2642/600 3141/2351/600
f 1733/2643/130 1691/2644/130 1692/2645/130 1734/2646/130
f 1976/1446/600 1990/2355/600 3637/2358/600 3638/1447/600
f 1731/2647/130 1689/2648/130 1690/2649/130 1732/2650/130
f 1730/2651/130 1688/2652/130 1689/2648/130 1731/2647/130
f 1729/2653/130 1687/2654/130 1688/2652/130 1730/2651/130
f 1178/1755/600 1164/1733/600 2922/2655/600 2935/2656/600
f 1727/2657/130 1685/2658/130 1686/2659/130 1728/2660/130
f 2393/2661/601 2407/2662/601 3994/2663/601 3977/2664/601
f 1725/2665/130 1683/2666/130 1684/2667/130 1726/2668/130
f 2233/1496/601 2191/2522/601 3813/2525/601 3812/1497/601
f 1722/2669/130 1680/2670/130 1682/2671/130 1724/2672/130
f 1735/2673/130 1693/2674/130 1681/2675/130 1723/2676/130
f 1379/2188/601 1393/2226/601 3140/2375/601 3133/2677/601
f 1691/2644/130 1705/2626/130 1706/2629/130 1692/2645/130
f 1815/2678/74 1814/2679/74 3497/2680/74 3498/2681/74
f 1689/2648/130 1703/2621/130 1704/2624/130 1690/2649/130
f 2406/2682/600 2392/2683/600 3975/2684/600 3993/2685/600
f 1687/2654/130 1701/2615/130 1702/2618/130 1688/2652/130
f 2190/2523/600 2232/1546/600 3810/1549/600 3811/2524/600
f 1685/2658/130 1699/2609/130 1700/2612/130 1686/2659/130
f 1392/2221/600 1378/2190/600 3132/2686/600 3139/2394/600
f 1683/2666/130 1697/2605/130 1698/2607/130 1684/2667/130
f 2391/2687/601 2405/2688/601 3992/2689/601 3981/2690/601
f 1680/2670/130 1694/2600/130 1696/2603/130 1682/2671/130
f 1693/2674/130 1707/2596/130 1695/2599/130 1681/2675/130
f 1791/2691/130 1721/2692/130 1709/2693/130 1779/2694/130
f 1778/2695/130 1708/2696/130 1710/2697/130 1780/2698/130
f 1523/2436/601 1607/2435/601 3282/2699/601 3258/2700/601
f 1781/2701/130 1711/2702/130 1712/2703/130 1782/2704/130
f 2231/1561/601 2189/2705/601 3809/2706/601 3808/1562/601
f 1783/2707/130 1713/2708/130 1714/2709/130 1784/2710/130
f 1784/2710/130 1714/2709/130 1715/2711/130 1785/2712/130
f 1785/2712/130 1715/2711/130 1716/2713/130 1786/2714/130
f 1377/2191/601 1391/2220/601 3138/2519/601 3125/2715/601
f 1787/2716/130 1717/2717/130 1718/2718/130 1788/2719/130
f 2404/2720/600 2390/2721/600 3980/2722/600 3991/2723/600
f 1789/2724/130 1719/2725/130 1720/2726/130 1790/2727/130
f 1606/2443/600 1522/2442/600 3256/2728/600 3280/2729/600
f 1721/2692/130 1735/2673/130 1723/2676/130 1709/2693/130
f 1708/2696/130 1722/2669/130 1724/2672/130 1710/2697/130
f 2188/2730/600 2230/1609/600 3806/1612/600 3807/2731/600
f 1711/2702/130 1725/2665/130 1726/2668/130 1712/2703/130
f 1390/2215/600 1376/2197/600 3124/2732/600 3137/2518/600
f 1713/2708/130 1727/2657/130 1728/2660/130 1714/2709/130
f 2389/2733/601 2403/2584/601 3990/2587/601 3973/2734/601
f 1715/2711/130 1729/2653/130 1730/2651/130 1716/2713/130
f 1521/2441/601 1605/2440/601 3278/2735/601 3254/2736/601
f 1717/2717/130 1731/2647/130 1732/2650/130 1718/2718/130
f 2229/1635/601 2187/2737/601 3805/2738/601 3804/1636/601
f 1719/2725/130 1733/2643/130 1734/2646/130 1720/2726/130
f 1375/2196/601 1389/2214/601 3136/2474/601 3123/2739/601
f 1963/2740/74 1962/2741/74 3621/2742/74 3623/2743/74
f 1831/2744/130 1747/2745/130 1748/2746/130 1832/2747/130
f 1830/2748/130 1746/2749/130 1747/2745/130 1831/2744/130
f 1829/2750/130 1745/2751/130 1746/2749/130 1830/2748/130
f 2402/2585/600 2388/2752/600 3971/2753/600 3989/2586/600
f 1827/2754/130 1743/2755/130 1744/2756/130 1828/2757/130
f 1604/2449/600 1520/2448/600 3252/2758/600 3276/2759/600
f 1825/2760/130 1741/2761/130 1742/2762/130 1826/2763/130
f 1824/2764/130 1740/2765/130 1741/2761/130 1825/2760/130
f 1823/2529/130 1739/2528/130 1740/2765/130 1824/2764/130
f 2186/2766/600 2228/1664/600 3802/1667/600 3803/2767/600
f 1820/2768/130 1736/2769/130 1738/2541/130 1822/2540/130
f 1833/2770/130 1749/2771/130 1737/2772/130 1821/2773/130
f 1388/2209/600 1374/2203/600 3122/2774/600 3135/2483/600
f 1747/2745/130 1761/2775/130 1762/2776/130 1748/2746/130
f 1746/2749/130 1760/2777/130 1761/2775/130 1747/2745/130
f 1745/2751/130 1759/2778/130 1760/2777/130 1746/2749/130
f 2639/2779/46 2608/2558/46 3284/2780/46 4142/2781/46
f 1743/2755/130 1757/2782/130 1758/2783/130 1744/2756/130
f 2660/2784/601 1819/2785/601 3502/2786/601 2647/2787/601
f 1741/2761/130 1755/2788/130 1756/2789/130 1742/2762/130
f 1740/2765/130 1754/2790/130 1755/2788/130 1741/2761/130
f 1739/2528/130 1753/2791/130 1754/2790/130 1740/2765/130
f 2387/2792/601 2401/2793/601 3988/2794/601 3969/2795/601
f 1736/2769/130 1750/2796/130 1752/2797/130 1738/2541/130
f 1749/2771/130 1763/2798/130 1751/2799/130 1737/2772/130
f 2660/2784/130 1777/2800/130 1765/2801/130 2677/2802/130
f 2679/2803/130 1764/2804/130 1766/2805/130 2676/2806/130
f 2676/2806/130 1766/2805/130 1767/2807/130 2674/2808/130
f 2674/2808/130 1767/2807/130 1768/2809/130 2672/2810/130
f 1519/2447/601 1603/2446/601 3274/2811/601 3250/2812/601
f 2671/2813/130 1769/2814/130 1770/2815/130 2669/2816/130
f 2607/2432/74 2638/2817/74 4141/2818/74 3263/2819/74
f 2668/2820/130 1771/2821/130 1772/2822/130 2667/2823/130
f 2661/2824/600 1776/2825/600 3477/2826/600 2648/2827/600
f 2665/2828/130 1773/2829/130 1774/2830/130 2664/2831/130
f 2400/2832/600 2386/2833/600 3967/2834/600 3987/2835/600
f 2662/2836/130 1775/2837/130 1776/2825/130 2661/2824/130
f 1602/2455/600 1518/2454/600 3248/2838/600 3272/2839/600
f 2662/2836/601 1817/2840/601 3500/2841/601 2649/2842/601
f 1761/2775/130 1789/2724/130 1790/2727/130 1762/2776/130
f 2385/2843/601 2399/2844/601 3986/2845/601 3979/2846/601
f 1759/2778/130 1787/2716/130 1788/2719/130 1760/2777/130
f 1517/2453/601 1601/2452/601 3270/2847/601 3246/2848/601
f 1757/2782/130 1785/2712/130 1786/2714/130 1758/2783/130
f 2664/2831/600 1774/2830/600 3473/2849/600 2650/2850/600
f 1755/2788/130 1783/2707/130 1784/2710/130 1756/2789/130
f 1168/1712/46 1169/1708/46 2933/2583/46 2932/2591/46
f 1753/2791/130 1781/2701/130 1782/2704/130 1754/2790/130
f 2398/2851/600 2384/2852/600 3978/2853/600 3985/2854/600
f 1750/2796/130 1778/2695/130 1780/2698/130 1752/2797/130
f 1763/2798/130 1791/2691/130 1779/2694/130 1751/2799/130
f 1777/2800/130 1805/2855/130 1793/2856/130 1765/2801/130
f 1764/2804/130 1792/2857/130 1794/2858/130 1766/2805/130
f 1600/2461/600 1516/2460/600 3244/2859/600 3268/2860/600
f 1767/2807/130 1795/2861/130 1796/2862/130 1768/2809/130
f 2665/2828/601 1815/2678/601 3498/2681/601 2651/2863/601
f 1769/2814/130 1797/2864/130 1798/2865/130 1770/2815/130
f 2383/2866/601 2397/2867/601 3984/2868/601 3965/2869/601
f 1771/2821/130 1799/2870/130 1800/2871/130 1772/2822/130
f 2172/2481/46 2173/2472/46 3801/2473/46 3800/2482/46
f 1773/2829/130 1801/2872/130 1802/2873/130 1774/2830/130
f 2667/2823/600 1772/2822/600 3469/2874/600 2652/2875/600
f 1775/2837/130 1803/2876/130 1804/2877/130 1776/2825/130
f 2396/2878/600 2382/2879/600 3963/2880/600 3983/2881/600
f 2637/2882/46 2606/2310/46 3185/2883/46 4136/2884/46
f 1873/2885/130 1817/2840/130 1818/2886/130 1874/2887/130
f 2668/2820/601 1813/2888/601 3496/2889/601 2654/2890/601
f 1871/2891/130 1815/2678/130 1816/2892/130 1872/2893/130
f 1870/2894/130 1814/2679/130 1815/2678/130 1871/2891/130
f 1869/2895/130 1813/2888/130 1814/2679/130 1870/2894/130
f 2605/2311/74 2636/2896/74 4135/2897/74 3176/2898/74
f 1867/2899/130 1811/2900/130 1812/2901/130 1868/2902/130
f 2669/2816/600 1770/2815/600 3465/2903/600 2655/2904/600
f 1865/1557/130 1809/2579/130 1810/2905/130 1866/2906/130
f 2671/2813/601 1811/2900/601 3494/2907/601 2656/2908/601
f 1862/2909/130 1806/2910/130 1808/2578/130 1864/1959/130
f 1875/2911/130 1819/2785/130 1807/2912/130 1863/2913/130
f 1805/2855/130 1833/2770/130 1821/2773/130 1793/2856/130
f 1792/2857/130 1820/2768/130 1822/2540/130 1794/2858/130
f 1378/2190/46 1379/2188/46 3133/2677/46 3132/2686/46
f 1795/2861/130 1823/2529/130 1824/2764/130 1796/2862/130
f 2672/2810/600 1768/2809/600 3461/2914/600 2658/2915/600
f 1797/2864/130 1825/2760/130 1826/2763/130 1798/2865/130
f 2029/2916/601 1973/2917/601 3635/2918/601 3634/2919/601
f 1799/2870/130 1827/2754/130 1828/2757/130 1800/2871/130
f 1147/1727/601 1175/1726/601 2931/2539/601 2918/2920/601
f 1801/2872/130 1829/2750/130 1830/2748/130 1802/2873/130
f 1802/2873/130 1830/2748/130 1831/2744/130 1803/2876/130
f 1803/2876/130 1831/2744/130 1832/2747/130 1804/2877/130
f 2390/2721/46 2391/2687/46 3981/2690/46 3980/2722/46
f 1972/2921/600 2028/2922/600 3632/2923/600 3633/2924/600
f 1887/2925/130 1845/2926/130 1846/2927/130 1888/2928/130
f 1174/1697/600 1146/1696/600 2916/2929/600 2930/2546/600
f 1885/2930/130 1843/2931/130 1844/2932/130 1886/2933/130
f 1145/1695/601 1173/1694/601 2929/2551/601 2914/2934/601
f 1883/2935/130 1841/2936/130 1842/2937/130 1884/2938/130
f 2180/2316/46 2181/2282/46 3799/2283/46 3798/2317/46
f 1881/2939/130 1839/2940/130 1840/2941/130 1882/2942/130
f 1880/2943/130 1838/2944/130 1839/2940/130 1881/2939/130
f 1879/2945/130 1837/2946/130 1838/2944/130 1880/2943/130
f 1172/1703/600 1144/1702/600 2912/2947/600 2928/2554/600
f 1876/2948/130 1834/2949/130 1836/2950/130 1878/2951/130
f 1889/2952/130 1847/2953/130 1835/2954/130 1877/2955/130
f 2635/2956/46 2604/2093/46 3084/2957/46 4128/2958/46
f 1845/2926/130 1859/1577/130 1860/1580/130 1846/2927/130
f 2025/2959/601 1969/2960/601 3631/2961/601 3630/2962/601
f 1843/2931/130 1857/1522/130 1858/1525/130 1844/2932/130
f 1143/1701/601 1171/1700/601 2927/2560/601 2910/2963/601
f 1841/2936/130 1855/1437/130 1856/1465/130 1842/2937/130
f 1968/2964/600 2024/1291/600 3628/1294/600 3629/2965/600
f 1839/2940/130 1853/1402/130 1854/1405/130 1840/2941/130
f 1170/1711/600 1142/1710/600 2908/2966/600 2926/2567/600
f 1837/2946/130 1851/1340/130 1852/1343/130 1838/2944/130
f 2155/2967/601 2183/2272/601 3796/2273/601 3760/2968/601
f 1834/2949/130 1848/1271/130 1850/1274/130 1836/2950/130
f 1847/2953/130 1861/1235/130 1849/1238/130 1835/2954/130
f 1099/1236/130 1875/2911/130 1863/2913/130 978/1237/130
f 970/1272/130 1862/2909/130 1864/1959/130 987/1273/130
f 1371/2124/601 1385/2204/601 3131/2577/601 3120/2969/601
f 999/1341/130 1865/1557/130 1866/2906/130 1009/1342/130
f 1802/2873/46 1803/2876/46 3474/2970/46 3472/2971/46
f 1019/1403/130 1867/2899/130 1868/2902/130 1029/1404/130
f 1029/1404/130 1868/2902/130 1869/2895/130 1039/1436/130
f 1039/1436/130 1869/2895/130 1870/2894/130 1049/1464/130
f 2023/1305/601 1967/2972/601 3627/2973/601 3626/1306/601
f 1059/1523/130 1871/2891/130 1872/2893/130 1069/1524/130
f 2384/2852/46 2385/2843/46 3979/2846/46 3978/2853/46
f 1079/1578/130 1873/2885/130 1874/2887/130 1089/1579/130
f 2182/2277/600 2154/2974/600 3759/2975/600 3795/2278/600
f 1903/2976/130 1889/2952/130 1877/2955/130 1891/2977/130
f 1890/2978/130 1876/2948/130 1878/2951/130 1892/2979/130
f 1384/2179/600 1370/2171/600 3119/2980/600 3130/2590/600
f 1893/2981/130 1879/2945/130 1880/2943/130 1894/2982/130
f 1894/2982/130 1880/2943/130 1881/2939/130 1895/2983/130
f 1895/2983/130 1881/2939/130 1882/2942/130 1896/2984/130
f 1966/2985/600 2022/1320/600 3624/1323/600 3625/2986/600
f 1897/2987/130 1883/2935/130 1884/2938/130 1898/2988/130
f 1369/2168/601 1383/2178/601 3129/2595/601 3118/2989/601
f 1899/2990/130 1885/2930/130 1886/2933/130 1900/2991/130
f 1900/2991/130 1886/2933/130 1887/2925/130 1901/2992/130
f 1901/2992/130 1887/2925/130 1888/2928/130 1902/2993/130
f 1139/1715/601 1167/1714/601 2925/2608/601 2902/2994/601
f 1585/2526/74 1584/2533/74 3325/2995/74 3326/2996/74
f 1943/2997/130 1901/2992/130 1902/2993/130 1944/2998/130
f 1942/2999/130 1900/2991/130 1901/2992/130 1943/2997/130
f 1941/3000/130 1899/2990/130 1900/2991/130 1942/2999/130
f 1382/2185/600 1368/2163/600 3117/3001/600 3128/2625/600
f 1939/3002/130 1897/2987/130 1898/2988/130 1940/3003/130
f 2602/1952/74 2633/3004/74 4124/3005/74 3040/3006/74
f 1937/3007/130 1895/2983/130 1896/2984/130 1938/3008/130
f 1166/1723/600 1138/1722/600 2900/3009/600 2924/2630/600
f 1935/3010/130 1893/2981/130 1894/2982/130 1936/3011/130
f 1934/3012/130 1892/2979/130 1893/2981/130 1935/3010/130
f 1932/3013/130 1890/2978/130 1892/2979/130 1934/3012/130
f 1945/3014/130 1903/2976/130 1891/2977/130 1933/3015/130
f 2001/2217/130 1917/2216/130 1905/3016/130 1989/3017/130
f 1988/3018/130 1904/3019/130 1906/2356/130 1990/2355/130
f 2151/3020/601 2179/2336/601 3794/2337/601 3758/3021/601
f 1991/2341/130 1907/2340/130 1908/2326/130 1992/2325/130
f 1367/2160/601 1381/2184/601 3127/2635/601 3116/3022/601
f 1993/2296/130 1909/2295/130 1910/3023/130 1994/2148/130
f 1994/2148/130 1910/3023/130 1911/3024/130 1995/2149/130
f 1995/2149/130 1911/3024/130 1912/2268/130 1996/2267/130
f 2019/1429/601 1963/2740/601 3623/2743/601 3622/1430/601
f 1997/2260/130 1913/2259/130 1914/2250/130 1998/2249/130
f 1137/1721/601 1165/1720/601 2923/2637/601 2898/3025/601
f 1999/2235/130 1915/2234/130 1916/2229/130 2000/2228/130
f 2178/2345/600 2150/3026/600 3757/3027/600 3793/2346/600
f 2015/1751/130 1931/1750/130 1919/3028/130 2003/3029/130
f 2002/3030/130 1918/3031/130 1920/1988/130 2004/1987/130
f 1380/2189/600 1366/2155/600 3115/3032/600 3126/2642/600
f 2005/1944/130 1921/1943/130 1922/1918/130 2006/1917/130
f 1962/2741/600 2018/1445/600 3620/1448/600 3621/2742/600
f 2007/1907/130 1923/1906/130 1924/1878/130 2008/1877/130
f 1164/1733/600 1136/1732/600 2896/3033/600 2922/2655/600
f 2009/1837/130 1925/1836/130 1926/3034/130 2010/1738/130
f 2010/1738/130 1926/3034/130 1927/3035/130 2011/1739/130
f 2011/1739/130 1927/3035/130 1928/1789/130 2012/1788/130
f 2449/1485/601 2393/2661/601 3977/2664/601 3976/1486/601
f 2013/1777/130 1929/1776/130 1930/1765/130 2014/1764/130
f 1581/2400/601 1595/2534/601 3261/3036/601 3319/3037/601
f 1959/3038/130 1945/3014/130 1933/3015/130 1947/3039/130
f 1946/3040/130 1932/3013/130 1934/3012/130 1948/3041/130
f 1948/3041/130 1934/3012/130 1935/3010/130 1949/3042/130
f 1949/3042/130 1935/3010/130 1936/3011/130 1950/3043/130
f 2149/3044/601 2177/2372/601 3792/2373/601 3756/3045/601
f 1951/3046/130 1937/3007/130 1938/3008/130 1952/3047/130
f 2392/2683/600 2448/1504/600 3974/1507/600 3975/2684/600
f 1953/3048/130 1939/3002/130 1940/3003/130 1954/3049/130
f 1594/2511/600 1580/2430/600 3318/3050/600 3259/3051/600
f 1955/3052/130 1941/3000/130 1942/2999/130 1956/3053/130
f 2176/2390/600 2148/3054/600 3755/3055/600 3791/2391/600
f 1957/3056/130 1943/2997/130 1944/2998/130 1958/3057/130
f 2632/3058/46 2601/1598/46 2976/1601/46 4120/3059/46
f 1579/2428/601 1593/2510/601 3257/3060/601 3322/3061/601
f 1929/1776/130 1957/3056/130 1958/3057/130 1930/1765/130
f 2147/3062/601 2175/2421/601 3790/2422/601 3762/3063/601
f 1927/3035/130 1955/3052/130 1956/3053/130 1928/1789/130
f 1363/2144/601 1377/2191/601 3125/2715/601 3112/3064/601
f 1925/1836/130 1953/3048/130 1954/3049/130 1926/3034/130
f 1592/2514/600 1578/2426/600 3321/3065/600 3255/3066/600
f 1923/1906/130 1951/3046/130 1952/3047/130 1924/1878/130
f 2174/2444/600 2146/3067/600 3761/3068/600 3789/2445/600
f 1921/1943/130 1949/3042/130 1950/3043/130 1922/1918/130
f 1376/2197/600 1362/2139/600 3111/3069/600 3124/2732/600
f 1918/3031/130 1946/3040/130 1948/3041/130 1920/1988/130
f 1931/1750/130 1959/3038/130 1947/3039/130 1919/3028/130
f 2445/1617/601 2389/2733/601 3973/2734/601 3972/1618/601
f 2041/3070/130 1971/3071/130 1972/2921/130 2042/3072/130
f 2040/3073/130 1970/3074/130 1971/3071/130 2041/3070/130
f 2039/3075/130 1969/2960/130 1970/3074/130 2040/3073/130
f 1577/2423/601 1591/2513/601 3253/3076/601 3317/3077/601
f 2037/3078/130 1967/2972/130 1968/2964/130 2038/3079/130
f 1361/2136/601 1375/2196/601 3123/2739/601 3110/3080/601
f 2035/3081/130 1965/3082/130 1966/2985/130 2036/3083/130
f 2034/3084/130 1964/3085/130 1965/3082/130 2035/3081/130
f 2033/3086/130 1963/2740/130 1964/3085/130 2034/3084/130
f 2032/3087/130 1962/2741/130 1963/2740/130 2033/3086/130
f 2030/3088/130 1960/3089/130 1962/2741/130 2032/3087/130
f 2043/3090/130 1973/2917/130 1961/3091/130 2031/3092/130
f 1948/3041/46 1949/3042/46 3585/3093/46 3583/3094/46
f 2027/3095/130 1985/2548/130 1986/2544/130 2028/2922/130
f 1150/1659/46 1151/1662/46 2897/3096/46 2895/3097/46
f 2025/2959/130 1983/2556/130 1984/2552/130 2026/3098/130
f 2388/2752/600 2444/1645/600 3970/1648/600 3971/2753/600
f 2023/1305/130 1981/1304/130 1982/1292/130 2024/1291/130
f 1590/2517/600 1576/2420/600 3316/3099/600 3251/3100/600
f 2021/3101/130 1979/2488/130 1980/1321/130 2022/1320/130
f 2020/3102/130 1978/2489/130 1979/2488/130 2021/3101/130
f 2019/1429/130 1977/1428/130 1978/2489/130 2020/3102/130
f 1374/2203/600 1360/2131/600 3109/3103/600 3122/2774/600
f 2016/3104/130 1974/3105/130 1976/1446/130 2018/1445/130
f 2029/2916/130 1987/2536/130 1975/3106/130 2017/3107/130
f 1833/2770/601 1805/2855/601 3478/3108/601 3491/3109/601
f 1985/2548/130 1999/2235/130 2000/2228/130 1986/2544/130
f 2443/1676/601 2387/2792/601 3969/2795/601 3968/1677/601
f 1983/2556/130 1997/2260/130 1998/2249/130 1984/2552/130
f 1575/2417/601 1589/2516/601 3249/3110/601 3315/3111/601
f 1981/1304/130 1995/2149/130 1996/2267/130 1982/1292/130
f 1804/2877/600 1832/2747/600 3490/3112/600 3476/3113/600
f 1979/2488/130 1993/2296/130 1994/2148/130 1980/1321/130
f 2386/2833/600 2442/1690/600 3966/1693/600 3967/2834/600
f 1977/1428/130 1991/2341/130 1992/2325/130 1978/2489/130
f 1588/2521/600 1574/2415/600 3314/3114/600 3247/3115/600
f 1974/3105/130 1988/3018/130 1990/2355/130 1976/1446/130
f 1987/2536/130 2001/2217/130 1989/3017/130 1975/3106/130
f 1573/2413/601 1587/2520/601 3245/3116/601 3324/3117/601
f 1915/2234/130 2013/1777/130 2014/1764/130 1916/2229/130
f 2594/1625/74 2625/3118/74 4119/3119/74 2882/3120/74
f 1913/2259/130 2011/1739/130 2012/1788/130 1914/2250/130
f 1586/2527/600 1572/2411/600 3323/3121/600 3243/3122/600
f 1911/3024/130 2009/1837/130 2010/1738/130 1912/2268/130
f 2624/3123/46 2593/1596/46 2860/3124/46 4118/3125/46
f 1909/2295/130 2007/1907/130 2008/1877/130 1910/3023/130
f 1829/2750/601 1801/2872/601 3470/3126/601 3489/3127/601
f 1907/2340/130 2005/1944/130 2006/1917/130 1908/2326/130
f 2439/1377/601 2383/2866/601 3965/2869/601 3964/1378/601
f 1904/3019/130 2002/3030/130 2004/1987/130 1906/2356/130
f 1917/2216/130 2015/1751/130 2003/3029/130 1905/3016/130
f 1973/2917/130 2029/2916/130 2017/3107/130 1961/3091/130
f 1960/3089/130 2016/3104/130 2018/1445/130 1962/2741/130
f 1571/2408/601 1585/2526/601 3326/2996/601 3313/3128/601
f 1963/2740/130 2019/1429/130 2020/3102/130 1964/3085/130
f 1964/3085/130 2020/3102/130 2021/3101/130 1965/3082/130
f 1965/3082/130 2021/3101/130 2022/1320/130 1966/2985/130
f 2159/3129/74 2158/3130/74 3765/3131/74 3767/3132/74
f 1967/2972/130 2023/1305/130 2024/1291/130 1968/2964/130
f 1800/2871/600 1828/2757/600 3488/3133/600 3468/3134/600
f 1969/2960/130 2025/2959/130 2026/3098/130 1970/3074/130
f 1970/3074/130 2026/3098/130 2027/3095/130 1971/3071/130
f 1971/3071/130 2027/3095/130 2028/2922/130 1972/2921/130
f 2382/2879/600 2438/1376/600 3962/1379/600 3963/2880/600
f 2099/3135/130 2043/3090/130 2031/3092/130 2087/3136/130
f 2086/3137/130 2030/3088/130 2032/3087/130 2088/3138/130
f 2088/3138/130 2032/3087/130 2033/3086/130 2089/3139/130
f 2089/3139/130 2033/3086/130 2034/3084/130 2090/3140/130
f 1584/2533/600 1570/2407/600 3312/3141/600 3325/2995/600
f 2091/3142/130 2035/3081/130 2036/3083/130 2092/3143/130
f 1827/2754/601 1799/2870/601 3466/3144/601 3487/3145/601
f 2093/3146/130 2037/3078/130 2038/3079/130 2094/3147/130
f 2161/3148/74 2160/3149/74 3769/3150/74 3771/3151/74
f 2095/3152/130 2039/3075/130 2040/3073/130 2096/3153/130
f 1798/2865/600 1826/2763/600 3486/3154/600 3464/3155/600
f 2097/3156/130 2041/3070/130 2042/3072/130 2098/3157/130
f 1825/2760/601 1797/2864/601 3462/3158/601 3485/3159/601
f 2379/3160/74 2614/1979/74 3961/1982/74 3960/3161/74
f 2139/3162/130 2055/3163/130 2056/3164/130 2140/3165/130
f 1365/2152/74 1364/2147/74 3113/3166/74 3114/3167/74
f 2137/3168/130 2053/3169/130 2054/3170/130 2138/3171/130
f 1796/2862/600 1824/2764/600 3484/3172/600 3460/3173/600
f 2135/3174/130 2051/3175/130 2052/3176/130 2136/3177/130
f 2134/3178/130 2050/3179/130 2051/3175/130 2135/3174/130
f 2133/3180/130 2049/3181/130 2050/3179/130 2134/3178/130
f 2686/1810/46 2687/1808/46 2748/3182/46 2728/3183/46
f 2131/3184/130 2047/3185/130 2048/3186/130 2132/3187/130
f 1823/2529/601 1795/2861/601 3458/3188/601 3483/2530/601
f 2128/3189/130 2044/3190/130 2046/3191/130 2130/3192/130
f 2141/3193/130 2057/3194/130 2045/3195/130 2129/3196/130
f 1945/3014/601 1959/3038/601 3605/3197/601 3615/3198/601
f 1078/1582/130 2069/3199/130 2070/3200/130 1088/1583/130
f 1133/1626/601 1161/1660/601 2917/3201/601 2894/3202/601
f 1058/1499/130 2067/3203/130 2068/3204/130 1068/1526/130
f 1048/1468/130 2066/3205/130 2067/3203/130 1058/1499/130
f 1038/1467/130 2065/3206/130 2066/3205/130 1048/1468/130
f 1794/2858/600 1822/2540/600 3482/2543/600 3456/3207/600
f 1018/1407/130 2063/3208/130 2064/3209/130 1028/1408/130
f 1958/3057/600 1944/2998/600 3614/3210/600 3603/3211/600
f 998/1345/130 2061/1542/130 2062/3212/130 1008/1346/130
f 1160/1685/600 1132/1628/600 2920/3213/600 2915/3214/600
f 969/1276/130 2058/3215/130 2060/1929/130 986/1277/130
f 1098/1232/130 2071/3216/130 2059/3217/130 977/1233/130
f 2113/3218/130 2085/3219/130 2073/3220/130 2101/3221/130
f 2100/3222/130 2072/3223/130 2074/3224/130 2102/3225/130
f 1943/2997/601 1957/3056/601 3601/3226/601 3617/3227/601
f 2103/3228/130 2075/3229/130 2076/3230/130 2104/3231/130
f 2104/3231/130 2076/3230/130 2077/3232/130 2105/3233/130
f 2105/3233/130 2077/3232/130 2078/3234/130 2106/3235/130
f 1131/1627/601 1159/1684/601 2913/3236/601 2892/3237/601
f 2107/3238/130 2079/3239/130 2080/3240/130 2108/3241/130
f 1572/2411/46 1573/2413/46 3324/3117/46 3323/3121/46
f 2109/3242/130 2081/3243/130 2082/3244/130 2110/3245/130
f 2110/3245/130 2082/3244/130 2083/3246/130 2111/3247/130
f 2111/3247/130 2083/3246/130 2084/3248/130 2112/3249/130
f 1956/3053/600 1942/2999/600 3616/3250/600 3599/3251/600
f 1158/1680/600 1130/1633/600 2891/3252/600 2911/3253/600
f 2069/3199/130 2097/3156/130 2098/3157/130 2070/3200/130
f 1941/3000/601 1955/3052/601 3597/3254/601 3613/3255/601
f 2067/3203/130 2095/3152/130 2096/3153/130 2068/3204/130
f 1129/1632/601 1157/1679/601 2909/3256/601 2890/3257/601
f 2065/3206/130 2093/3146/130 2094/3147/130 2066/3205/130
f 2373/3258/74 2372/3259/74 3946/3260/74 3948/3261/74
f 2063/3208/130 2091/3142/130 2092/3143/130 2064/3209/130
f 1954/3049/600 1940/3003/600 3612/3262/600 3595/3263/600
f 2061/1542/130 2089/3139/130 2090/3140/130 2062/3212/130
f 1156/1674/600 1128/1639/600 2889/3264/600 2907/3265/600
f 2058/3215/130 2086/3137/130 2088/3138/130 2060/1929/130
f 2071/3216/130 2099/3135/130 2087/3136/130 2059/3217/130
f 2253/3266/601 2169/1825/601 3787/1828/601 3786/3267/601
f 2153/3268/130 2111/3247/130 2112/3249/130 2154/2974/130
f 2152/3269/130 2110/3245/130 2111/3247/130 2153/3268/130
f 2151/3020/130 2109/3242/130 2110/3245/130 2152/3269/130
f 1357/2125/601 1371/2124/601 3120/2969/601 3105/3270/601
f 2149/3044/130 2107/3238/130 2108/3241/130 2150/3026/130
f 1939/3002/601 1953/3048/601 3593/3271/601 3611/3272/601
f 2147/3062/130 2105/3233/130 2106/3235/130 2148/3054/130
f 2146/3067/130 2104/3231/130 2105/3233/130 2147/3062/130
f 2145/3273/130 2103/3228/130 2104/3231/130 2146/3067/130
f 2144/3274/130 2102/3225/130 2103/3228/130 2145/3273/130
f 2142/3275/130 2100/3222/130 2102/3225/130 2144/3274/130
f 2155/2967/130 2113/3218/130 2101/3221/130 2143/3276/130
f 2630/3277/601 2697/3278/601 4223/3279/601 4221/3280/601
f 2055/3163/130 2125/1581/130 2126/1584/130 2056/3164/130
f 1127/1638/601 1155/1673/601 2905/3281/601 2888/3282/601
f 2053/3169/130 2123/1500/130 2124/1527/130 2054/3170/130
f 2168/1863/600 2252/3283/600 3784/3284/600 3785/1864/600
f 2051/3175/130 2121/1466/130 2122/1469/130 2052/3176/130
f 1370/2171/600 1356/2170/600 3103/3285/600 3119/2980/600
f 2049/3181/130 2119/1406/130 2120/1409/130 2050/3179/130
f 1952/3047/600 1938/3008/600 3610/3286/600 3591/3287/600
f 2047/3185/130 2117/1344/130 2118/1347/130 2048/3186/130
f 2696/3288/600 2599/3289/600 2947/3290/600 4215/3291/600
f 2044/3190/130 2114/1275/130 2116/1278/130 2046/3191/130
f 2057/3194/130 2127/1231/130 2115/1234/130 2045/3195/130
f 2085/3219/130 2141/3193/130 2129/3196/130 2073/3220/130
f 2072/3223/130 2128/3189/130 2130/3192/130 2074/3224/130
f 1154/1669/600 1126/1644/600 2887/3292/600 2903/3293/600
f 2075/3229/130 2131/3184/130 2132/3187/130 2076/3230/130
f 2251/3294/601 2167/1897/601 3783/1898/601 3782/3295/601
f 2077/3232/130 2133/3180/130 2134/3178/130 2078/3234/130
f 1355/2169/601 1369/2168/601 3118/2989/601 3101/3296/601
f 2079/3239/130 2135/3174/130 2136/3177/130 2080/3240/130
f 1937/3007/601 1951/3046/601 3589/3297/601 3609/3298/601
f 2081/3243/130 2137/3168/130 2138/3171/130 2082/3244/130
f 1189/1756/601 2695/1815/601 2862/3299/601 2946/2538/601
f 2083/3246/130 2139/3162/130 2140/3165/130 2084/3248/130
f 1125/1643/601 1153/1668/601 2901/3300/601 2886/3301/601
f 2183/2272/130 2155/2967/130 2143/3276/130 2171/3302/130
f 2170/3303/130 2142/3275/130 2144/3274/130 2172/2481/130
f 2172/2481/130 2144/3274/130 2145/3273/130 2173/2472/130
f 2173/2472/130 2145/3273/130 2146/3067/130 2174/2444/130
f 1578/2426/46 1579/2428/46 3322/3061/46 3321/3065/46
f 2175/2421/130 2147/3062/130 2148/3054/130 2176/2390/130
f 2166/1915/600 2250/3304/600 3780/3305/600 3781/1916/600
f 2177/2372/130 2149/3044/130 2150/3026/130 2178/2345/130
f 1368/2163/600 1354/2162/600 3099/3306/600 3117/3001/600
f 2179/2336/130 2151/3020/130 2152/3269/130 2180/2316/130
f 2180/2316/130 2152/3269/130 2153/3268/130 2181/2282/130
f 2181/2282/130 2153/3268/130 2154/2974/130 2182/2277/130
f 1950/3043/600 1936/3011/600 3608/3307/600 3587/3308/600
f 2694/1793/600 1188/1787/600 2945/2547/600 2832/3309/600
f 2223/1734/130 2167/1897/130 2168/1863/130 2224/1862/130
f 1152/1663/600 1124/1650/600 2885/3310/600 2899/3311/600
f 2221/1935/130 2165/1934/130 2166/1915/130 2222/1735/130
f 2249/3312/601 2165/1934/601 3779/1937/601 3778/3313/601
f 2219/2009/130 2163/2008/130 2164/1967/130 2220/1966/130
f 1353/2161/601 1367/2160/601 3116/3022/601 3107/3314/601
f 2217/3315/130 2161/3148/130 2162/2037/130 2218/2036/130
f 2216/3316/130 2160/3149/130 2161/3148/130 2217/3315/130
f 2215/3317/130 2159/3129/130 2160/3149/130 2216/3316/130
f 2214/3318/130 2158/3130/130 2159/3129/130 2215/3317/130
f 2212/3319/130 2156/3320/130 2158/3130/130 2214/3318/130
f 2225/1826/130 2169/1825/130 2157/3321/130 2213/3322/130
f 1784/2710/46 1785/2712/46 3446/3323/46 3445/3324/46
f 2209/1362/130 2181/2282/130 2182/2277/130 2210/1313/130
f 1187/1786/601 2693/1792/601 2826/3325/601 2944/2550/601
f 2207/2198/130 2179/2336/130 2180/2316/130 2208/1381/130
f 2164/1967/600 2248/3326/600 3776/3327/600 3777/1968/600
f 2205/1495/130 2177/2372/130 2178/2345/130 2206/2199/130
f 1366/2155/600 1352/2154/600 3106/3328/600 3115/3032/600
f 2203/1560/130 2175/2421/130 2176/2390/130 2204/1547/130
f 2692/1799/600 1186/1781/600 2943/2555/600 2806/3329/600
f 2201/1634/130 2173/2472/130 2174/2444/130 2202/1610/130
f 2561/3330/601 2379/3160/601 3960/3161/601 3959/3331/601
f 2198/3332/130 2170/3303/130 2172/2481/130 2200/1665/130
f 2211/1297/130 2183/2272/130 2171/3302/130 2199/3333/130
f 2253/3266/130 2197/2503/130 2185/3334/130 2241/3335/130
f 2240/3336/130 2184/3337/130 2186/2766/130 2242/3338/130
f 1511/2401/601 1581/2400/601 3319/3037/601 3241/3339/601
f 2243/3340/130 2187/2737/130 2188/2730/130 2244/3341/130
f 2247/3342/601 2163/2008/601 3775/2011/601 3774/3343/601
f 2245/3344/130 2189/2705/130 2190/2523/130 2246/3345/130
f 2246/3345/130 2190/2523/130 2191/2522/130 2247/3342/130
f 2247/3342/130 2191/2522/130 2192/2638/130 2248/3326/130
f 1351/2153/601 1365/2152/601 3114/3167/601 3097/3346/601
f 2249/3312/130 2193/2632/130 2194/2619/130 2250/3304/130
f 1185/1780/601 2691/1798/601 2800/3347/601 2942/2559/601
f 2251/3294/130 2195/2593/130 2196/2588/130 2252/3283/130
f 2611/2141/130 2610/2210/130 2197/2503/130 2253/3266/130
f 2239/1298/130 2211/1297/130 2199/3333/130 2227/3348/130
f 2226/3349/130 2198/3332/130 2200/1665/130 2228/1664/130
f 2378/3350/600 2560/3351/600 3957/3352/600 3958/3353/600
f 2229/1635/130 2201/1634/130 2202/1610/130 2230/1609/130
f 1580/2430/600 1510/2429/600 3239/3354/600 3318/3050/600
f 2231/1561/130 2203/1560/130 2204/1547/130 2232/1546/130
f 2162/2037/600 2246/3345/600 3772/3355/600 3773/2038/600
f 2233/1496/130 2205/1495/130 2206/2199/130 2234/2639/130
f 2234/2639/130 2206/2199/130 2207/2198/130 2235/2631/130
f 2235/2631/130 2207/2198/130 2208/1381/130 2236/1380/130
f 1364/2147/600 1350/2146/600 3095/3356/600 3113/3166/600
f 2237/1363/130 2209/1362/130 2210/1313/130 2238/1312/130
f 2690/1805/600 1184/1775/600 2941/2568/600 2780/3357/600
f 2267/3358/130 2225/1826/130 2213/3322/130 2255/3359/130
f 2254/3360/130 2212/3319/130 2214/3318/130 2256/1912/130
f 2256/1912/130 2214/3318/130 2215/3317/130 2257/1492/130
f 2257/1492/130 2215/3317/130 2216/3316/130 2258/3361/130
f 2258/3361/130 2216/3316/130 2217/3315/130 2259/3362/130
f 2259/3362/130 2217/3315/130 2218/2036/130 2260/3363/130
f 2559/3364/601 2377/2045/601 3956/2048/601 3955/3365/601
f 2261/3366/130 2219/2009/130 2220/1966/130 2262/3367/130
f 2245/3344/601 2161/3148/601 3771/3151/601 3770/3368/601
f 2263/3369/130 2221/1935/130 2222/1735/130 2264/3370/130
f 2264/3370/130 2222/1735/130 2223/1734/130 2265/3371/130
f 2265/3371/130 2223/1734/130 2224/1862/130 2266/3372/130
f 1349/2145/601 1363/2144/601 3112/3064/601 3093/3373/601
f 1183/1774/601 2689/1804/601 2774/3374/601 2940/2582/601
f 2195/2593/130 2237/1363/130 2238/1312/130 2196/2588/130
f 2376/2062/600 2558/3375/600 3953/3376/600 3954/2063/600
f 2193/2632/130 2235/2631/130 2236/1380/130 2194/2619/130
f 2160/3149/600 2244/3341/600 3768/3377/600 3769/3150/600
f 2191/2522/130 2233/1496/130 2234/2639/130 2192/2638/130
f 1362/2139/600 1348/2138/600 3091/3378/600 3111/3069/600
f 2189/2705/130 2231/1561/130 2232/1546/130 2190/2523/130
f 2688/1809/600 1182/1769/600 2939/2592/600 2754/3379/600
f 2187/2737/130 2229/1635/130 2230/1609/130 2188/2730/130
f 2557/3380/601 2375/2069/601 3952/2072/601 3951/3381/601
f 2184/3337/130 2226/3349/130 2228/1664/130 2186/2766/130
f 2197/2503/130 2239/1298/130 2227/3348/130 2185/3334/130
f 1507/2424/601 1577/2423/601 3317/3077/601 3233/3382/601
f 2167/1897/130 2251/3294/130 2252/3283/130 2168/1863/130
f 2243/3340/601 2159/3129/601 3767/3132/601 3766/3383/601
f 2165/1934/130 2249/3312/130 2250/3304/130 2166/1915/130
f 1347/2137/601 1361/2136/601 3110/3080/601 3089/3384/601
f 2163/2008/130 2247/3342/130 2248/3326/130 2164/1967/130
f 2589/1247/74 2620/3385/74 4111/3386/74 4110/3387/74
f 2161/3148/130 2245/3344/130 2246/3345/130 2162/2037/130
f 1942/2999/46 1943/2997/46 3617/3227/46 3616/3250/46
f 2159/3129/130 2243/3340/130 2244/3341/130 2160/3149/130
f 2374/2086/600 2556/3388/600 3949/3389/600 3950/2087/600
f 2156/3320/130 2240/3336/130 2242/3338/130 2158/3130/130
f 2169/1825/130 2253/3266/130 2241/3335/130 2157/3321/130
f 1576/2420/600 1506/2419/600 3231/3390/600 3316/3099/600
f 1077/1586/130 2265/3371/130 2266/3372/130 1087/1587/130
f 2158/3130/600 2242/3338/600 3764/3391/600 3765/3131/600
f 1057/1529/130 2263/3369/130 2264/3370/130 1067/1530/130
f 1360/2131/600 1346/2130/600 3087/3392/600 3109/3103/600
f 1037/1471/130 2261/3366/130 2262/3367/130 1047/1472/130
f 1102/1248/601 2589/1247/601 4110/3387/601 2859/3393/601
f 1017/1411/130 2259/3362/130 2260/3363/130 1027/1412/130
f 1721/2692/601 1791/2691/601 3454/3394/601 3419/3395/601
f 997/1349/130 2257/1492/130 2258/3361/130 1007/1350/130
f 2555/3396/601 2373/3258/601 3948/3261/601 3947/3397/601
f 968/1280/130 2254/3360/130 2256/1912/130 985/1281/130
f 1097/1228/130 2267/3358/130 2255/3359/130 976/1229/130
f 2613/2058/130 2612/2100/130 2281/3398/130 2337/3399/130
f 2335/3400/130 2279/3401/130 2280/3402/130 2336/3403/130
f 1505/2418/601 1575/2417/601 3315/3111/601 3229/3404/601
f 2333/3405/130 2277/3406/130 2278/3407/130 2334/3408/130
f 2588/1571/600 1092/1570/600 2833/3409/600 4109/3410/600
f 2331/3411/130 2275/3412/130 2276/3413/130 2332/3414/130
f 2330/3415/130 2274/3416/130 2275/3412/130 2331/3411/130
f 2329/3417/130 2273/3418/130 2274/3416/130 2330/3415/130
f 1790/2727/600 1720/2726/600 3417/3419/600 3453/3420/600
f 2327/3421/130 2271/3422/130 2272/3423/130 2328/3424/130
f 1179/1762/601 2685/1681/601 2721/1683/601 2936/2636/601
f 2324/3425/130 2268/3426/130 2270/3427/130 2326/3428/130
f 2337/3399/130 2281/3398/130 2269/3429/130 2325/3430/130
f 2372/3259/600 2554/3431/600 3945/3432/600 3946/3260/600
f 2349/3433/130 2293/1585/130 2294/1588/130 2350/3434/130
f 1574/2415/600 1504/2414/600 3227/3435/600 3314/3114/600
f 2347/3436/130 2291/1528/130 2292/1531/130 2348/3437/130
f 2346/3438/130 2290/1473/130 2291/1528/130 2347/3436/130
f 2345/3439/130 2289/1470/130 2290/1473/130 2346/3438/130
f 1082/1569/601 2587/1568/601 2966/2240/601 2823/3440/601
f 2343/3441/130 2287/1410/130 2288/1413/130 2344/3442/130
f 1719/2725/601 1789/2724/601 3451/3443/601 3415/3444/601
f 2341/3445/130 2285/1348/130 2286/1351/130 2342/3446/130
f 2684/1818/600 1178/1755/600 2935/2656/600 2698/2055/600
f 2338/3447/130 2282/1279/130 2284/1282/130 2340/3448/130
f 2351/3449/130 2295/1227/130 2283/1230/130 2339/3450/130
f 2365/1484/130 2309/3451/130 2297/3452/130 2353/3453/130
f 2352/3454/130 2296/3455/130 2298/3456/130 2354/3457/130
f 2354/3457/130 2298/3456/130 2299/3458/130 2355/3459/130
f 2355/3459/130 2299/3458/130 2300/3460/130 2356/3461/130
f 2356/3461/130 2300/3460/130 2301/3462/130 2357/3463/130
f 2357/3463/130 2301/3462/130 2302/3464/130 2358/1691/130
f 2553/3465/601 2371/2114/601 3944/2117/601 3943/3466/601
f 2359/1675/130 2303/3467/130 2304/3468/130 2360/1646/130
f 2586/1515/600 1072/1514/600 2807/3469/600 2964/2255/600
f 2361/1616/130 2305/3470/130 2306/3471/130 2362/3472/130
f 1788/2719/600 1718/2718/600 3413/3473/600 3449/3474/600
f 2363/3475/130 2307/3476/130 2308/3477/130 2364/1505/130
f 1141/1709/74 1140/1713/74 2904/3478/74 2906/3479/74
f 2309/3451/130 2323/3480/130 2311/3481/130 2297/3452/130
f 2296/3455/130 2310/3482/130 2312/3483/130 2298/3456/130
f 2298/3456/130 2312/3483/130 2313/3484/130 2299/3458/130
f 2299/3458/130 2313/3484/130 2314/3485/130 2300/3460/130
f 2370/2157/600 2552/3486/600 3941/3487/600 3942/2158/600
f 2301/3462/130 2315/3488/130 2316/3489/130 2302/3464/130
f 1062/1513/601 2585/1512/601 2962/2266/601 2797/3490/601
f 2303/3467/130 2317/3491/130 2318/3492/130 2304/3468/130
f 1717/2717/601 1787/2716/601 3448/3493/601 3411/3494/601
f 2305/3470/130 2319/3495/130 2320/3496/130 2306/3471/130
f 2551/3497/601 2369/2172/601 3940/2173/601 3939/3498/601
f 2307/3476/130 2321/3499/130 2322/3500/130 2308/3477/130
f 1501/2409/601 1571/2408/601 3313/3128/601 3221/3501/601
f 2323/3480/130 2337/3399/130 2325/3430/130 2311/3481/130
f 2310/3482/130 2324/3425/130 2326/3428/130 2312/3483/130
f 2584/1456/600 1052/1455/600 2781/3502/600 2960/2271/600
f 2313/3484/130 2327/3421/130 2328/3424/130 2314/3485/130
f 1786/2714/600 1716/2713/600 3409/3503/600 3447/3504/600
f 2315/3488/130 2329/3417/130 2330/3415/130 2316/3489/130
f 2368/2186/600 2550/3505/600 3937/3506/600 3938/2187/600
f 2317/3491/130 2331/3411/130 2332/3414/130 2318/3492/130
f 1570/2407/600 1500/2406/600 3219/3507/600 3312/3141/600
f 2319/3495/130 2333/3405/130 2334/3408/130 2320/3496/130
f 1042/1454/601 2583/1453/601 2958/2276/601 2771/3508/601
f 2321/3499/130 2335/3400/130 2336/3403/130 2322/3500/130
f 1352/2154/46 1353/2161/46 3107/3314/46 3106/3328/46
f 2281/3398/130 2351/3449/130 2339/3450/130 2269/3429/130
f 2268/3426/130 2338/3447/130 2340/3448/130 2270/3427/130
f 2582/1395/600 1032/1394/600 2755/3509/600 2956/2281/600
f 2271/3422/130 2341/3445/130 2342/3446/130 2272/3423/130
f 1022/1393/601 2581/1392/601 2954/2301/601 2745/3510/601
f 2273/3418/130 2343/3441/130 2344/3442/130 2274/3416/130
f 1713/2708/601 1783/2707/601 3443/3511/601 3403/3512/601
f 2275/3412/130 2345/3439/130 2346/3438/130 2276/3413/130
f 2580/1331/600 1012/1330/600 2729/3513/600 2952/2331/600
f 2277/3406/130 2347/3436/130 2348/3437/130 2278/3407/130
f 1782/2704/600 1712/2703/600 3401/3514/600 3441/3515/600
f 2279/3401/130 2349/3433/130 2350/3434/130 2280/3402/130
f 1002/1329/601 2579/1328/601 2950/2344/601 2718/1682/601
f 1903/2976/601 1945/3014/601 3615/3198/601 3554/3516/601
f 2447/3517/130 2363/3475/130 2364/1505/130 2448/1504/130
f 2446/3518/130 2362/3472/130 2363/3475/130 2447/3517/130
f 2445/1617/130 2361/1616/130 2362/3472/130 2446/3518/130
f 1711/2702/601 1781/2701/601 3440/3519/601 3399/3520/601
f 2443/1676/130 2359/1675/130 2360/1646/130 2444/1645/130
f 1161/1660/601 1147/1727/601 2918/2920/601 2917/3201/601
f 2441/3521/130 2357/3463/130 2358/1691/130 2442/1690/130
f 2440/3522/130 2356/3461/130 2357/3463/130 2441/3521/130
f 2439/1377/130 2355/3459/130 2356/3461/130 2440/3522/130
f 2438/1376/130 2354/3457/130 2355/3459/130 2439/1377/130
f 2436/3523/130 2352/3454/130 2354/3457/130 2438/1376/130
f 2449/1485/130 2365/1484/130 2353/3453/130 2437/3524/130
f 2435/1949/130 2379/3160/130 2367/3525/130 2423/3526/130
f 2422/3527/130 2366/3528/130 2368/2186/130 2424/1759/130
f 2146/3067/46 2147/3062/46 3762/3063/46 3761/3068/46
f 2425/1758/130 2369/2172/130 2370/2157/130 2426/2156/130
f 2578/1262/600 990/1261/600 2699/2056/600 2948/2361/600
f 2427/2115/130 2371/2114/130 2372/3259/130 2428/1811/130
f 2428/1811/130 2372/3259/130 2373/3258/130 2429/1812/130
f 2429/1812/130 2373/3258/130 2374/2086/130 2430/2085/130
f 1944/2998/600 1902/2993/600 3553/3529/600 3614/3210/600
f 2431/2070/130 2375/2069/130 2376/2062/130 2432/2061/130
f 1780/2698/600 1710/2697/600 3397/3530/600 3439/3531/600
f 2433/2046/130 2377/2045/130 2378/3350/130 2434/2379/130
f 2615/1870/130 2614/1979/130 2379/3160/130 2435/1949/130
f 2407/2662/130 2393/2661/130 2381/3532/130 2395/3533/130
f 2394/3534/130 2380/3535/130 2382/2879/130 2396/2878/130
f 1146/1696/600 1160/1685/600 2915/3214/600 2916/2929/600
f 2397/2867/130 2383/2866/130 2384/2852/130 2398/2851/130
f 1159/1684/601 1145/1695/601 2914/2934/601 2913/3236/601
f 2399/2844/130 2385/2843/130 2386/2833/130 2400/2832/130
f 1144/1702/600 1158/1680/600 2911/3253/600 2912/2947/600
f 2401/2793/130 2387/2792/130 2388/2752/130 2402/2585/130
f 1899/2990/601 1941/3000/601 3613/3255/601 3552/3536/601
f 2403/2584/130 2389/2733/130 2390/2721/130 2404/2720/130
f 1157/1679/601 1143/1701/601 2910/2963/601 2909/3256/601
f 2405/2688/130 2391/2687/130 2392/2683/130 2406/2682/130
f 1561/2500/74 1560/2502/74 3296/3537/74 3298/3538/74
f 1940/3003/600 1898/2988/600 3551/3539/600 3612/3262/600
f 2559/3364/130 2405/2688/130 2406/2682/130 2560/3351/130
f 1142/1710/600 1156/1674/600 2907/3265/600 2908/2966/600
f 2557/3380/130 2403/2584/130 2404/2720/130 2558/3375/130
f 2556/3388/130 2402/2585/130 2403/2584/130 2557/3380/130
f 2555/3396/130 2401/2793/130 2402/2585/130 2556/3388/130
f 2113/3218/601 2155/2967/601 3760/2968/601 3751/3540/601
f 2553/3465/130 2399/2844/130 2400/2832/130 2554/3431/130
f 1469/2122/601 1357/2125/601 3105/3270/601 3104/3541/601
f 2551/3497/130 2397/2867/130 2398/2851/130 2552/3486/130
f 2565/3542/74 2564/3543/74 4107/3544/74 4108/3545/74
f 2548/3546/130 2394/3534/130 2396/2878/130 2550/3505/130
f 2561/3330/130 2407/2662/130 2395/3533/130 2549/3547/130
f 1897/2987/601 1939/3002/601 3611/3272/601 3550/3548/601
f 2489/3549/130 2419/2304/130 2420/2378/130 2490/3550/130
f 2488/3551/130 2418/2305/130 2419/2304/130 2489/3549/130
f 2487/3552/130 2417/2450/130 2418/2305/130 2488/3551/130
f 1155/1673/601 1141/1709/601 2906/3479/601 2905/3281/601
f 2485/3553/130 2415/2484/130 2416/2475/130 2486/3554/130
f 2154/2974/600 2112/3249/600 3750/3555/600 3759/2975/600
f 2483/3556/130 2413/2241/130 2414/2494/130 2484/3557/130
f 2482/3558/130 2412/2242/130 2413/2241/130 2483/3556/130
f 2481/1438/130 2411/2223/130 2412/2242/130 2482/3558/130
f 1356/2170/600 1468/2099/600 3102/3559/600 3103/3285/600
f 2478/3560/130 2408/3561/130 2410/2222/130 2480/1892/130
f 2491/3562/130 2421/2364/130 2409/3563/130 2479/3564/130
f 1938/3008/600 1896/2984/600 3549/3565/600 3610/3286/600
f 2419/2304/130 2433/2046/130 2434/2379/130 2420/2378/130
f 1140/1713/600 1154/1669/600 2903/3293/600 2904/3478/600
f 2417/2450/130 2431/2070/130 2432/2061/130 2418/2305/130
f 1467/2098/601 1355/2169/601 3101/3296/601 3100/3566/601
f 2415/2484/130 2429/1812/130 2430/2085/130 2416/2475/130
f 1895/2983/601 1937/3007/601 3609/3298/601 3557/3567/601
f 2413/2241/130 2427/2115/130 2428/1811/130 2414/2494/130
f 1153/1668/601 1139/1715/601 2902/2994/601 2901/3300/601
f 2411/2223/130 2425/1758/130 2426/2156/130 2412/2242/130
f 2410/2222/130 2424/1759/130 2425/1758/130 2411/2223/130
f 2408/3561/130 2422/3527/130 2424/1759/130 2410/2222/130
f 2421/2364/130 2435/1949/130 2423/3526/130 2409/3563/130
f 2393/2661/130 2449/1485/130 2437/3524/130 2381/3532/130
f 2380/3535/130 2436/3523/130 2438/1376/130 2382/2879/130
f 2363/3475/74 2362/3472/74 3932/3568/74 3933/3569/74
f 2383/2866/130 2439/1377/130 2440/3522/130 2384/2852/130
f 2384/2852/130 2440/3522/130 2441/3521/130 2385/2843/130
f 2385/2843/130 2441/3521/130 2442/1690/130 2386/2833/130
f 1354/2162/600 1466/2105/600 3098/3570/600 3099/3306/600
f 2387/2792/130 2443/1676/130 2444/1645/130 2388/2752/130
f 1936/3011/600 1894/2982/600 3556/3571/600 3608/3307/600
f 2389/2733/130 2445/1617/130 2446/3518/130 2390/2721/130
f 2390/2721/130 2446/3518/130 2447/3517/130 2391/2687/130
f 2391/2687/130 2447/3517/130 2448/1504/130 2392/2683/130
f 1138/1722/600 1152/1663/600 2899/3311/600 2900/3009/600
f 2109/3242/601 2151/3020/601 3758/3021/601 3749/3572/601
f 2475/3573/130 2461/1589/130 2462/1592/130 2476/3574/130
f 1151/1662/601 1137/1721/601 2898/3025/601 2897/3096/601
f 2473/3575/130 2459/1532/130 2460/1535/130 2474/3576/130
f 2472/3577/130 2458/1477/130 2459/1532/130 2473/3575/130
f 2471/3578/130 2457/1474/130 2458/1477/130 2472/3577/130
f 2150/3026/600 2108/3241/600 3748/3579/600 3757/3027/600
f 2469/3580/130 2455/1414/130 2456/1417/130 2470/3581/130
f 1136/1732/600 1150/1659/600 2895/3097/600 2896/3033/600
f 2467/3582/130 2453/1352/130 2454/1355/130 2468/3583/130
f 2309/3451/601 2365/1484/601 3935/1487/601 3909/3584/601
f 2464/3585/130 2450/1283/130 2452/1286/130 2466/3586/130
f 2477/3587/130 2463/1223/130 2451/1226/130 2465/3588/130
f 2575/3589/130 2477/3587/130 2465/3588/130 2563/3590/130
f 2562/3591/130 2464/3585/130 2466/3586/130 2564/3543/130
f 1637/1998/601 1567/1488/601 3310/1491/601 3309/1999/601
f 2565/3542/130 2467/3582/130 2468/3583/130 2566/3592/130
f 2107/3238/601 2149/3044/601 3756/3045/601 3747/3593/601
f 2567/3594/130 2469/3580/130 2470/3581/130 2568/3595/130
f 2568/3595/130 2470/3581/130 2471/3578/130 2569/3596/130
f 2569/3596/130 2471/3578/130 2472/3577/130 2570/3597/130
f 1463/2107/601 1351/2153/601 3097/3346/601 3096/3598/601
f 2571/3599/130 2473/3575/130 2474/3576/130 2572/3600/130
f 2364/1505/600 2308/3477/600 3907/3601/600 3934/1506/600
f 2573/3602/130 2475/3573/130 2476/3574/130 2574/3603/130
f 2619/3604/130 2616/1800/130 2477/3587/130 2575/3589/130
f 1096/1224/130 2491/3562/130 2479/3564/130 975/1225/130
f 966/1284/130 2478/3560/130 2480/1892/130 984/1285/130
f 1566/1537/600 1636/2025/600 3307/2028/600 3308/1538/600
f 996/1353/130 2481/1438/130 2482/3558/130 1006/1354/130
f 2148/3054/600 2106/3235/600 3746/3605/600 3755/3055/600
f 1016/1415/130 2483/3556/130 2484/3557/130 1026/1416/130
f 1350/2146/600 1462/2113/600 3094/3606/600 3095/3356/600
f 1036/1475/130 2485/3553/130 2486/3554/130 1046/1476/130
f 2307/3476/601 2363/3475/601 3933/3569/601 3905/3607/601
f 1056/1533/130 2487/3552/130 2488/3551/130 1066/1534/130
f 1635/2052/601 1565/1553/601 3306/1556/601 3305/2053/601
f 1076/1590/130 2489/3549/130 2490/3550/130 1086/1591/130
f 1461/2112/601 1349/2145/601 3093/3373/601 3092/3608/601
f 2592/3609/130 2617/1770/130 2505/3610/130 1104/3611/130
f 1084/3612/130 2503/3613/130 2504/3614/130 1094/3615/130
f 1074/3616/130 2502/3617/130 2503/3613/130 1084/3612/130
f 1064/3618/130 2501/3619/130 2502/3617/130 1074/3616/130
f 1054/3620/130 2500/3621/130 2501/3619/130 1064/3618/130
f 1044/3622/130 2499/3623/130 2500/3621/130 1054/3620/130
f 1034/3624/130 2498/3625/130 2499/3623/130 1044/3622/130
f 1024/3626/130 2497/3627/130 2498/3625/130 1034/3624/130
f 1014/3628/130 2496/3629/130 2497/3627/130 1024/3626/130
f 1004/3630/130 2495/3631/130 2496/3629/130 1014/3628/130
f 992/3632/130 2494/3633/130 2495/3631/130 1004/3630/130
f 967/3634/130 2492/3635/130 2494/3633/130 992/3632/130
f 1104/3611/130 2505/3610/130 2493/3636/130 983/3637/130
f 1767/2807/74 1766/2805/74 3457/3638/74 3459/3639/74
f 2503/3613/130 2517/3640/130 2518/3641/130 2504/3614/130
f 2595/1624/46 1133/1626/46 2894/3202/46 2893/3642/46
f 2501/3619/130 2515/3643/130 2516/3644/130 2502/3617/130
f 2362/3472/600 2306/3471/600 3903/3645/600 3932/3568/600
f 2499/3623/130 2513/3646/130 2514/3647/130 2500/3621/130
f 1564/1603/600 1634/2065/600 3303/2068/600 3304/1604/600
f 2497/3627/130 2511/3648/130 2512/3649/130 2498/3625/130
f 1348/2138/600 1460/2119/600 3090/3650/600 3091/3378/600
f 2495/3631/130 2509/3651/130 2510/3652/130 2496/3629/130
f 2305/3470/601 2361/1616/601 3931/1619/601 3901/3653/601
f 2492/3635/130 2506/3654/130 2508/3655/130 2494/3633/130
f 2505/3610/130 2519/3656/130 2507/3657/130 2493/3636/130
f 1633/1856/601 1563/1620/601 3302/1623/601 3301/1857/601
f 2517/3640/130 2531/3658/130 2532/3659/130 2518/3641/130
f 1459/2118/601 1347/2137/601 3089/3384/601 3088/3660/601
f 2515/3643/130 2529/3661/130 2530/3662/130 2516/3644/130
f 2360/1646/600 2304/3468/600 3899/3663/600 3930/1647/600
f 2513/3646/130 2527/3664/130 2528/3665/130 2514/3647/130
f 1562/1652/600 1632/1855/600 3299/1858/600 3300/1653/600
f 2511/3648/130 2525/3666/130 2526/3667/130 2512/3649/130
f 2510/3652/130 2524/3668/130 2525/3666/130 2511/3648/130
f 2509/3651/130 2523/3669/130 2524/3668/130 2510/3652/130
f 1346/2130/600 1458/2120/600 3086/3670/600 3087/3392/600
f 2506/3654/130 2520/3671/130 2522/3672/130 2508/3655/130
f 2519/3656/130 2533/3673/130 2521/3674/130 2507/3657/130
f 1805/2855/601 1777/2800/601 3479/3675/601 3478/3108/601
f 2531/3658/130 2545/3676/130 2546/3677/130 2532/3659/130
f 2303/3467/601 2359/1675/601 3929/1678/601 3897/3678/601
f 2529/3661/130 2543/3679/130 2544/3680/130 2530/3662/130
f 1631/2095/601 1561/2500/601 3298/3538/601 3297/2096/601
f 2527/3664/130 2541/3681/130 2542/3682/130 2528/3665/130
f 1927/3035/74 1926/3034/74 3596/3683/74 3598/3684/74
f 2525/3666/130 2539/3685/130 2540/3686/130 2526/3667/130
f 1776/2825/600 1804/2877/600 3476/3113/600 3477/2826/600
f 2523/3669/130 2537/3687/130 2538/3688/130 2524/3668/130
f 2522/3672/130 2536/3689/130 2537/3687/130 2523/3669/130
f 2520/3671/130 2534/3690/130 2536/3689/130 2522/3672/130
f 2533/3673/130 2547/3691/130 2535/3692/130 2521/3674/130
f 2379/3160/130 2561/3330/130 2549/3547/130 2367/3525/130
f 2366/3528/130 2548/3546/130 2550/3505/130 2368/2186/130
f 2358/1691/600 2302/3464/600 3895/3693/600 3928/1692/600
f 2369/2172/130 2551/3497/130 2552/3486/130 2370/2157/130
f 1560/2502/600 1630/2108/600 3295/2111/600 3296/3537/600
f 2371/2114/130 2553/3465/130 2554/3431/130 2372/3259/130
f 2475/3573/601 2573/3602/601 4104/3694/601 4043/3695/601
f 2373/3258/130 2555/3396/130 2556/3388/130 2374/2086/130
f 1803/2876/601 1775/2837/601 3475/3696/601 3474/2970/601
f 2375/2069/130 2557/3380/130 2558/3375/130 2376/2062/130
f 1629/2133/601 1559/1704/601 3294/1707/601 3293/2134/601
f 2377/2045/130 2559/3364/130 2560/3351/130 2378/3350/130
f 2572/3600/600 2474/3576/600 4042/3697/600 4103/3698/600
f 2618/1747/130 2619/3604/130 2575/3589/130 2547/3691/130
f 2545/3676/130 2573/3602/130 2574/3603/130 2546/3677/130
f 1774/2830/600 1802/2873/600 3472/2971/600 3473/2849/600
f 2543/3679/130 2571/3599/130 2572/3600/130 2544/3680/130
f 1558/1717/600 1628/2164/600 3291/2167/600 3292/1718/600
f 2541/3681/130 2569/3596/130 2570/3597/130 2542/3682/130
f 2540/3686/130 2568/3595/130 2569/3596/130 2541/3681/130
f 2539/3685/130 2567/3594/130 2568/3595/130 2540/3686/130
f 2473/3575/601 2571/3599/601 4102/3699/601 4047/3700/601
f 2537/3687/130 2565/3542/130 2566/3592/130 2538/3688/130
f 2536/3689/130 2564/3543/130 2565/3542/130 2537/3687/130
f 2534/3690/130 2562/3591/130 2564/3543/130 2536/3689/130
f 2547/3691/130 2575/3589/130 2563/3590/130 2535/3692/130
f 2600/1819/130 2620/3385/130 2589/1247/130 1203/1820/130
f 1201/1782/130 2587/1568/130 2588/1571/130 1202/1821/130
f 1801/2872/601 1773/2829/601 3471/3701/601 3470/3126/601
f 1199/1806/130 2585/1512/130 2586/1515/130 1200/1795/130
f 1627/2175/601 1557/1724/601 3290/1725/601 3289/2176/601
f 1197/1830/130 2583/1453/130 2584/1456/130 1198/1823/130
f 2570/3597/600 2472/3577/600 4046/3702/600 4101/3703/600
f 1195/1833/130 2581/1392/130 2582/1395/130 1196/1834/130
f 1772/2822/600 1800/2871/600 3468/3134/600 3469/2874/600
f 1193/1841/130 2579/1328/130 2580/1331/130 1194/1842/130
f 1556/1743/600 1626/2192/600 3287/2195/600 3288/1744/600
f 1190/1847/130 2576/1259/130 2578/1262/130 1192/1845/130
f 1203/1820/130 2589/1247/130 2577/1250/130 1191/1848/130
f 2631/3704/130 2681/3705/130 2620/3385/130 2600/1819/130
f 2678/1746/130 2680/3706/130 2619/3604/130 2618/1747/130
f 1799/2870/601 1771/2821/601 3467/3707/601 3466/3144/601
f 1770/2815/600 1798/2865/600 3464/3155/600 3465/2903/600
f 1123/1649/74 1122/1657/74 2883/3708/74 2884/3709/74
f 2469/3580/601 2567/3594/601 4100/3710/601 4039/3711/601
f 2623/3712/130 2675/1771/130 2617/1770/130 2592/3609/130
f 1797/2864/601 1769/2814/601 3463/3713/601 3462/3158/601
f 2680/3706/130 2673/1801/130 2616/1800/130 2619/3604/130
f 2134/3178/46 2135/3174/46 3728/3714/46 3726/3715/46
f 2566/3592/600 2468/3583/600 4038/3716/600 4099/3717/600
f 1768/2809/600 1796/2862/600 3460/3173/600 3461/2914/600
f 2467/3582/601 2565/3542/601 4108/3545/601 4037/3718/601
f 1959/3038/601 1931/1750/601 3606/1753/601 3605/3197/601
f 1795/2861/601 1767/2807/601 3459/3639/601 3458/3188/601
f 2670/1869/130 2666/1980/130 2614/1979/130 2615/1870/130
f 1339/2089/74 1338/2084/74 3080/3719/74 3081/3720/74
f 2564/3543/600 2466/3586/600 4036/3721/600 4107/3544/600
f 1930/1765/600 1958/3057/600 3603/3211/600 3604/1766/600
f 1766/2805/600 1794/2858/600 3456/3207/600 3457/3638/600
f 1957/3056/601 1929/1776/601 3602/1779/601 3601/3226/601
f 1117/1564/601 1131/1627/601 2892/3237/601 2878/3722/601
f 2663/2057/130 2659/2101/130 2612/2100/130 2613/2058/130
f 2346/3438/46 2347/3436/46 3866/3723/46 3864/3724/46
f 1928/1789/600 1956/3053/600 3599/3251/600 3600/1790/600
f 1130/1633/600 1116/1510/600 2877/3725/600 2891/3252/600
f 1955/3052/601 1927/3035/601 3598/3684/601 3597/3254/601
f 1115/1508/601 1129/1632/601 2890/3257/601 2876/3726/601
f 2657/2140/130 2653/2211/130 2610/2210/130 2611/2141/130
f 1546/2388/46 1547/2386/46 3228/3727/46 3226/3728/46
f 2604/2093/46 1343/2073/46 3085/3729/46 3084/2957/46
f 1926/3034/600 1954/3049/600 3595/3263/600 3596/3683/600
f 1128/1639/600 1114/1451/600 2875/3730/600 2889/3264/600
f 2057/3194/601 2141/3193/601 3740/3731/601 3701/3732/601
f 1953/3048/601 1925/1836/601 3594/1839/601 3593/3271/601
f 1113/1449/601 1127/1638/601 2888/3282/601 2874/3733/601
f 2140/3165/600 2056/3164/600 3699/3734/600 3738/3735/600
f 1924/1878/600 1952/3047/600 3591/3287/600 3592/1879/600
f 1126/1644/600 1112/1390/600 2873/3736/600 2887/3292/600
f 2055/3163/601 2139/3162/601 3736/3737/601 3697/3738/601
f 1327/1955/601 1341/2091/601 3083/3739/601 3075/3740/601
f 2556/3388/46 2557/3380/46 3951/3381/46 3949/3389/46
f 1951/3046/601 1923/1906/601 3590/1909/601 3589/3297/601
f 1755/2788/74 1754/2790/74 3442/3741/74 3444/3742/74
f 1111/1388/601 1125/1643/601 2886/3301/601 2872/3743/601
f 2138/3171/600 2054/3170/600 3695/3744/600 3734/3745/600
f 1340/2090/600 1326/1965/600 3074/3746/600 3082/3747/600
f 1922/1918/600 1950/3043/600 3587/3308/600 3588/1919/600
f 1124/1650/600 1110/1326/600 2871/3748/600 2885/3310/600
f 2053/3169/601 2137/3168/601 3732/3749/601 3693/3750/601
f 1325/1962/601 1339/2089/601 3081/3720/601 3073/3751/601
f 1949/3042/601 1921/1943/601 3586/1946/601 3585/3093/601
f 1109/1324/601 1123/1649/601 2884/3709/601 2870/3752/601
f 2136/3177/600 2052/3176/600 3691/3753/600 3730/3754/600
f 1338/2084/600 1324/1973/600 3072/3755/600 3080/3719/600
f 1920/1988/600 1948/3041/600 3583/3094/600 3584/1989/600
f 1122/1657/600 1108/1288/600 2869/3756/600 2883/3708/600
f 2295/1227/601 2351/3449/601 3874/3757/601 3888/3758/601
f 1497/2347/601 1553/2398/601 3240/3759/601 3216/3760/601
f 1323/1970/601 1337/2083/601 3079/3761/601 3071/3762/601
f 2350/3434/600 2294/1588/600 3887/3763/600 3872/3764/600
f 1552/2377/600 1496/2371/600 3215/3765/600 3238/3766/600
f 1336/2080/600 1322/1978/600 3070/3767/600 3078/3768/600
f 2293/1585/601 2349/3433/601 3870/3769/601 3886/3770/601
f 1495/2370/601 1551/2376/601 3236/3771/601 3214/3772/601
f 2049/3181/601 2133/3180/601 3724/3773/601 3685/3774/601
f 1321/1975/601 1335/2079/601 3077/3775/601 3069/3776/601
f 1761/2775/74 1760/2777/74 3450/3777/74 3452/3778/74
f 2348/3437/600 2292/1531/600 3885/3779/600 3868/3780/600
f 1550/2383/600 1494/2367/600 3213/3781/600 3234/3782/600
f 2639/2779/130 2640/3783/130 2609/2431/130 2608/2558/130
f 2132/3187/600 2048/3186/600 3683/3784/600 3722/3785/600
f 1334/2078/600 1320/1986/600 3068/3786/600 3076/3787/600
f 1493/2366/601 1549/2382/601 3232/3788/601 3212/3789/601
f 2047/3185/601 2131/3184/601 3720/3790/601 3681/3791/601
f 1548/2387/600 1492/2363/600 3211/3792/600 3230/3793/600
f 2640/3783/130 2638/2817/130 2607/2432/130 2609/2431/130
f 2130/3192/600 2046/3191/600 3679/3794/600 3718/3795/600
f 2407/2662/601 2561/3330/601 3959/3331/601 3994/2663/601
f 1791/2691/601 1763/2798/601 3436/3796/601 3454/3394/601
f 2289/1470/601 2345/3439/601 3862/3797/601 3882/3798/601
f 2560/3351/600 2406/2682/600 3993/2685/600 3957/3352/600
f 2637/2882/130 2636/2896/130 2605/2311/130 2606/2310/130
f 1762/2776/600 1790/2727/600 3453/3420/600 3434/3799/600
f 2344/3442/600 2288/1413/600 3881/3800/600 3860/3801/600
f 2405/2688/601 2559/3364/601 3955/3365/601 3992/2689/601
f 1789/2724/601 1761/2775/601 3452/3778/601 3451/3443/601
f 2287/1410/601 2343/3441/601 3858/3802/601 3880/3803/601
f 1489/2359/601 1545/2389/601 3224/3804/601 3208/3805/601
f 2558/3375/600 2404/2720/600 3991/2723/600 3953/3376/600
f 2635/2956/130 2634/3806/130 2603/1951/130 2604/2093/130
f 1911/3024/74 1910/3023/74 3567/3807/74 3569/3808/74
f 1760/2777/600 1788/2719/600 3449/3474/600 3450/3777/600
f 2342/3446/600 2286/1351/600 3879/3809/600 3856/3810/600
f 2634/3806/130 2633/3004/130 2602/1952/130 2603/1951/130
f 1544/2393/600 1488/2354/600 3207/3811/600 3222/3812/600
f 1787/2716/601 1759/2778/601 3432/3813/601 3448/3493/601
f 2285/1348/601 2341/3445/601 3854/3814/601 3878/3815/601
f 1487/2353/601 1543/2392/601 3220/3816/601 3206/3817/601
f 2632/3058/130 2631/3704/130 2600/1819/130 2601/1598/130
f 2697/3278/130 2630/3277/130 2599/3289/130 2696/3288/130
f 2630/3277/130 2629/3818/130 2598/3819/130 2599/3289/130
f 2627/3820/130 2628/3821/130 2597/3822/130 2596/3823/130
f 2629/3818/130 2627/3820/130 2596/3823/130 2598/3819/130
f 2628/3821/130 2626/3824/130 2595/1624/130 2597/3822/130
f 2626/3824/130 2625/3118/130 2594/1625/130 2595/1624/130
f 1758/2783/600 1786/2714/600 3447/3504/600 3430/3825/600
f 2340/3448/600 2284/1282/600 3877/3826/600 3852/3827/600
f 1542/2397/600 1486/2350/600 3205/3828/600 3218/3829/600
f 2401/2793/601 2555/3396/601 3947/3397/601 3988/2794/601
f 1785/2712/601 1757/2782/601 3428/3830/601 3446/3323/601
f 2554/3431/600 2400/2832/600 3987/2835/600 3945/3432/600
f 2681/3705/130 2621/3831/130 2590/3832/130 2620/3385/130
f 2624/3123/130 2622/3833/130 2591/1597/130 2593/1596/130
f 1756/2789/600 1784/2710/600 3445/3324/600 3426/3834/600
f 2399/2844/601 2553/3465/601 3943/3466/601 3986/2845/601
f 1095/1565/130 1093/1567/130 2622/3833/130 2624/3123/130
f 1783/2707/601 1755/2788/601 3444/3742/601 3443/3511/601
f 2613/2058/46 2337/3399/46 3924/3835/46 3926/2059/46
f 2608/2558/46 1539/1997/46 3285/2000/46 3284/2780/46
f 2552/3486/600 2398/2851/600 3985/2854/600 3941/3487/600
f 1754/2790/600 1782/2704/600 3441/3515/600 3442/3741/600
f 1119/1289/74 2594/1625/74 2882/3120/74 2881/3836/74
f 2397/2867/601 2551/3497/601 3939/3498/601 3984/2868/601
f 1132/1628/130 1118/1566/130 2625/3118/130 2626/3824/130
f 2015/1751/601 1917/2216/601 3581/2219/601 3580/1752/601
f 1781/2701/601 1753/2791/601 3424/3837/601 3440/3519/601
f 1105/1251/601 1119/1289/601 2881/3836/601 2861/3838/601
f 2122/1469/46 2123/1500/46 3692/3839/46 3690/3840/46
f 2550/3505/600 2396/2878/600 3983/2881/600 3937/3506/600
f 1216/1822/130 1202/1821/130 2631/3704/130 2632/3058/130
f 1916/2229/600 2014/1764/600 3578/1767/600 3579/2230/600
f 1752/2797/600 1780/2698/600 3439/3531/600 3422/3841/600
f 1118/1566/600 1095/1565/600 2879/3842/600 2880/3843/600
f 2013/1777/601 1915/2234/601 3577/2237/601 3576/1778/601
f 1328/1958/130 1272/1957/130 2633/3004/130 2634/3806/130
f 1085/1541/601 1117/1564/601 2878/3722/601 2825/3844/601
f 1535/2478/74 1534/2477/74 3277/3845/74 3279/3846/74
f 1319/1983/74 1318/1994/74 3066/3847/74 3067/3848/74
f 1342/2092/130 1328/1958/130 2634/3806/130 2635/2956/130
f 1914/2250/600 2012/1788/600 3574/1791/600 3575/2251/600
f 1116/1510/600 1075/1509/600 2824/3849/600 2877/3725/600
f 2011/1739/601 1913/2259/601 3573/2262/601 3572/1740/601
f 1065/1483/601 1115/1508/601 2876/3726/601 2799/3850/601
f 2330/3415/46 2331/3411/46 3918/3851/46 3917/3852/46
f 1912/2268/600 2010/1738/600 3570/1741/600 3571/2269/600
f 1114/1451/600 1055/1450/600 2798/3853/600 2875/3730/600
f 1454/2309/130 1440/1316/130 2636/2896/130 2637/2882/130
f 1098/1232/601 2127/1231/601 3700/3854/601 2851/3855/601
f 2009/1837/601 1911/3024/601 3569/3808/601 3568/1838/601
f 1045/1423/601 1113/1449/601 2874/3733/601 2773/3856/601
f 2126/1584/600 1088/1583/600 2841/3857/600 3698/3858/600
f 1910/3023/600 2008/1877/600 3566/1880/600 3567/3807/600
f 1608/2438/130 1524/2437/130 2638/2817/130 2640/3783/130
f 1112/1390/600 1035/1389/600 2772/3859/600 2873/3736/600
f 1078/1582/601 2125/1581/601 3696/3860/601 2820/3861/601
f 1271/1956/601 1327/1955/601 3075/3740/601 3035/3862/601
f 2007/1907/601 1909/2295/601 3565/2298/601 3564/1908/601
f 1025/1361/601 1111/1388/601 2872/3743/601 2747/3863/601
f 1538/2026/130 1608/2438/130 2640/3783/130 2639/2779/130
f 2124/1527/600 1068/1526/600 2813/3864/600 3694/3865/600
f 1326/1965/600 1270/1964/600 3033/3866/600 3074/3746/600
f 1908/2326/600 2006/1917/600 3562/1920/600 3563/2327/600
f 1110/1326/600 1015/1325/600 2746/3867/600 2871/3748/600
f 1269/1963/601 1325/1962/601 3073/3751/601 3031/3868/601
f 2540/3686/46 2541/3681/46 4091/3869/46 4090/3870/46
f 2005/1944/601 1907/2340/601 3561/2343/601 3560/1945/601
f 1005/1296/601 1109/1324/601 2870/3752/601 2720/1698/601
f 1324/1973/600 1268/1972/600 3029/3871/600 3072/3755/600
f 1906/2356/600 2004/1987/600 3558/1990/600 3559/2357/600
f 1108/1288/600 995/1258/600 2719/1699/600 2869/3756/600
f 1038/1467/601 2121/1466/601 3688/3872/601 2768/3873/601
f 1267/1971/601 1323/1970/601 3071/3762/601 3027/3874/601
f 2120/1409/600 1028/1408/600 2761/3875/600 3686/3876/600
f 1322/1978/600 1266/1977/600 3025/3877/600 3070/3767/600
f 2279/3401/601 2335/3400/601 3922/3878/601 3871/3879/601
f 1607/2435/601 1537/2051/601 3283/2054/601 3282/2699/601
f 1018/1407/601 2119/1406/601 3684/3880/601 2742/3881/601
f 1265/1976/601 1321/1975/601 3069/3776/601 3023/3882/601
f 2334/3408/600 2278/3407/600 3869/3883/600 3921/3884/600
f 1536/2066/600 1606/2443/600 3280/2729/600 3281/2067/600
f 2118/1347/600 1008/1346/600 2735/3885/600 3682/3886/600
f 1320/1986/600 1264/1985/600 3021/3887/600 3068/3786/600
f 2491/3562/601 1096/1224/601 2847/3888/601 2868/3889/601
f 2277/3406/601 2333/3405/601 3920/3890/601 3867/3891/601
f 1605/2440/601 1535/2478/601 3279/3846/601 3278/2735/601
f 998/1345/601 2117/1344/601 3680/3892/601 2714/1543/601
f 1263/1984/601 1319/1983/601 3067/3848/601 3019/3893/601
f 2618/1747/46 2547/3691/46 4097/3894/46 4105/1748/46
f 1893/2981/74 1892/2979/74 3547/3895/74 3548/3896/74
f 2267/3358/601 1097/1228/601 2849/3897/601 2867/3898/601
f 2332/3414/600 2276/3413/600 3865/3899/600 3919/3900/600
f 1534/2477/600 1604/2449/600 3276/2759/600 3277/3845/600
f 2116/1278/600 986/1277/600 2707/1931/600 3678/3901/600
f 1318/1994/600 1262/1993/600 3017/3902/600 3066/3847/600
f 1763/2798/601 1749/2771/601 3437/3903/601 3436/3796/601
f 2071/3216/601 1098/1232/601 2851/3855/601 2866/3904/601
f 1603/2446/601 1533/2094/601 3275/2097/601 3274/2811/601
f 1894/2982/46 1895/2983/46 3557/3567/46 3556/3571/46
f 1748/2746/600 1762/2776/600 3434/3799/600 3435/3905/600
f 1875/2911/601 1099/1236/601 2853/3906/601 2865/3907/601
f 2252/3283/130 2196/2588/130 2653/2211/130 2657/2140/130
f 1532/2109/600 1602/2455/600 3272/2839/600 3273/2110/600
f 2573/3602/601 2545/3676/601 4095/3908/601 4104/3694/601
f 1651/1489/601 1100/1240/601 2855/2369/601 2864/1490/601
f 2273/3418/601 2329/3417/601 3916/3909/601 3859/3910/601
f 1601/2452/601 1531/2132/601 3271/2135/601 3270/2847/601
f 2336/3403/130 2280/3402/130 2659/2101/130 2663/2057/130
f 2544/3680/600 2572/3600/600 4103/3698/600 4094/3911/600
f 1413/2264/601 1101/1244/601 2857/1831/601 2863/2274/601
f 2328/3424/600 2272/3423/600 3857/3912/600 3915/3913/600
f 1530/2165/600 1600/2461/600 3268/2860/600 3269/2166/600
f 2571/3599/601 2543/3679/601 4093/3914/601 4102/3699/601
f 1759/2778/601 1745/2751/601 3433/3915/601 3432/3813/601
f 2434/2379/130 2378/3350/130 2666/1980/130 2670/1869/130
f 2271/3422/601 2327/3421/601 3913/3916/601 3855/3917/601
f 1599/2458/601 1529/2174/601 3267/2177/601 3266/2613/601
f 2103/3228/74 2102/3225/74 3744/3918/74 3745/3919/74
f 2542/3682/600 2570/3597/600 4101/3703/600 4092/3920/600
f 1744/2756/600 1758/2783/600 3430/3825/600 3431/3921/600
f 2695/1815/601 1102/1248/601 2859/3393/601 2862/3299/601
f 2574/3603/130 2476/3574/130 2673/1801/130 2680/3706/130
f 2326/3428/600 2270/3427/600 3853/3922/600 3911/3923/600
f 1094/3615/130 2504/3614/130 2675/1771/130 2623/3712/130
f 1528/2193/600 1598/2462/600 3264/2614/600 3265/2194/600
f 1757/2782/601 1743/2755/601 3429/3924/601 3428/3830/601
f 2593/1596/46 1105/1251/46 2861/3838/46 2860/3124/46
f 1742/2762/600 1756/2789/600 3426/3834/600 3427/3925/600
f 2546/3677/130 2574/3603/130 2680/3706/130 2678/1746/130
f 1202/1821/130 2588/1571/130 2681/3705/130 2631/3704/130
f 2567/3594/601 2539/3685/601 4088/3926/601 4100/3710/601
f 2621/3831/130 2697/3278/130 2696/3288/130 2590/3832/130
f 973/1260/130 2682/1817/130 2684/1818/130 990/1261/130
f 1102/1248/130 2695/1815/130 2683/1816/130 981/1249/130
f 2538/3688/600 2566/3592/600 4099/3717/600 4086/3927/600
f 1002/1329/130 2685/1681/130 2686/1810/130 1012/1330/130
f 1889/2952/601 1903/2976/601 3554/3516/601 3545/3928/601
f 1022/1393/130 2687/1808/130 2688/1809/130 1032/1394/130
f 1753/2791/601 1739/2528/601 3425/2531/601 3424/3837/601
f 1042/1454/130 2689/1804/130 2690/1805/130 1052/1455/130
f 1306/2014/46 1307/2012/46 3057/3929/46 3056/3930/46
f 1062/1513/130 2691/1798/130 2692/1799/130 1072/1514/130
f 1902/2993/600 1888/2928/600 3544/3931/600 3553/3529/600
f 1082/1569/130 2693/1792/130 2694/1793/130 1092/1570/130
f 1738/2541/600 1752/2797/600 3422/3841/600 3423/2542/600
f 2869/3756/130 2719/1699/130 2720/1698/130 2870/3752/130
f 2948/2361/130 2699/2056/130 2718/1682/130 2950/2344/130
f 3151/1671/130 2701/2033/130 2717/1630/130 3152/1642/130
f 3328/2515/130 2703/2005/130 2716/1607/130 3329/2512/130
f 3507/3932/130 2705/1961/130 2715/1558/130 3509/3933/130
f 3678/3901/130 2707/1931/130 2714/1543/130 3680/3892/130
f 3877/3826/130 2709/1914/130 2713/1493/130 3878/3815/130
f 4023/3934/130 2711/1894/130 2712/1439/130 4024/3935/130
f 2871/3748/130 2746/3867/130 2747/3863/130 2872/3743/130
f 2952/2331/130 2729/3513/130 2745/3510/130 2954/2301/130
f 3330/2246/130 2731/2509/130 2744/2498/130 3331/2247/130
f 3511/3936/130 2733/3937/130 2743/3938/130 3513/3939/130
f 3682/3886/130 2735/3885/130 2742/3881/130 3684/3880/130
f 3879/3809/130 2737/3940/130 2741/3941/130 3880/3803/130
f 4025/3942/130 2739/3943/130 2740/3944/130 4026/3945/130
f 2873/3736/130 2772/3859/130 2773/3856/130 2874/3733/130
f 2956/2281/130 2755/3509/130 2771/3508/130 2958/2276/130
f 3153/1551/130 2757/2042/130 2770/2016/130 3154/1503/130
f 3332/2497/130 2759/2496/130 2769/2487/130 3333/2486/130
f 3686/3876/130 2761/3875/130 2768/3873/130 3688/3872/130
f 3881/3800/130 2763/3946/130 2767/3947/130 3882/3798/130
f 4027/3948/130 2765/3949/130 2766/3950/130 4028/3951/130
f 2875/3730/130 2798/3853/130 2799/3850/130 2876/3726/130
f 2960/2271/130 2781/3502/130 2797/3490/130 2962/2266/130
f 3155/1443/130 2783/1974/130 2796/1940/130 3156/1427/130
f 3334/2480/130 2785/2479/130 2795/2457/130 3335/2456/130
f 3519/3952/130 2787/3953/130 2794/3954/130 3521/3955/130
f 3883/3956/130 2789/3957/130 2793/3958/130 3884/3959/130
f 4029/3960/130 2791/3961/130 2792/3962/130 4030/3963/130
f 2877/3725/130 2824/3849/130 2825/3844/130 2878/3722/130
f 2964/2255/130 2807/3469/130 2823/3440/130 2966/2240/130
f 3336/2312/130 2809/2439/130 2822/2416/130 3337/2313/130
f 3523/3964/130 2811/3965/130 2821/3966/130 3525/3967/130
f 3694/3865/130 2813/3864/130 2820/3861/130 3696/3860/130
f 3885/3779/130 2815/3968/130 2819/3969/130 3886/3770/130
f 4031/3970/130 2817/3971/130 2818/3972/130 4032/3973/130
f 2882/3120/130 2860/3124/130 2861/3838/130 2881/3836/130
f 4111/3386/130 2858/3974/130 2859/3393/130 4110/3387/130
f 3159/3975/130 2856/3976/130 2857/1831/130 3158/1303/130
f 3340/3977/130 2854/3978/130 2855/2369/130 3339/2368/130
f 3532/3979/130 2852/3980/130 2853/3906/130 3529/3981/130
f 3753/3982/130 2850/3983/130 2851/3855/130 3700/3854/130
f 3889/3984/130 2848/3985/130 2849/3897/130 3888/3758/130
f 4035/3986/130 2846/3987/130 2847/3888/130 4034/3988/130
f 2891/3252/130 2877/3725/130 2878/3722/130 2892/3237/130
f 2889/3264/130 2875/3730/130 2876/3726/130 2890/3257/130
f 2887/3292/130 2873/3736/130 2874/3733/130 2888/3282/130
f 2885/3310/130 2871/3748/130 2872/3743/130 2886/3301/130
f 2883/3708/130 2869/3756/130 2870/3752/130 2884/3709/130
f 2899/3311/130 2885/3310/130 2886/3301/130 2901/3300/130
f 2903/3293/130 2887/3292/130 2888/3282/130 2905/3281/130
f 2907/3265/130 2889/3264/130 2890/3257/130 2909/3256/130
f 2911/3253/130 2891/3252/130 2892/3237/130 2913/3236/130
f 2921/3989/130 2893/3642/130 2894/3202/130 2917/3201/130
f 2934/3990/130 2919/3991/130 2918/2920/130 2931/2539/130
f 2928/2554/130 2912/2947/130 2914/2934/130 2929/2551/130
f 2926/2567/130 2908/2966/130 2910/2963/130 2927/2560/130
f 2924/2630/130 2900/3009/130 2902/2994/130 2925/2608/130
f 2922/2655/130 2896/3033/130 2898/3025/130 2923/2637/130
f 2919/3991/130 2921/3989/130 2917/3201/130 2918/2920/130
f 2912/2947/130 2911/3253/130 2913/3236/130 2914/2934/130
f 2908/2966/130 2907/3265/130 2909/3256/130 2910/2963/130
f 2904/3478/130 2903/3293/130 2905/3281/130 2906/3479/130
f 2900/3009/130 2899/3311/130 2901/3300/130 2902/2994/130
f 2896/3033/130 2895/3097/130 2897/3096/130 2898/3025/130
f 2935/2656/130 2922/2655/130 2923/2637/130 2936/2636/130
f 2937/2492/130 2924/2630/130 2925/2608/130 2938/2493/130
f 2939/2592/130 2932/2591/130 2933/2583/130 2940/2582/130
f 2941/2568/130 2926/2567/130 2927/2560/130 2942/2559/130
f 2943/2555/130 2928/2554/130 2929/2551/130 2944/2550/130
f 2947/3290/130 2934/3990/130 2931/2539/130 2946/2538/130
f 4215/3291/130 2947/3290/130 2946/2538/130 2862/3299/130
f 2806/3329/130 2943/2555/130 2944/2550/130 2826/3325/130
f 2780/3357/130 2941/2568/130 2942/2559/130 2800/3347/130
f 2754/3379/130 2939/2592/130 2940/2582/130 2774/3374/130
f 2698/2055/130 2935/2656/130 2936/2636/130 2721/1683/130
f 2974/1797/130 2965/1796/130 2967/1785/130 2975/1784/130
f 2972/1688/130 2961/1824/130 2963/1807/130 2973/1689/130
f 2970/1886/130 2957/1885/130 2959/1854/130 2971/1853/130
f 2968/1926/130 2953/1925/130 2955/1911/130 2969/1910/130
f 2982/1420/130 2968/1926/130 2969/1910/130 2984/1375/130
f 2986/1358/130 2970/1886/130 2971/1853/130 2988/1311/130
f 2990/3992/130 2974/1797/130 2975/1784/130 2992/3993/130
f 3002/3994/130 2976/1601/130 2977/1600/130 2996/3995/130
f 3015/3996/130 2998/3997/130 2997/3998/130 3012/3999/130
f 3009/4000/130 2991/4001/130 2993/4002/130 3010/4003/130
f 3007/4004/130 2999/4005/130 3000/4006/130 3008/4007/130
f 3005/4008/130 2983/1421/130 2985/1374/130 3006/4009/130
f 3003/4010/130 2979/1481/130 2981/1434/130 3004/4011/130
f 2998/3997/130 3002/3994/130 2996/3995/130 2997/3998/130
f 2991/4001/130 2990/3992/130 2992/3993/130 2993/4002/130
f 2987/1359/130 2986/1358/130 2988/1311/130 2989/1310/130
f 2983/1421/130 2982/1420/130 2984/1375/130 2985/1374/130
f 2979/1481/130 2978/1480/130 2980/1435/130 2981/1434/130
f 3041/4012/130 3003/4010/130 3004/4011/130 3042/4013/130
f 3043/4014/130 3005/4008/130 3006/4009/130 3044/4015/130
f 3045/4016/130 3013/4017/130 3014/4018/130 3046/4019/130
f 3047/4020/130 3007/4004/130 3008/4007/130 3048/4021/130
f 3049/4022/130 3009/4000/130 3010/4003/130 3050/4023/130
f 3053/4024/130 3015/3996/130 3012/3999/130 3052/4025/130
f 3074/3746/130 3033/3866/130 3035/3862/130 3075/3740/130
f 3072/3755/130 3029/3871/130 3031/3868/130 3073/3751/130
f 3070/3767/130 3025/3877/130 3027/3874/130 3071/3762/130
f 3068/3786/130 3021/3887/130 3023/3882/130 3069/3776/130
f 3066/3847/130 3017/3902/130 3019/3893/130 3067/3848/130
f 3065/4026/130 3053/4024/130 3052/4025/130 3063/4027/130
f 3060/4028/130 3047/4020/130 3048/4021/130 3061/4029/130
f 3058/4030/130 3045/4016/130 3046/4019/130 3059/4031/130
f 3054/4032/130 3041/4012/130 3042/4013/130 3055/4033/130
f 3017/3902/130 3016/4034/130 3018/4035/130 3019/3893/130
f 3021/3887/130 3020/4036/130 3022/4037/130 3023/3882/130
f 3025/3877/130 3024/4038/130 3026/4039/130 3027/3874/130
f 3029/3871/130 3028/4040/130 3030/4041/130 3031/3868/130
f 3033/3866/130 3032/4042/130 3034/4043/130 3035/3862/130
f 3040/3006/130 3064/4044/130 3038/4045/130 3039/4046/130
f 3016/4034/130 3054/4032/130 3055/4033/130 3018/4035/130
f 3020/4036/130 3056/3930/130 3057/3929/130 3022/4037/130
f 3024/4038/130 3058/4030/130 3059/4031/130 3026/4039/130
f 3028/4040/130 3060/4028/130 3061/4029/130 3030/4041/130
f 3064/4044/130 3065/4026/130 3063/4027/130 3038/4045/130
f 3076/3787/130 3068/3786/130 3069/3776/130 3077/3775/130
f 3078/3768/130 3070/3767/130 3071/3762/130 3079/3761/130
f 3080/3719/130 3072/3755/130 3073/3751/130 3081/3720/130
f 3082/3747/130 3074/3746/130 3075/3740/130 3083/3739/130
f 3190/4047/130 3084/2957/130 3085/3729/130 3104/3541/130
f 3098/3570/130 3082/3747/130 3083/3739/130 3100/3566/130
f 3094/3606/130 3078/3768/130 3079/3761/130 3096/3598/130
f 3090/3650/130 3076/3787/130 3077/3775/130 3092/3608/130
f 3109/3103/130 3087/3392/130 3089/3384/130 3110/3080/130
f 3111/3069/130 3091/3378/130 3093/3373/130 3112/3064/130
f 3113/3166/130 3095/3356/130 3097/3346/130 3114/3167/130
f 3115/3032/130 3106/3328/130 3107/3314/130 3116/3022/130
f 3117/3001/130 3099/3306/130 3101/3296/130 3118/2989/130
f 3121/4048/130 3108/4049/130 3105/3270/130 3120/2969/130
f 3134/4050/130 3121/4048/130 3120/2969/130 3131/2577/130
f 3128/2625/130 3117/3001/130 3118/2989/130 3129/2595/130
f 3126/2642/130 3115/3032/130 3116/3022/130 3127/2635/130
f 3124/2732/130 3111/3069/130 3112/3064/130 3125/2715/130
f 3122/2774/130 3109/3103/130 3110/3080/130 3123/2739/130
f 3135/2483/130 3122/2774/130 3123/2739/130 3136/2474/130
f 3137/2518/130 3124/2732/130 3125/2715/130 3138/2519/130
f 3139/2394/130 3132/2686/130 3133/2677/130 3140/2375/130
f 3141/2351/130 3126/2642/130 3127/2635/130 3142/2339/130
f 3143/2322/130 3128/2625/130 3129/2595/130 3144/2292/130
f 3147/4051/130 3134/4050/130 3131/2577/130 3146/2275/130
f 3150/4052/130 3147/4051/130 3146/2275/130 2863/2274/130
f 3148/2182/130 3143/2322/130 3144/2292/130 3149/2183/130
f 2782/2352/130 3141/2351/130 3142/2339/130 2801/2338/130
f 2756/2395/130 3139/2394/130 3140/2375/130 2775/2374/130
f 2700/2032/130 3135/2483/130 3136/2474/130 2722/1631/130
f 2701/2033/130 2700/2032/130 2722/1631/130 2717/1630/130
f 2757/2042/130 2756/2395/130 2775/2374/130 2770/2016/130
f 2783/1974/130 2782/2352/130 2801/2338/130 2796/1940/130
f 2856/3976/130 3150/4052/130 2863/2274/130 2857/1831/130
f 3176/2898/130 3159/3975/130 3158/1303/130 3175/1302/130
f 3172/1387/130 3160/1386/130 3161/1371/130 3173/1370/130
f 3170/1444/130 3155/1443/130 3156/1427/130 3171/1426/130
f 3168/1552/130 3153/1551/130 3154/1503/130 3169/1502/130
f 3166/1615/130 3162/1614/130 3163/1595/130 3167/1594/130
f 3164/1672/130 3151/1671/130 3152/1642/130 3165/1641/130
f 3177/4053/130 3166/1615/130 3167/1594/130 3178/4054/130
f 3179/4055/130 3168/1552/130 3169/1502/130 3180/4056/130
f 3181/4057/130 3170/1444/130 3171/1426/130 3182/4058/130
f 3183/4059/130 3172/1387/130 3173/1370/130 3184/4060/130
f 3204/4061/130 3185/2883/130 3186/4062/130 3201/4063/130
f 3197/4064/130 3183/4059/130 3184/4060/130 3198/4065/130
f 3195/4066/130 3179/4055/130 3180/4056/130 3196/4067/130
f 3193/4068/130 3177/4053/130 3178/4054/130 3194/4069/130
f 3191/4070/130 3187/4071/130 3188/4072/130 3192/4073/130
f 3087/3392/130 3086/3670/130 3088/3660/130 3089/3384/130
f 3091/3378/130 3090/3650/130 3092/3608/130 3093/3373/130
f 3095/3356/130 3094/3606/130 3096/3598/130 3097/3346/130
f 3099/3306/130 3098/3570/130 3100/3566/130 3101/3296/130
f 3108/4049/130 3190/4047/130 3104/3541/130 3105/3270/130
f 3205/3828/130 3191/4070/130 3192/4073/130 3206/3817/130
f 3207/3811/130 3193/4068/130 3194/4069/130 3208/3805/130
f 3209/4074/130 3195/4066/130 3196/4067/130 3210/4075/130
f 3211/3792/130 3202/4076/130 3203/4077/130 3212/3789/130
f 3213/3781/130 3197/4064/130 3198/4065/130 3214/3772/130
f 3217/4078/130 3204/4061/130 3201/4063/130 3216/3760/130
f 3286/4079/130 3217/4078/130 3216/3760/130 3240/3759/130
f 3234/3782/130 3213/3781/130 3214/3772/130 3236/3771/130
f 3230/3793/130 3211/3792/130 3212/3789/130 3232/3788/130
f 3222/3812/130 3207/3811/130 3208/3805/130 3224/3804/130
f 3218/3829/130 3205/3828/130 3206/3817/130 3220/3816/130
f 3312/3141/130 3219/3507/130 3221/3501/130 3313/3128/130
f 3314/3114/130 3227/3435/130 3229/3404/130 3315/3111/130
f 3316/3099/130 3231/3390/130 3233/3382/130 3317/3077/130
f 3320/4080/130 3242/4081/130 3241/3339/130 3319/3037/130
f 3280/2729/130 3256/2728/130 3258/2700/130 3282/2699/130
f 3276/2759/130 3252/2758/130 3254/2736/130 3278/2735/130
f 3272/2839/130 3248/2838/130 3250/2812/130 3274/2811/130
f 3268/2860/130 3244/2859/130 3246/2848/130 3270/2847/130
f 3287/2195/130 3265/2194/130 3267/2177/130 3289/2176/130
f 3291/2167/130 3269/2166/130 3271/2135/130 3293/2134/130
f 3295/2111/130 3273/2110/130 3275/2097/130 3297/2096/130
f 3303/2068/130 3281/2067/130 3283/2054/130 3305/2053/130
f 3342/4082/130 3284/2780/130 3285/2000/130 3309/1999/130
f 3219/3507/130 3218/3829/130 3220/3816/130 3221/3501/130
f 3223/4083/130 3222/3812/130 3224/3804/130 3225/4084/130
f 3227/3435/130 3226/3728/130 3228/3727/130 3229/3404/130
f 3231/3390/130 3230/3793/130 3232/3788/130 3233/3382/130
f 3235/4085/130 3234/3782/130 3236/3771/130 3237/4086/130
f 3242/4081/130 3286/4079/130 3240/3759/130 3241/3339/130
f 3343/4087/130 3311/4088/130 3310/1491/130 2864/1490/130
f 2808/1605/130 3304/1604/130 3306/1556/130 2827/1555/130
f 2784/1654/130 3300/1653/130 3302/1623/130 2802/1622/130
f 2730/1719/130 3292/1718/130 3294/1707/130 2749/1706/130
f 2702/1745/130 3288/1744/130 3290/1725/130 2723/1608/130
f 3327/4089/130 3320/4080/130 3319/3037/130 3261/3036/130
f 3255/3066/130 3321/3065/130 3322/3061/130 3257/3060/130
f 3251/3100/130 3316/3099/130 3317/3077/130 3253/3076/130
f 3247/3115/130 3314/3114/130 3315/3111/130 3249/3110/130
f 3243/3122/130 3323/3121/130 3324/3117/130 3245/3116/130
f 3325/2995/130 3312/3141/130 3313/3128/130 3326/2996/130
f 3244/2859/130 3243/3122/130 3245/3116/130 3246/2848/130
f 3248/2838/130 3247/3115/130 3249/3110/130 3250/2812/130
f 3252/2758/130 3251/3100/130 3253/3076/130 3254/2736/130
f 3256/2728/130 3255/3066/130 3257/3060/130 3258/2700/130
f 3263/2819/130 3327/4089/130 3261/3036/130 3262/4090/130
f 3265/2194/130 3264/2614/130 3266/2613/130 3267/2177/130
f 3269/2166/130 3268/2860/130 3270/2847/130 3271/2135/130
f 3273/2110/130 3272/2839/130 3274/2811/130 3275/2097/130
f 3277/3845/130 3276/2759/130 3278/2735/130 3279/3846/130
f 3281/2067/130 3280/2729/130 3282/2699/130 3283/2054/130
f 3369/4091/130 3340/3977/130 3339/2368/130 3366/4092/130
f 3356/4093/130 3334/2480/130 3335/2456/130 3358/4094/130
f 3352/4095/130 3332/2497/130 3333/2486/130 3354/4096/130
f 3344/4097/130 3328/2515/130 3329/2512/130 3346/4098/130
f 3311/4088/130 3342/4082/130 3309/1999/130 3310/1491/130
f 3304/1604/130 3303/2068/130 3305/2053/130 3306/1556/130
f 3300/1653/130 3299/1858/130 3301/1857/130 3302/1623/130
f 3296/3537/130 3295/2111/130 3297/2096/130 3298/3538/130
f 3292/1718/130 3291/2167/130 3293/2134/130 3294/1707/130
f 3288/1744/130 3287/2195/130 3289/2176/130 3290/1725/130
f 2703/2005/130 2702/1745/130 2723/1608/130 2716/1607/130
f 2731/2509/130 2730/1719/130 2749/1706/130 2744/2498/130
f 2759/2496/130 2758/4099/130 2776/4100/130 2769/2487/130
f 2785/2479/130 2784/1654/130 2802/1622/130 2795/2457/130
f 2809/2439/130 2808/1605/130 2827/1555/130 2822/2416/130
f 2854/3978/130 3343/4087/130 2864/1490/130 2855/2369/130
f 3374/4101/130 3349/4102/130 3351/4103/130 3376/4104/130
f 3378/4105/130 3353/4106/130 3355/4107/130 3380/4108/130
f 3382/4109/130 3357/4110/130 3359/4111/130 3384/4112/130
f 3386/4113/130 3361/4114/130 3363/4115/130 3388/4116/130
f 3395/4117/130 3368/4118/130 3367/4119/130 3392/4120/130
f 3345/4121/130 3344/4097/130 3346/4098/130 3347/4122/130
f 3349/4102/130 3348/4123/130 3350/4124/130 3351/4103/130
f 3353/4106/130 3352/4095/130 3354/4096/130 3355/4107/130
f 3357/4110/130 3356/4093/130 3358/4094/130 3359/4111/130
f 3361/4114/130 3360/4125/130 3362/4126/130 3363/4115/130
f 3368/4118/130 3369/4091/130 3366/4092/130 3367/4119/130
f 3421/4127/130 3394/4128/130 3393/4129/130 3418/4130/130
f 3412/4131/130 3387/4132/130 3389/4133/130 3414/4134/130
f 3404/4135/130 3379/4136/130 3381/4137/130 3406/4138/130
f 3400/4139/130 3375/4140/130 3377/4141/130 3402/4142/130
f 3396/4143/130 3371/4144/130 3373/4145/130 3398/4146/130
f 3394/4128/130 3395/4117/130 3392/4120/130 3393/4129/130
f 3387/4132/130 3386/4113/130 3388/4116/130 3389/4133/130
f 3383/4147/130 3382/4109/130 3384/4112/130 3385/4148/130
f 3379/4136/130 3378/4105/130 3380/4108/130 3381/4137/130
f 3375/4140/130 3374/4101/130 3376/4104/130 3377/4141/130
f 3371/4144/130 3370/4149/130 3372/4150/130 3373/4145/130
f 3439/3531/130 3397/3530/130 3399/3520/130 3440/3519/130
f 3441/3515/130 3401/3514/130 3403/3512/130 3443/3511/130
f 3447/3504/130 3409/3503/130 3411/3494/130 3448/3493/130
f 3449/3474/130 3413/3473/130 3415/3444/130 3451/3443/130
f 3481/4151/130 3420/4152/130 3419/3395/130 3454/3394/130
f 3397/3530/130 3396/4143/130 3398/4146/130 3399/3520/130
f 3401/3514/130 3400/4139/130 3402/4142/130 3403/3512/130
f 3405/4153/130 3404/4135/130 3406/4138/130 3407/4154/130
f 3409/3503/130 3408/4155/130 3410/4156/130 3411/3494/130
f 3413/3473/130 3412/4131/130 3414/4134/130 3415/3444/130
f 3420/4152/130 3421/4127/130 3418/4130/130 3419/3395/130
f 3506/4157/130 3438/4158/130 3437/3903/130 3491/3109/130
f 3488/3133/130 3431/3921/130 3433/3915/130 3489/3127/130
f 3486/3154/130 3427/3925/130 3429/3924/130 3487/3145/130
f 3482/2543/130 3423/2542/130 3425/2531/130 3483/2530/130
f 3438/4158/130 3455/4159/130 3436/3796/130 3437/3903/130
f 3431/3921/130 3430/3825/130 3432/3813/130 3433/3915/130
f 3427/3925/130 3426/3834/130 3428/3830/130 3429/3924/130
f 3423/2542/130 3422/3841/130 3424/3837/130 3425/2531/130
f 2658/2915/130 3461/2914/130 3463/3713/130 2656/2908/130
f 2655/2904/130 3465/2903/130 3467/3707/130 2654/2890/130
f 2652/2875/130 3469/2874/130 3471/3701/130 2651/2863/130
f 2650/2850/130 3473/2849/130 3475/3696/130 2649/2842/130
f 2646/4160/130 3480/4161/130 3479/3675/130 2647/2787/130
f 3455/4159/130 3481/4151/130 3454/3394/130 3436/3796/130
f 3450/3777/130 3449/3474/130 3451/3443/130 3452/3778/130
f 3430/3825/130 3447/3504/130 3448/3493/130 3432/3813/130
f 3426/3834/130 3445/3324/130 3446/3323/130 3428/3830/130
f 3442/3741/130 3441/3515/130 3443/3511/130 3444/3742/130
f 3422/3841/130 3439/3531/130 3440/3519/130 3424/3837/130
f 3457/3638/130 3456/3207/130 3458/3188/130 3459/3639/130
f 3461/2914/130 3460/3173/130 3462/3158/130 3463/3713/130
f 3465/2903/130 3464/3155/130 3466/3144/130 3467/3707/130
f 3469/2874/130 3468/3134/130 3470/3126/130 3471/3701/130
f 3473/2849/130 3472/2971/130 3474/2970/130 3475/3696/130
f 3480/4161/130 3492/4162/130 3478/3108/130 3479/3675/130
f 3535/4163/130 3503/4164/130 3502/2786/130 2865/3907/130
f 2810/4165/130 3499/4166/130 3500/2841/130 2828/4167/130
f 3533/4168/130 3495/4169/130 3496/2889/130 3534/4170/130
f 2732/4171/130 3493/4172/130 3494/2907/130 2750/4173/130
f 2704/1960/130 3504/2581/130 3505/2580/130 2724/1559/130
f 3456/3207/130 3482/2543/130 3483/2530/130 3458/3188/130
f 3460/3173/130 3484/3172/130 3485/3159/130 3462/3158/130
f 3464/3155/130 3486/3154/130 3487/3145/130 3466/3144/130
f 3468/3134/130 3488/3133/130 3489/3127/130 3470/3126/130
f 3492/4162/130 3506/4157/130 3491/3109/130 3478/3108/130
f 3546/4174/130 3531/4175/130 3530/4176/130 3545/3928/130
f 3542/4177/130 3524/4178/130 3526/4179/130 3543/4180/130
f 3540/4181/130 3520/4182/130 3522/4183/130 3541/4184/130
f 3538/4185/130 3516/4186/130 3518/4187/130 3539/4188/130
f 3536/4189/130 3508/4190/130 3510/4191/130 3537/4192/130
f 3531/4175/130 3532/3979/130 3529/3981/130 3530/4176/130
f 3524/4178/130 3523/3964/130 3525/3967/130 3526/4179/130
f 3520/4182/130 3519/3952/130 3521/3955/130 3522/4183/130
f 3516/4186/130 3515/4193/130 3517/4194/130 3518/4187/130
f 3512/4195/130 3511/3936/130 3513/3939/130 3514/4196/130
f 3508/4190/130 3507/3932/130 3509/3933/130 3510/4191/130
f 2705/1961/130 2704/1960/130 2724/1559/130 2715/1558/130
f 2733/3937/130 2732/4171/130 2750/4173/130 2743/3938/130
f 2787/3953/130 2786/4197/130 2803/4198/130 2794/3954/130
f 2811/3965/130 2810/4165/130 2828/4167/130 2821/3966/130
f 2852/3980/130 3535/4163/130 2865/3907/130 2853/3906/130
f 3547/3895/130 3536/4189/130 3537/4192/130 3548/3896/130
f 3549/3565/130 3538/4185/130 3539/4188/130 3550/3548/130
f 3551/3539/130 3540/4181/130 3541/4184/130 3552/3536/130
f 3555/4199/130 3546/4174/130 3545/3928/130 3554/3516/130
f 3618/4200/130 3555/4199/130 3554/3516/130 3615/3198/130
f 3612/3262/130 3551/3539/130 3552/3536/130 3613/3255/130
f 3610/3286/130 3549/3565/130 3550/3548/130 3611/3272/130
f 3608/3307/130 3556/3571/130 3557/3567/130 3609/3298/130
f 3637/2358/130 3559/2357/130 3561/2343/130 3639/2342/130
f 3641/2328/130 3563/2327/130 3565/2298/130 3643/2297/130
f 3649/2270/130 3571/2269/130 3573/2262/130 3651/2261/130
f 3653/2252/130 3575/2251/130 3577/2237/130 3655/2236/130
f 3662/4201/130 3582/4202/130 3581/2219/130 3659/2218/130
f 3558/1990/130 3584/1989/130 3586/1946/130 3560/1945/130
f 3562/1920/130 3588/1919/130 3590/1909/130 3564/1908/130
f 3566/1880/130 3592/1879/130 3594/1839/130 3568/1838/130
f 3574/1791/130 3600/1790/130 3602/1779/130 3576/1778/130
f 3663/4203/130 3607/4204/130 3606/1753/130 3580/1752/130
f 3587/3308/130 3608/3307/130 3609/3298/130 3589/3297/130
f 3591/3287/130 3610/3286/130 3611/3272/130 3593/3271/130
f 3595/3263/130 3612/3262/130 3613/3255/130 3597/3254/130
f 3599/3251/130 3616/3250/130 3617/3227/130 3601/3226/130
f 3619/4205/130 3618/4200/130 3615/3198/130 3605/3197/130
f 3607/4204/130 3619/4205/130 3605/3197/130 3606/1753/130
f 3600/1790/130 3599/3251/130 3601/3226/130 3602/1779/130
f 3596/3683/130 3595/3263/130 3597/3254/130 3598/3684/130
f 3592/1879/130 3591/3287/130 3593/3271/130 3594/1839/130
f 3588/1919/130 3587/3308/130 3589/3297/130 3590/1909/130
f 3584/1989/130 3583/3094/130 3585/3093/130 3586/1946/130
f 3677/4206/130 3636/4207/130 3635/2918/130 3672/4208/130
f 3669/4209/130 3629/2965/130 3631/2961/130 3670/4210/130
f 3667/4211/130 3625/2986/130 3627/2973/130 3668/4212/130
f 3666/4213/130 3661/4214/130 3660/2537/130 3634/2919/130
f 3664/4215/130 3654/2553/130 3656/2549/130 3665/4216/130
f 3628/1294/130 3650/1293/130 3652/2557/130 3630/2962/130
f 3624/1323/130 3646/1322/130 3648/1307/130 3626/1306/130
f 3620/1448/130 3638/1447/130 3640/1431/130 3622/1430/130
f 3661/4214/130 3662/4201/130 3659/2218/130 3660/2537/130
f 3654/2553/130 3653/2252/130 3655/2236/130 3656/2549/130
f 3650/1293/130 3649/2270/130 3651/2261/130 3652/2557/130
f 3646/1322/130 3645/2151/130 3647/2150/130 3648/1307/130
f 3642/2490/130 3641/2328/130 3643/2297/130 3644/2491/130
f 3638/1447/130 3637/2358/130 3639/2342/130 3640/1431/130
f 3582/4202/130 3663/4203/130 3580/1752/130 3581/2219/130
f 3575/2251/130 3574/1791/130 3576/1778/130 3577/2237/130
f 3571/2269/130 3570/1741/130 3572/1740/130 3573/2262/130
f 3567/3807/130 3566/1880/130 3568/1838/130 3569/3808/130
f 3563/2327/130 3562/1920/130 3564/1908/130 3565/2298/130
f 3559/2357/130 3558/1990/130 3560/1945/130 3561/2343/130
f 3621/2742/130 3620/1448/130 3622/1430/130 3623/2743/130
f 3625/2986/130 3624/1323/130 3626/1306/130 3627/2973/130
f 3629/2965/130 3628/1294/130 3630/2962/130 3631/2961/130
f 3636/4207/130 3666/4213/130 3634/2919/130 3635/2918/130
f 3705/4217/130 3673/4218/130 3674/4219/130 3706/4220/130
f 3707/4221/130 3667/4211/130 3668/4212/130 3708/4222/130
f 3709/4223/130 3669/4209/130 3670/4210/130 3711/4224/130
f 3713/4225/130 3675/4226/130 3676/4227/130 3714/4228/130
f 3743/4229/130 3677/4206/130 3672/4208/130 3716/4230/130
f 3754/4231/130 3702/4232/130 3701/3732/130 3740/3731/130
f 3734/3745/130 3695/3744/130 3697/3738/130 3736/3737/130
f 3730/3754/130 3691/3753/130 3693/3750/130 3732/3749/130
f 3722/3785/130 3683/3784/130 3685/3774/130 3724/3773/130
f 3718/3795/130 3679/3794/130 3681/3791/130 3720/3790/130
f 2850/3983/130 3717/4233/130 2866/3904/130 2851/3855/130
f 2813/3864/130 2812/4234/130 2829/4235/130 2820/3861/130
f 2761/3875/130 2760/4236/130 2777/4237/130 2768/3873/130
f 2735/3885/130 2734/4238/130 2751/4239/130 2742/3881/130
f 2707/1931/130 2706/1930/130 2725/1544/130 2714/1543/130
f 3744/3918/130 3719/4240/130 3721/4241/130 3745/3919/130
f 3746/3605/130 3727/4242/130 3729/4243/130 3747/3593/130
f 3748/3579/130 3731/4244/130 3733/4245/130 3749/3572/130
f 3752/4246/130 3742/4247/130 3741/4248/130 3751/3540/130
f 3717/4233/130 3743/4229/130 3716/4230/130 2866/3904/130
f 2812/4234/130 3713/4225/130 3714/4228/130 2829/4235/130
f 3710/4249/130 3709/4223/130 3711/4224/130 3712/4250/130
f 2760/4236/130 3707/4221/130 3708/4222/130 2777/4237/130
f 2734/4238/130 3705/4217/130 3706/4220/130 2751/4239/130
f 2706/1930/130 3703/4251/130 3704/4252/130 2725/1544/130
f 3763/4253/130 3752/4246/130 3751/3540/130 3760/2968/130
f 3757/3027/130 3748/3579/130 3749/3572/130 3758/3021/130
f 3755/3055/130 3746/3605/130 3747/3593/130 3756/3045/130
f 3702/4232/130 3753/3982/130 3700/3854/130 3701/3732/130
f 3695/3744/130 3694/3865/130 3696/3860/130 3697/3738/130
f 3691/3753/130 3690/3840/130 3692/3839/130 3693/3750/130
f 3687/4254/130 3686/3876/130 3688/3872/130 3689/4255/130
f 3683/3784/130 3682/3886/130 3684/3880/130 3685/3774/130
f 3679/3794/130 3678/3901/130 3680/3892/130 3681/3791/130
f 3719/4240/130 3718/3795/130 3720/3790/130 3721/4241/130
f 3723/4256/130 3722/3785/130 3724/3773/130 3725/4257/130
f 3727/4242/130 3726/3715/130 3728/3714/130 3729/4243/130
f 3731/4244/130 3730/3754/130 3732/3749/130 3733/4245/130
f 3735/4258/130 3734/3745/130 3736/3737/130 3737/4259/130
f 3742/4247/130 3754/4231/130 3740/3731/130 3741/4248/130
f 3789/2445/130 3761/3068/130 3762/3063/130 3790/2422/130
f 3791/2391/130 3755/3055/130 3756/3045/130 3792/2373/130
f 3793/2346/130 3757/3027/130 3758/3021/130 3794/2337/130
f 3797/4260/130 3763/4253/130 3760/2968/130 3796/2273/130
f 3848/4261/130 3788/4262/130 3787/1828/130 3847/1827/130
f 3844/1736/130 3781/1916/130 3783/1898/130 3845/1737/130
f 3842/1969/130 3777/1968/130 3779/1937/130 3843/1936/130
f 3840/2039/130 3773/2038/130 3775/2011/130 3841/2010/130
f 3839/4263/130 3797/4260/130 3796/2273/130 3838/1300/130
f 3835/1382/130 3798/2317/130 3799/2283/130 3836/1365/130
f 3833/2200/130 3793/2346/130 3794/2337/130 3834/2201/130
f 3831/1548/130 3791/2391/130 3792/2373/130 3832/1498/130
f 3829/1611/130 3789/2445/130 3790/2422/130 3830/1563/130
f 3827/1666/130 3800/2482/130 3801/2473/130 3828/1637/130
f 3764/3391/130 3803/2767/130 3805/2738/130 3766/3383/130
f 3768/3377/130 3807/2731/130 3809/2706/130 3770/3368/130
f 3776/3327/130 3815/2641/130 3817/2633/130 3778/3313/130
f 3780/3305/130 3819/2620/130 3821/2594/130 3782/3295/130
f 3802/1667/130 3827/1666/130 3828/1637/130 3804/1636/130
f 3806/1612/130 3829/1611/130 3830/1563/130 3808/1562/130
f 3810/1549/130 3831/1548/130 3832/1498/130 3812/1497/130
f 3818/1383/130 3835/1382/130 3836/1365/130 3820/1364/130
f 3849/4264/130 3839/4263/130 3838/1300/130 3824/1299/130
f 2762/4265/130 3840/2039/130 3841/2010/130 2778/4266/130
f 2788/4267/130 3842/1969/130 3843/1936/130 2804/4268/130
f 3851/4269/130 3848/4261/130 3847/1827/130 2867/3898/130
f 3826/2213/130 3849/4264/130 3824/1299/130 3825/2504/130
f 3819/2620/130 3818/1383/130 3820/1364/130 3821/2594/130
f 3815/2641/130 3814/2640/130 3816/2634/130 3817/2633/130
f 3811/2524/130 3810/1549/130 3812/1497/130 3813/2525/130
f 3807/2731/130 3806/1612/130 3808/1562/130 3809/2706/130
f 3803/2767/130 3802/1667/130 3804/1636/130 3805/2738/130
f 3788/4262/130 3850/2142/130 3786/3267/130 3787/1828/130
f 3781/1916/130 3780/3305/130 3782/3295/130 3783/1898/130
f 3777/1968/130 3776/3327/130 3778/3313/130 3779/1937/130
f 3773/2038/130 3772/3355/130 3774/3343/130 3775/2011/130
f 3769/3150/130 3768/3377/130 3770/3368/130 3771/3151/130
f 3765/3131/130 3764/3391/130 3766/3383/130 3767/3132/130
f 2848/3985/130 3851/4269/130 2867/3898/130 2849/3897/130
f 2815/3968/130 2814/4270/130 2830/4271/130 2819/3969/130
f 2789/3957/130 2788/4267/130 2804/4268/130 2793/3958/130
f 2763/3946/130 2762/4265/130 2778/4266/130 2767/3947/130
f 2737/3940/130 2736/4272/130 2752/4273/130 2741/3941/130
f 2709/1914/130 2708/1913/130 2726/1494/130 2713/1493/130
f 3921/3884/130 3869/3883/130 3871/3879/130 3922/3878/130
f 3919/3900/130 3865/3899/130 3867/3891/130 3920/3890/130
f 3915/3913/130 3857/3912/130 3859/3910/130 3916/3909/130
f 3911/3923/130 3853/3922/130 3855/3917/130 3913/3916/130
f 3927/4274/130 3889/3984/130 3888/3758/130 3874/3757/130
f 3868/3780/130 3885/3779/130 3886/3770/130 3870/3769/130
f 3860/3801/130 3881/3800/130 3882/3798/130 3862/3797/130
f 3856/3810/130 3879/3809/130 3880/3803/130 3858/3802/130
f 3852/3827/130 3877/3826/130 3878/3815/130 3854/3814/130
f 3928/1692/130 3895/3693/130 3897/3678/130 3929/1678/130
f 3930/1647/130 3899/3663/130 3901/3653/130 3931/1619/130
f 3932/3568/130 3903/3645/130 3905/3607/130 3933/3569/130
f 3936/4275/130 3910/4276/130 3909/3584/130 3935/1487/130
f 3891/4277/130 3890/4278/130 3892/4279/130 3893/4280/130
f 3895/3693/130 3894/4281/130 3896/4282/130 3897/3678/130
f 3899/3663/130 3898/4283/130 3900/4284/130 3901/3653/130
f 3903/3645/130 3902/4285/130 3904/4286/130 3905/3607/130
f 3910/4276/130 3925/4287/130 3908/4288/130 3909/3584/130
f 3912/4289/130 3911/3923/130 3913/3916/130 3914/4290/130
f 3890/4278/130 3915/3913/130 3916/3909/130 3892/4279/130
f 3894/4281/130 3917/3852/130 3918/3851/130 3896/4282/130
f 3898/4283/130 3919/3900/130 3920/3890/130 3900/4284/130
f 3902/4285/130 3921/3884/130 3922/3878/130 3904/4286/130
f 3925/4287/130 3926/2059/130 3924/3835/130 3908/4288/130
f 3853/3922/130 3852/3827/130 3854/3814/130 3855/3917/130
f 3857/3912/130 3856/3810/130 3858/3802/130 3859/3910/130
f 3861/4291/130 3860/3801/130 3862/3797/130 3863/4292/130
f 3865/3899/130 3864/3724/130 3866/3723/130 3867/3891/130
f 3869/3883/130 3868/3780/130 3870/3769/130 3871/3879/130
f 3876/2103/130 3927/4274/130 3874/3757/130 3875/4293/130
f 4022/4294/130 3936/4275/130 3935/1487/130 3976/1486/130
f 3970/1648/130 3930/1647/130 3931/1619/130 3972/1618/130
f 3966/1693/130 3928/1692/130 3929/1678/130 3968/1677/130
f 4019/1760/130 3938/2187/130 3940/2173/130 4020/1761/130
f 3996/2159/130 3942/2158/130 3944/2117/130 3998/2116/130
f 4004/2088/130 3950/2087/130 3952/2072/130 4006/2071/130
f 4008/2064/130 3954/2063/130 3956/2048/130 4010/2047/130
f 3983/2881/130 3963/2880/130 3965/2869/130 3984/2868/130
f 3985/2854/130 3978/2853/130 3979/2846/130 3986/2845/130
f 3987/2835/130 3967/2834/130 3969/2795/130 3988/2794/130
f 3989/2586/130 3971/2753/130 3973/2734/130 3990/2587/130
f 3991/2723/130 3980/2722/130 3981/2690/130 3992/2689/130
f 3995/4295/130 3982/4296/130 3977/2664/130 3994/2663/130
f 4106/4297/130 3995/4295/130 3994/2663/130 3959/3331/130
f 3953/3376/130 3991/2723/130 3992/2689/130 3955/3365/130
f 3945/3432/130 3987/2835/130 3988/2794/130 3947/3397/130
f 3941/3487/130 3985/2854/130 3986/2845/130 3943/3466/130
f 3937/3506/130 3983/2881/130 3984/2868/130 3939/3498/130
f 4049/4298/130 4016/4299/130 4015/2365/130 2868/3889/130
f 2790/4300/130 4005/2476/130 4007/2451/130 2805/4301/130
f 2764/4302/130 4001/2495/130 4003/2485/130 2779/4303/130
f 2710/1893/130 4017/2225/130 4018/2224/130 2727/1440/130
f 4016/4299/130 4021/1871/130 4014/1950/130 4015/2365/130
f 4009/2306/130 4008/2064/130 4010/2047/130 4011/2307/130
f 4005/2476/130 4004/2088/130 4006/2071/130 4007/2451/130
f 4001/2495/130 4000/1814/130 4002/1813/130 4003/2485/130
f 3997/2243/130 3996/2159/130 3998/2116/130 3999/2244/130
f 3963/2880/130 3962/1379/130 3964/1378/130 3965/2869/130
f 3967/2834/130 3966/1693/130 3968/1677/130 3969/2795/130
f 3971/2753/130 3970/1648/130 3972/1618/130 3973/2734/130
f 3982/4296/130 4022/4294/130 3976/1486/130 3977/2664/130
f 4048/1803/130 4035/3986/130 4034/3988/130 4045/4304/130
f 4042/3697/130 4031/3970/130 4032/3973/130 4043/3695/130
f 4040/4305/130 4027/3948/130 4028/3951/130 4041/4306/130
f 4038/3716/130 4025/3942/130 4026/3945/130 4039/3711/130
f 4036/3721/130 4023/3934/130 4024/3935/130 4037/3718/130
f 4107/3544/130 4036/3721/130 4037/3718/130 4108/3545/130
f 4099/3717/130 4038/3716/130 4039/3711/130 4100/3710/130
f 4101/3703/130 4046/3702/130 4047/3700/130 4102/3699/130
f 4103/3698/130 4042/3697/130 4043/3695/130 4104/3694/130
f 2711/1894/130 2710/1893/130 2727/1440/130 2712/1439/130
f 2739/3943/130 2738/4307/130 2753/4308/130 2740/3944/130
f 2765/3949/130 2764/4302/130 2779/4303/130 2766/3950/130
f 2791/3961/130 2790/4300/130 2805/4301/130 2792/3962/130
f 2817/3971/130 2816/4309/130 2831/4310/130 2818/3972/130
f 2846/3987/130 4049/4298/130 2868/3889/130 2847/3888/130
f 4074/1773/130 4085/4311/130 4072/4312/130 4073/4313/130
f 4067/4314/130 4066/4315/130 4068/4316/130 4069/4317/130
f 4063/4318/130 4062/4319/130 4064/4320/130 4065/4321/130
f 4059/4322/130 4058/4323/130 4060/4324/130 4061/4325/130
f 4055/4326/130 4054/4327/130 4056/4328/130 4057/4329/130
f 4051/4330/130 4050/4331/130 4052/4332/130 4053/4333/130
f 4085/4311/130 4098/4334/130 4084/4335/130 4072/4312/130
f 4066/4315/130 4081/4336/130 4082/4337/130 4068/4316/130
f 4062/4319/130 4079/4338/130 4080/4339/130 4064/4320/130
f 4058/4323/130 4077/4340/130 4078/4341/130 4060/4324/130
f 4050/4331/130 4075/4342/130 4076/4343/130 4052/4332/130
f 4098/4334/130 4105/1748/130 4097/3894/130 4084/4335/130
f 4081/4336/130 4094/3911/130 4095/3908/130 4082/4337/130
f 4079/4338/130 4092/3920/130 4093/3914/130 4080/4339/130
f 4077/4340/130 4090/3870/130 4091/3869/130 4078/4341/130
f 4087/4344/130 4086/3927/130 4088/3926/130 4089/4345/130
f 3938/2187/130 3937/3506/130 3939/3498/130 3940/2173/130
f 3942/2158/130 3941/3487/130 3943/3466/130 3944/2117/130
f 3946/3260/130 3945/3432/130 3947/3397/130 3948/3261/130
f 3950/2087/130 3949/3389/130 3951/3381/130 3952/2072/130
f 3954/2063/130 3953/3376/130 3955/3365/130 3956/2048/130
f 3961/1982/130 4106/4297/130 3959/3331/130 3960/3161/130
f 4094/3911/130 4103/3698/130 4104/3694/130 4095/3908/130
f 4092/3920/130 4101/3703/130 4102/3699/130 4093/3914/130
f 4086/3927/130 4099/3717/130 4100/3710/130 4088/3926/130
f 2965/1796/130 2964/2255/130 2966/2240/130 2967/1785/130
f 2961/1824/130 2960/2271/130 2962/2266/130 2963/1807/130
f 2957/1885/130 2956/2281/130 2958/2276/130 2959/1854/130
f 2953/1925/130 2952/2331/130 2954/2301/130 2955/1911/130
f 2949/2081/130 2948/2361/130 2950/2344/130 2951/2082/130
f 4201/1981/130 4214/4346/130 4106/4297/130 3961/1982/130
f 4212/4347/130 4213/1749/130 4105/1748/130 4098/4334/130
f 4211/4348/130 4212/4347/130 4098/4334/130 4085/4311/130
f 4210/1772/130 4211/4348/130 4085/4311/130 4074/1773/130
f 4112/4349/130 4209/4350/130 4049/4298/130 2846/3987/130
f 4208/1802/130 4207/4351/130 4035/3986/130 4048/1803/130
f 4202/4352/130 4206/4353/130 4022/4294/130 3982/4296/130
f 4204/4354/130 4205/1872/130 4021/1871/130 4016/4299/130
f 4209/4350/130 4204/4354/130 4016/4299/130 4049/4298/130
f 4214/4346/130 4203/4355/130 3995/4295/130 4106/4297/130
f 4203/4355/130 4202/4352/130 3982/4296/130 3995/4295/130
f 4206/4353/130 4200/4356/130 3936/4275/130 4022/4294/130
f 4194/2102/130 4199/4357/130 3927/4274/130 3876/2103/130
f 4197/4358/130 4198/2060/130 3926/2059/130 3925/4287/130
f 4196/4359/130 4197/4358/130 3925/4287/130 3910/4276/130
f 4200/4356/130 4196/4359/130 3910/4276/130 3936/4275/130
f 4199/4357/130 4195/4360/130 3889/3984/130 3927/4274/130
f 4113/4361/130 4193/4362/130 3851/4269/130 2848/3985/130
f 4186/4363/130 4192/2143/130 3850/2142/130 3788/4262/130
f 4188/2212/130 4191/4364/130 3849/4264/130 3826/2213/130
f 4193/4362/130 4190/4365/130 3848/4261/130 3851/4269/130
f 4191/4364/130 4189/4366/130 3839/4263/130 3849/4264/130
f 4189/4366/130 4187/4367/130 3797/4260/130 3839/4263/130
f 4190/4365/130 4186/4363/130 3788/4262/130 3848/4261/130
f 4187/4367/130 4185/4368/130 3763/4253/130 3797/4260/130
f 4180/4369/130 4184/4370/130 3754/4231/130 3742/4247/130
f 4178/4371/130 4183/4372/130 3753/3982/130 3702/4232/130
f 4185/4368/130 4182/4373/130 3752/4246/130 3763/4253/130
f 4179/4374/130 4181/4375/130 3743/4229/130 3717/4233/130
f 4182/4373/130 4180/4369/130 3742/4247/130 3752/4246/130
f 4114/4376/130 4179/4374/130 3717/4233/130 2850/3983/130
f 4184/4370/130 4178/4371/130 3702/4232/130 3754/4231/130
f 4181/4375/130 4177/4377/130 3677/4206/130 3743/4229/130
f 4172/4378/130 4176/4379/130 3666/4213/130 3636/4207/130
f 4168/4380/130 4175/4381/130 3663/4203/130 3582/4202/130
f 4173/4382/130 4174/4383/130 3662/4201/130 3661/4214/130
f 4176/4379/130 4173/4382/130 3661/4214/130 3666/4213/130
f 4177/4377/130 4172/4378/130 3636/4207/130 3677/4206/130
f 4169/4384/130 4171/4385/130 3619/4205/130 3607/4204/130
f 4171/4385/130 4170/4386/130 3618/4200/130 3619/4205/130
f 4175/4381/130 4169/4384/130 3607/4204/130 3663/4203/130
f 4174/4383/130 4168/4380/130 3582/4202/130 3662/4201/130
f 4170/4386/130 4167/4387/130 3555/4199/130 3618/4200/130
f 4167/4387/130 4166/4388/130 3546/4174/130 3555/4199/130
f 4115/4389/130 4165/4390/130 3535/4163/130 2852/3980/130
f 4163/4391/130 4164/4392/130 3532/3979/130 3531/4175/130
f 4166/4388/130 4163/4391/130 3531/4175/130 3546/4174/130
f 4160/4393/130 4162/4394/130 3506/4157/130 3492/4162/130
f 4165/4390/130 4161/4395/130 3503/4164/130 3535/4163/130
f 4158/4396/130 4160/4393/130 3492/4162/130 3480/4161/130
f 4157/4397/130 4159/4398/130 3481/4151/130 3455/4159/130
f 2645/4399/130 4158/4396/130 3480/4161/130 2646/4160/130
f 4156/4400/130 4157/4397/130 3455/4159/130 3438/4158/130
f 4162/4394/130 4156/4400/130 3438/4158/130 3506/4157/130
f 4154/4401/130 4155/4402/130 3421/4127/130 3420/4152/130
f 4159/4398/130 4154/4401/130 3420/4152/130 3481/4151/130
f 4152/4403/130 4153/4404/130 3395/4117/130 3394/4128/130
f 4155/4402/130 4152/4403/130 3394/4128/130 3421/4127/130
f 4150/4405/130 4151/4406/130 3369/4091/130 3368/4118/130
f 4153/4404/130 4150/4405/130 3368/4118/130 3395/4117/130
f 4116/4407/130 4149/4408/130 3343/4087/130 2854/3978/130
f 4144/4409/130 4148/4410/130 3342/4082/130 3311/4088/130
f 4151/4406/130 4147/4411/130 3340/3977/130 3369/4091/130
f 4141/2818/130 4146/4412/130 3327/4089/130 3263/2819/130
f 4146/4412/130 4145/4413/130 3320/4080/130 3327/4089/130
f 4149/4408/130 4144/4409/130 3311/4088/130 3343/4087/130
f 4140/4414/130 4143/4415/130 3286/4079/130 3242/4081/130
f 4148/4410/130 4142/2781/130 3284/2780/130 3342/4082/130
f 4145/4413/130 4140/4414/130 3242/4081/130 3320/4080/130
f 4143/4415/130 4139/4416/130 3217/4078/130 3286/4079/130
f 4139/4416/130 4138/4417/130 3204/4061/130 3217/4078/130
f 4129/4418/130 4137/4419/130 3190/4047/130 3108/4049/130
f 4138/4417/130 4136/2884/130 3185/2883/130 3204/4061/130
f 4135/2897/130 4134/4420/130 3159/3975/130 3176/2898/130
f 4117/4421/130 4133/4422/130 3150/4052/130 2856/3976/130
f 4133/4422/130 4132/4423/130 3147/4051/130 3150/4052/130
f 4132/4423/130 4131/4424/130 3134/4050/130 3147/4051/130
f 4131/4424/130 4130/4425/130 3121/4048/130 3134/4050/130
f 4130/4425/130 4129/4418/130 3108/4049/130 3121/4048/130
f 4137/4419/130 4128/2958/130 3084/2957/130 3190/4047/130
f 4126/4426/130 4127/4427/130 3065/4026/130 3064/4044/130
f 4124/3005/130 4126/4426/130 3064/4044/130 3040/3006/130
f 4127/4427/130 4125/4428/130 3053/4024/130 3065/4026/130
f 4125/4428/130 4123/4429/130 3015/3996/130 3053/4024/130
f 4121/4430/130 4122/4431/130 3002/3994/130 2998/3997/130
f 4123/4429/130 4121/4430/130 2998/3997/130 3015/3996/130
f 4122/4431/130 4120/3059/130 2976/1601/130 3002/3994/130
f 4207/4351/130 4112/4349/130 2846/3987/130 4035/3986/130
f 4195/4360/130 4113/4361/130 2848/3985/130 3889/3984/130
f 4183/4372/130 4114/4376/130 2850/3983/130 3753/3982/130
f 4164/4392/130 4115/4389/130 2852/3980/130 3532/3979/130
f 4147/4411/130 4116/4407/130 2854/3978/130 3340/3977/130
f 4134/4420/130 4117/4421/130 2856/3976/130 3159/3975/130
f 4119/3119/130 4118/3125/130 2860/3124/130 2882/3120/130
f 2880/3843/130 2879/3842/130 4118/3125/130 4119/3119/130
f 4109/3410/130 2833/3409/130 4216/4432/130 4222/4433/130
f 3157/1318/130 2835/1868/130 4117/4421/130 4134/4420/130
f 3338/2385/130 2837/2384/130 4116/4407/130 4147/4411/130
f 3527/4434/130 2839/4435/130 4115/4389/130 4164/4392/130
f 3698/3858/130 2841/3857/130 4114/4376/130 4183/4372/130
f 3887/3763/130 2843/4436/130 4113/4361/130 4195/4360/130
f 4033/4437/130 2845/4438/130 4112/4349/130 4207/4351/130
f 2915/3214/130 2920/3213/130 4217/4439/130 4219/4440/130
f 2930/2546/130 2916/2929/130 4218/4441/130 4220/4442/130
f 2916/2929/130 2915/3214/130 4219/4440/130 4218/4441/130
f 2945/2547/130 2930/2546/130 4220/4442/130 4221/3280/130
f 2832/3309/130 2945/2547/130 4221/3280/130 4223/3279/130
f 2994/4443/130 3001/4444/130 4120/3059/130 4122/4431/130
f 3011/4445/130 2995/4446/130 4121/4430/130 4123/4429/130
f 2995/4446/130 2994/4443/130 4122/4431/130 4121/4430/130
f 3051/4447/130 3011/4445/130 4123/4429/130 4125/4428/130
f 3062/4448/130 3051/4447/130 4125/4428/130 4127/4427/130
f 3037/4449/130 3036/4450/130 4126/4426/130 4124/3005/130
f 3036/4450/130 3062/4448/130 4127/4427/130 4126/4426/130
f 3102/3559/130 3189/4451/130 4128/2958/130 4137/4419/130
f 3119/2980/130 3103/3285/130 4129/4418/130 4130/4425/130
f 3130/2590/130 3119/2980/130 4130/4425/130 4131/4424/130
f 3145/2279/130 3130/2590/130 4131/4424/130 4132/4423/130
f 2834/2280/130 3145/2279/130 4132/4423/130 4133/4422/130
f 2835/1868/130 2834/2280/130 4133/4422/130 4117/4421/130
f 3174/1319/130 3157/1318/130 4134/4420/130 4135/2897/130
f 3200/4452/130 3199/4453/130 4136/2884/130 4138/4417/130
f 3103/3285/130 3102/3559/130 4137/4419/130 4129/4418/130
f 3215/3765/130 3200/4452/130 4138/4417/130 4139/4416/130
f 3238/3766/130 3215/3765/130 4139/4416/130 4143/4415/130
f 3318/3050/130 3239/3354/130 4140/4414/130 4145/4413/130
f 3307/2028/130 3341/2027/130 4142/2781/130 4148/4410/130
f 3239/3354/130 3238/3766/130 4143/4415/130 4140/4414/130
f 2836/1539/130 3308/1538/130 4144/4409/130 4149/4408/130
f 3259/3051/130 3318/3050/130 4145/4413/130 4146/4412/130
f 3260/4454/130 3259/3051/130 4146/4412/130 4141/2818/130
f 3364/4455/130 3338/2385/130 4147/4411/130 4151/4406/130
f 3308/1538/130 3307/2028/130 4148/4410/130 4144/4409/130
f 2837/2384/130 2836/1539/130 4149/4408/130 4116/4407/130
f 3390/4456/130 3365/4457/130 4150/4405/130 4153/4404/130
f 3365/4457/130 3364/4455/130 4151/4406/130 4150/4405/130
f 3416/4458/130 3391/4459/130 4152/4403/130 4155/4402/130
f 3391/4459/130 3390/4456/130 4153/4404/130 4152/4403/130
f 3453/3420/130 3417/3419/130 4154/4401/130 4159/4398/130
f 3417/3419/130 3416/4458/130 4155/4402/130 4154/4401/130
f 3490/3112/130 3435/3905/130 4156/4400/130 4162/4394/130
f 3435/3905/130 3434/3799/130 4157/4397/130 4156/4400/130
f 2648/2827/130 3477/2826/130 4158/4396/130 2645/4399/130
f 3434/3799/130 3453/3420/130 4159/4398/130 4157/4397/130
f 3477/2826/130 3476/3113/130 4160/4393/130 4158/4396/130
f 2838/4460/130 3501/4461/130 4161/4395/130 4165/4390/130
f 3476/3113/130 3490/3112/130 4162/4394/130 4160/4393/130
f 3544/3931/130 3528/4462/130 4163/4391/130 4166/4388/130
f 3528/4462/130 3527/4434/130 4164/4392/130 4163/4391/130
f 2839/4435/130 2838/4460/130 4165/4390/130 4115/4389/130
f 3553/3529/130 3544/3931/130 4166/4388/130 4167/4387/130
f 3614/3210/130 3553/3529/130 4167/4387/130 4170/4386/130
f 3657/2231/130 3579/2230/130 4168/4380/130 4174/4383/130
f 3578/1767/130 3604/1766/130 4169/4384/130 4175/4381/130
f 3603/3211/130 3614/3210/130 4170/4386/130 4171/4385/130
f 3604/1766/130 3603/3211/130 4171/4385/130 4169/4384/130
f 3671/4463/130 3633/2924/130 4172/4378/130 4177/4377/130
f 3632/2923/130 3658/2545/130 4173/4382/130 4176/4379/130
f 3658/2545/130 3657/2231/130 4174/4383/130 4173/4382/130
f 3579/2230/130 3578/1767/130 4175/4381/130 4168/4380/130
f 3633/2924/130 3632/2923/130 4176/4379/130 4172/4378/130
f 3715/4464/130 3671/4463/130 4177/4377/130 4181/4375/130
f 3738/3735/130 3699/3734/130 4178/4371/130 4184/4370/130
f 2841/3857/130 2840/4465/130 4179/4374/130 4114/4376/130
f 3750/3555/130 3739/4466/130 4180/4369/130 4182/4373/130
f 2840/4465/130 3715/4464/130 4181/4375/130 4179/4374/130
f 3759/2975/130 3750/3555/130 4182/4373/130 4185/4368/130
f 3699/3734/130 3698/3858/130 4183/4372/130 4178/4371/130
f 3739/4466/130 3738/3735/130 4184/4370/130 4180/4369/130
f 3795/2278/130 3759/2975/130 4185/4368/130 4187/4367/130
f 3846/1865/130 3785/1864/130 4186/4363/130 4190/4365/130
f 3837/1314/130 3795/2278/130 4187/4367/130 4189/4366/130
f 3822/1315/130 3837/1314/130 4189/4366/130 4191/4364/130
f 2842/4467/130 3846/1865/130 4190/4365/130 4193/4362/130
f 3823/2589/130 3822/1315/130 4191/4364/130 4188/2212/130
f 3785/1864/130 3784/3284/130 4192/2143/130 4186/4363/130
f 2843/4436/130 2842/4467/130 4193/4362/130 4113/4361/130
f 3872/3764/130 3887/3763/130 4195/4360/130 4199/4357/130
f 3934/1506/130 3907/3601/130 4196/4359/130 4200/4356/130
f 3907/3601/130 3906/4468/130 4197/4358/130 4196/4359/130
f 3906/4468/130 3923/4469/130 4198/2060/130 4197/4358/130
f 3873/4470/130 3872/3764/130 4199/4357/130 4194/2102/130
f 3974/1507/130 3934/1506/130 4200/4356/130 4206/4353/130
f 3993/2685/130 3975/2684/130 4202/4352/130 4203/4355/130
f 3957/3352/130 3993/2685/130 4203/4355/130 4214/4346/130
f 2844/4471/130 4013/2381/130 4204/4354/130 4209/4350/130
f 4013/2381/130 4012/2380/130 4205/1872/130 4204/4354/130
f 3975/2684/130 3974/1507/130 4206/4353/130 4202/4352/130
f 4044/4472/130 4033/4437/130 4207/4351/130 4208/1802/130
f 2845/4438/130 2844/4471/130 4209/4350/130 4112/4349/130
f 4071/4473/130 4070/4474/130 4211/4348/130 4210/1772/130
f 4070/4474/130 4083/4475/130 4212/4347/130 4211/4348/130
f 4083/4475/130 4096/4476/130 4213/1749/130 4212/4347/130
f 3958/3353/130 3957/3352/130 4214/4346/130 4201/1981/130
f 2833/3409/130 2832/3309/130 4223/3279/130 4216/4432/130
f 2699/2056/130 2698/2055/130 2721/1683/130 2718/1682/130
f 2729/3513/130 2728/3183/130 2748/3182/130 2745/3510/130
f 2755/3509/130 2754/3379/130 2774/3374/130 2771/3508/130
f 2781/3502/130 2780/3357/130 2800/3347/130 2797/3490/130
f 2807/3469/130 2806/3329/130 2826/3325/130 2823/3440/130
f 2858/3974/130 4215/3291/130 2862/3299/130 2859/3393/130
f 1644/2501/46 1645/2499/46 2776/4100/46 2758/4099/46
f 1983/2556/601 2025/2959/601 3630/2962/601 3652/2557/601
f 1228/1883/600 1242/1861/600 2990/3992/600 2991/4001/600
f 2026/3098/600 1984/2552/600 3654/2553/600 3664/4215/600
f 1431/1640/74 1430/1670/74 3164/1672/74 3165/1641/74
f 1243/1866/601 1229/1874/601 2993/4002/601 2992/3993/601
f 1985/2548/601 2027/3095/601 3665/4216/601 3656/2549/601
f 1230/1875/600 1244/1867/600 2994/4443/600 2995/4446/600
f 2028/2922/600 1986/2544/600 3658/2545/600 3632/2923/600
f 2234/2639/46 2235/2631/46 3816/2634/46 3814/2640/46
f 1245/1850/601 1231/1903/601 2997/3998/601 2996/3995/601
f 1987/2536/601 2029/2916/601 3634/2919/601 3660/2537/601
f 1012/1330/600 2686/1810/600 2728/3183/600 2729/3513/600
f 1010/1338/600 1642/1716/600 2730/1719/600 2731/2509/600
f 1654/2602/600 1668/2574/600 3344/4097/600 3345/4121/600
f 2452/1286/600 984/1285/600 2711/1894/600 4023/3934/600
f 1226/1888/46 1227/1882/46 3000/4006/46 2999/4005/46
f 1009/1342/600 1866/2906/600 2732/4171/600 2733/3937/600
f 1669/2572/601 1655/2604/601 3347/4122/601 3346/4098/601
f 996/1353/601 2453/1352/601 4024/3935/601 2712/1439/601
f 1008/1346/600 2062/3212/600 2734/4238/600 2735/3885/600
f 1656/2606/600 1670/2571/600 3348/4123/600 3349/4102/600
f 2454/1355/600 1006/1354/600 2739/3943/600 4025/3942/600
f 1225/1309/74 1224/1356/74 2987/1359/74 2989/1310/74
f 1441/1301/74 2605/2311/74 3176/2898/74 3175/1302/74
f 1007/1350/600 2258/3361/600 2736/4272/600 2737/3940/600
f 1671/2569/601 1657/2610/601 3351/4103/601 3350/4124/601
f 1016/1415/601 2455/1414/601 4026/3945/601 2740/3944/601
f 1006/1354/600 2482/3558/600 2738/4307/600 2739/3943/600
f 2590/3832/600 2696/3288/600 4215/3291/600 2858/3974/600
f 1658/2611/600 1672/2570/600 3352/4095/600 3353/4106/600
f 2456/1417/600 1026/1416/600 2765/3949/600 4027/3948/600
f 2599/3289/600 2598/3819/600 2934/3990/600 2947/3290/600
f 1673/2565/601 1659/2616/601 3355/4107/601 3354/4096/601
f 1036/1475/601 2457/1474/601 4028/3951/601 2766/3950/601
f 2242/3338/600 2186/2766/600 3803/2767/600 3764/3391/600
f 2596/3823/600 2597/3822/600 2921/3989/600 2919/3991/600
f 1660/2617/600 1674/2566/600 3356/4093/600 3357/4110/600
f 2458/1477/600 1046/1476/600 2791/3961/600 4029/3960/600
f 2027/3095/74 2026/3098/74 3664/4215/74 3665/4216/74
f 2187/2737/601 2243/3340/601 3766/3383/601 3805/2738/601
f 2598/3819/600 2596/3823/600 2919/3991/600 2934/3990/600
f 1675/2564/601 1661/2622/601 3359/4111/601 3358/4094/601
f 1056/1533/601 2459/1532/601 4030/3963/601 2792/3962/601
f 1446/2291/600 1432/1613/600 3166/1615/600 3177/4053/600
f 2244/3341/600 2188/2730/600 3807/2731/600 3768/3377/600
f 2597/3822/600 2595/1624/600 2893/3642/600 2921/3989/600
f 1662/2623/600 1676/2563/600 3360/4125/600 3361/4114/600
f 2460/1535/600 1066/1534/600 2817/3971/600 4031/3970/600
f 1433/1593/601 1447/2293/601 3178/4054/601 3167/1594/601
f 2189/2705/601 2245/3344/601 3770/3368/601 3809/2706/601
f 1677/2561/601 1663/2627/601 3363/4115/601 3362/4126/601
f 1076/1590/601 2461/1589/601 4032/3973/601 2818/3972/601
f 1448/2294/600 1434/1550/600 3168/1552/600 3179/4055/600
f 1664/2628/600 1678/2562/600 3364/4455/600 3365/4457/600
f 2462/1592/600 1086/1591/600 2845/4438/600 4033/4437/600
f 1435/1501/601 1449/2299/601 3180/4056/601 3169/1502/601
f 1679/2575/601 1665/2597/601 3367/4119/601 3366/4092/601
f 1096/1224/601 2463/1223/601 4034/3988/601 2847/3888/601
f 1450/2300/600 1436/1441/600 3170/1444/600 3181/4057/600
f 2248/3326/600 2192/2638/600 3815/2641/600 3776/3327/600
f 1437/1425/601 1451/2302/601 3182/4058/601 3171/1426/601
f 2193/2632/601 2249/3312/601 3778/3313/601 3817/2633/601
f 1236/1419/600 1208/1843/600 2968/1926/600 2982/1420/600
f 1452/2303/600 1438/1384/600 3172/1387/600 3183/4059/600
f 2250/3304/600 2194/2619/600 3819/2620/600 3780/3305/600
f 1655/2604/74 1654/2602/74 3345/4121/74 3347/4122/74
f 1209/1832/601 1237/1372/601 2984/1375/601 2969/1910/601
f 1439/1369/601 1453/2308/601 3184/4060/601 3173/1370/601
f 2195/2593/601 2251/3294/601 3782/3295/601 3821/2594/601
f 1015/1325/46 1025/1361/46 2747/3863/46 2746/3867/46
f 1238/1357/600 1210/1835/600 2970/1886/600 2986/1358/600
f 2036/3083/600 1966/2985/600 3625/2986/600 3667/4211/600
f 2687/1808/601 1022/1393/601 2745/3510/601 2748/3182/601
f 2620/3385/600 2590/3832/600 2858/3974/600 4111/3386/600
f 2459/1532/74 2458/1477/74 4029/3960/74 4030/3963/74
f 1211/1829/601 1239/1308/601 2988/1311/601 2971/1853/601
f 1967/2972/601 2037/3078/601 3668/4212/601 3627/2973/601
f 2038/3079/600 1968/2964/600 3629/2965/600 3669/4209/600
f 2606/2310/46 1455/2286/46 3186/4062/46 3185/2883/46
f 2611/2141/46 2253/3266/46 3786/3267/46 3850/2142/46
f 1969/2960/601 2039/3075/601 3670/4210/601 3631/2961/601
f 1643/1705/601 1020/1399/601 2744/2498/601 2749/1706/601
f 1242/1861/600 1214/1794/600 2974/1797/600 2990/3992/600
f 1867/2899/601 1019/1403/601 2743/3938/601 2750/4173/601
f 1215/1783/601 1243/1866/601 2992/3993/601 2975/1784/601
f 2063/3208/601 1018/1407/601 2742/3881/601 2751/4239/601
f 1826/2763/600 1742/2762/600 3427/3925/600 3486/3154/600
f 1244/1867/600 1216/1822/600 3001/4444/600 2994/4443/600
f 2042/3072/600 1972/2921/600 3633/2924/600 3671/4463/600
f 1451/2302/74 1450/2300/74 3181/4057/74 3182/4058/74
f 2259/3362/601 1017/1411/601 2741/3941/601 2752/4273/601
f 1743/2755/601 1827/2754/601 3487/3145/601 3429/3924/601
f 1217/1599/601 1245/1850/601 2996/3995/601 2977/1600/601
f 1973/2917/601 2043/3090/601 3672/4208/601 3635/2918/601
f 2483/3556/601 1016/1415/601 2740/3944/601 2753/4308/601
f 1828/2757/600 1744/2756/600 3431/3921/600 3488/3133/600
f 2246/3345/46 2247/3342/46 3774/3343/46 3772/3355/46
f 1745/2751/601 1829/2750/601 3489/3127/601 3433/3915/601
f 1668/2574/600 1612/1270/600 3328/2515/600 3344/4097/600
f 1832/2747/600 1748/2746/600 3435/3905/600 3490/3112/600
f 2466/3586/600 2452/1286/600 4023/3934/600 4036/3721/600
f 2034/3084/46 2035/3081/46 3674/4219/46 3673/4218/46
f 1444/2289/46 1445/2290/46 3188/4072/46 3187/4071/46
f 1095/1565/46 2624/3123/46 4118/3125/46 2879/3842/46
f 1613/1336/601 1669/2572/601 3346/4098/601 3329/2512/601
f 1749/2771/601 1833/2770/601 3491/3109/601 3437/3903/601
f 2453/1352/601 2467/3582/601 4037/3718/601 4024/3935/601
f 2625/3118/74 1118/1566/74 2880/3843/74 4119/3119/74
f 2468/3583/600 2454/1355/600 4025/3942/600 4038/3716/600
f 1132/1628/46 2626/3824/46 4217/4439/46 2920/3213/46
f 2455/1414/601 2469/3580/601 4039/3711/601 4026/3945/601
f 1672/2570/600 1616/1401/600 3332/2497/600 3352/4095/600
f 2470/3581/600 2456/1417/600 4027/3948/600 4040/4305/600
f 1617/1460/601 1673/2565/601 3354/4096/601 3333/2486/601
f 2457/1474/601 2471/3578/601 4041/4306/601 4028/3951/601
f 1674/2566/600 1618/1463/600 3334/2480/600 3356/4093/600
f 1824/2764/46 1825/2760/46 3485/3159/46 3484/3172/46
f 1234/1479/46 1235/1432/46 2980/1435/46 2978/1480/46
f 2040/3073/46 2041/3070/46 3676/4227/46 3675/4226/46
f 1619/1518/601 1675/2564/601 3358/4094/601 3335/2456/601
f 1460/2119/600 1334/2078/600 3076/3787/600 3090/3650/600
f 1032/1394/600 2688/1809/600 2754/3379/600 2755/3509/600
f 2474/3576/600 2460/1535/600 4031/3970/600 4042/3697/600
f 1335/2079/601 1461/2112/601 3092/3608/601 3077/3775/601
f 1216/1822/46 2632/3058/46 4120/3059/46 3001/4444/46
f 2461/1589/601 2475/3573/601 4043/3695/601 4032/3973/601
f 1462/2113/600 1336/2080/600 3078/3768/600 3094/3606/600
f 2260/3363/600 2218/2036/600 3840/2039/600 2762/4265/600
f 1031/1396/600 1406/2257/600 2756/2395/600 2757/2042/600
f 1678/2562/600 1622/1576/600 3338/2385/600 3364/4455/600
f 2476/3574/600 2462/1592/600 4033/4437/600 4044/4472/600
f 1337/2083/601 1463/2107/601 3096/3598/601 3079/3761/601
f 2219/2009/601 2261/3366/601 2778/4266/601 3841/2010/601
f 1030/1400/600 1644/2501/600 2758/4099/600 2759/2496/600
f 1623/1239/601 1679/2575/601 3366/4092/601 3339/2368/601
f 2463/1223/601 2477/3587/601 4045/4304/601 4034/3988/601
f 1248/1901/600 1220/1478/600 2979/1481/600 3003/4010/600
f 2046/3191/600 2116/1278/600 3678/3901/600 3679/3794/600
f 2262/3367/600 2220/1966/600 3842/1969/600 2788/4267/600
f 1221/1433/601 1249/1895/601 3004/4011/601 2981/1434/601
f 2117/1344/601 2047/3185/601 3681/3791/601 3680/3892/601
f 2221/1935/601 2263/3369/601 2804/4268/601 3843/1936/601
f 1028/1408/600 2064/3209/600 2760/4236/600 2761/3875/600
f 2633/3004/74 1272/1957/74 3037/4449/74 4124/3005/74
f 1250/1896/600 1222/1418/600 2983/1421/600 3005/4008/600
f 2048/3186/600 2118/1347/600 3682/3886/600 3683/3784/600
f 1466/2105/600 1340/2090/600 3082/3747/600 3098/3570/600
f 1027/1412/600 2260/3363/600 2762/4265/600 2763/3946/600
f 1223/1373/601 1251/1891/601 3006/4009/601 2985/1374/601
f 2119/1406/601 2049/3181/601 3685/3774/601 3684/3880/601
f 1341/2091/601 1467/2098/601 3100/3566/601 3083/3739/601
f 1026/1416/600 2484/3557/600 2764/4302/600 2765/3949/600
f 2050/3179/600 2120/1409/600 3686/3876/600 3687/4254/600
f 1468/2099/600 1342/2092/600 3189/4451/600 3102/3559/600
f 2266/3372/600 2224/1862/600 3846/1865/600 2842/4467/600
f 1670/2571/46 1671/2569/46 3350/4124/46 3348/4123/46
f 2121/1466/601 2051/3175/601 3689/4255/601 3688/3872/601
f 1343/2073/601 1469/2122/601 3104/3541/601 3085/3729/601
f 2225/1826/601 2267/3358/601 2867/3898/601 3847/1827/601
f 1836/2950/600 1850/1274/600 3507/3932/600 3508/4190/600
f 1254/1889/600 1226/1888/600 2999/4005/600 3007/4004/600
f 2052/3176/600 2122/1469/600 3690/3840/600 3691/3753/600
f 1342/2092/46 2635/2956/46 4128/2958/46 3189/4451/46
f 1851/1340/601 1837/2946/601 3510/4191/601 3509/3933/601
f 2471/3578/74 2470/3581/74 4040/4305/74 4041/4306/74
f 1227/1882/601 1255/1881/601 3008/4007/601 3000/4006/601
f 2123/1500/601 2053/3169/601 3693/3750/601 3692/3839/601
f 1838/2944/600 1852/1343/600 3511/3936/600 3512/4195/600
f 1256/1884/600 1228/1883/600 2991/4001/600 3009/4000/600
f 2054/3170/600 2124/1527/600 3694/3865/600 3695/3744/600
f 1458/2120/46 1459/2118/46 3088/3660/46 3086/3670/46
f 2264/3370/46 2265/3371/46 2830/4271/46 2814/4270/46
f 1853/1402/601 1839/2940/601 3514/4196/601 3513/3939/601
f 2472/3577/46 2473/3575/46 4047/3700/46 4046/3702/46
f 1229/1874/601 1257/1873/601 3010/4003/601 2993/4002/601
f 2125/1581/601 2055/3163/601 3697/3738/601 3696/3860/601
f 1840/2941/600 1854/1405/600 3515/4193/600 3516/4186/600
f 1258/1876/600 1230/1875/600 2995/4446/600 3011/4445/600
f 2056/3164/600 2126/1584/600 3698/3858/600 3699/3734/600
f 1676/2563/46 1677/2561/46 3362/4126/46 3360/4125/46
f 1855/1437/601 1841/2936/601 3518/4187/601 3517/4194/601
f 1231/1903/601 1259/1902/601 3012/3999/601 2997/3998/601
f 2127/1231/601 2057/3194/601 3701/3732/601 3700/3854/601
f 1842/2937/600 1856/1465/600 3519/3952/600 3520/4182/600
f 1857/1522/601 1843/2931/601 3522/4183/601 3521/3955/601
f 2477/3587/74 2616/1800/74 4048/1803/74 4045/4304/74
f 2636/2896/74 1440/1316/74 3174/1319/74 4135/2897/74
f 1844/2932/600 1858/1525/600 3523/3964/600 3524/4178/600
f 2258/3361/46 2259/3362/46 2752/4273/46 2736/4272/46
f 1035/1389/46 1045/1423/46 2773/3856/46 2772/3859/46
f 1454/2309/46 2637/2882/46 4136/2884/46 3199/4453/46
f 1859/1577/601 1845/2926/601 3526/4179/601 3525/3967/601
f 2689/1804/601 1042/1454/601 2771/3508/601 2774/3374/601
f 1682/2671/600 1696/2603/600 3370/4149/600 3371/4144/600
f 1846/2927/600 1860/1580/600 3527/4434/600 3528/4462/600
f 2480/1892/600 2410/2222/600 4017/2225/600 2710/1893/600
f 2256/1912/46 2257/1492/46 2726/1494/46 2708/1913/46
f 1697/2605/601 1683/2666/601 3373/4145/601 3372/4150/601
f 1861/1235/601 1847/2953/601 3530/4176/601 3529/3981/601
f 2411/2223/601 2481/1438/601 2727/1440/601 4018/2224/601
f 1407/2253/601 1041/1458/601 2770/2016/601 2775/2374/601
f 1684/2667/600 1698/2607/600 3374/4101/600 3375/4140/600
f 1252/1890/46 1253/1887/46 3014/4018/46 3013/4017/46
f 2051/3175/74 2050/3179/74 3687/4254/74 3689/4255/74
f 1645/2499/601 1040/1461/601 2769/2487/601 2776/4100/601
f 1699/2609/601 1685/2658/601 3377/4141/601 3376/4104/601
f 2638/2817/74 1524/2437/74 3260/4454/74 4141/2818/74
f 1686/2659/600 1700/2612/600 3378/4105/600 3379/4136/600
f 2484/3557/600 2414/2494/600 4001/2495/600 2764/4302/600
f 2065/3206/601 1038/1467/601 2768/3873/601 2777/4237/601
f 1538/2026/46 2639/2779/46 4142/2781/46 3341/2027/46
f 1701/2615/601 1687/2654/601 3381/4137/601 3380/4108/601
f 2415/2484/601 2485/3553/601 2779/4303/601 4003/2485/601
f 1472/2333/600 1444/2289/600 3187/4071/600 3191/4070/600
f 2270/3427/600 2340/3448/600 3852/3827/600 3853/3922/600
f 2261/3366/601 1037/1471/601 2767/3947/601 2778/4266/601
f 1688/2652/600 1702/2618/600 3382/4109/600 3383/4147/600
f 2486/3554/600 2416/2475/600 4005/2476/600 2790/4300/600
f 1445/2290/601 1473/2329/601 3192/4073/601 3188/4072/601
f 2341/3445/601 2271/3422/601 3855/3917/601 3854/3814/601
f 2485/3553/601 1036/1475/601 2766/3950/601 2779/4303/601
f 1703/2621/601 1689/2648/601 3385/4148/601 3384/4112/601
f 2417/2450/601 2487/3552/601 2805/4301/601 4007/2451/601
f 1474/2330/600 1446/2291/600 3177/4053/600 3193/4068/600
f 2272/3423/600 2342/3446/600 3856/3810/600 3857/3912/600
f 1690/2649/600 1704/2624/600 3386/4113/600 3387/4132/600
f 1447/2293/601 1475/2323/601 3194/4069/601 3178/4054/601
f 2343/3441/601 2273/3418/601 3859/3910/601 3858/3802/601
f 1705/2626/601 1691/2644/601 3389/4133/601 3388/4116/601
f 1476/2324/600 1448/2294/600 3179/4055/600 3195/4066/600
f 2274/3416/600 2344/3442/600 3860/3801/600 3861/4291/600
f 1692/2645/600 1706/2629/600 3390/4456/600 3391/4459/600
f 1839/2940/74 1838/2944/74 3512/4195/74 3514/4196/74
f 2490/3550/600 2420/2378/600 4013/2381/600 2844/4471/600
f 1449/2299/601 1477/2321/601 3196/4067/601 3180/4056/601
f 2345/3439/601 2275/3412/601 3863/4292/601 3862/3797/601
f 1707/2596/601 1693/2674/601 3393/4129/601 3392/4120/601
f 2421/2364/601 2491/3562/601 2868/3889/601 4015/2365/601
f 1262/1993/600 1290/2024/600 3016/4034/600 3017/3902/600
f 2060/1929/600 2088/3138/600 3703/4251/600 2706/1930/600
f 2276/3413/600 2346/3438/600 3864/3724/600 3865/3899/600
f 1291/2029/601 1263/1984/601 3019/3893/601 3018/4035/601
f 2089/3139/601 2061/1542/601 2725/1544/601 3704/4252/601
f 2347/3436/601 2277/3406/601 3867/3891/601 3866/3723/601
f 1264/1985/600 1292/2030/600 3020/4036/600 3021/3887/600
f 2062/3212/600 2090/3140/600 3705/4217/600 2734/4238/600
f 1480/2319/600 1452/2303/600 3183/4059/600 3197/4064/600
f 2278/3407/600 2348/3437/600 3868/3780/600 3869/3883/600
f 1293/2034/601 1265/1976/601 3023/3882/601 3022/4037/601
f 2091/3142/601 2063/3208/601 2751/4239/601 3706/4220/601
f 1453/2308/601 1481/2314/601 3198/4065/601 3184/4060/601
f 2349/3433/601 2279/3401/601 3871/3879/601 3870/3769/601
f 1266/1977/600 1294/2035/600 3024/4038/600 3025/3877/600
f 2064/3209/600 2092/3143/600 3707/4221/600 2760/4236/600
f 1482/2315/600 1454/2309/600 3199/4453/600 3200/4452/600
f 2280/3402/600 2350/3434/600 3872/3764/600 3873/4470/600
f 1689/2648/74 1688/2652/74 3383/4147/74 3385/4148/74
f 2482/3558/46 2483/3556/46 2753/4308/46 2738/4307/46
f 1295/2040/601 1267/1971/601 3027/3874/601 3026/4039/601
f 2093/3146/601 2065/3206/601 2777/4237/601 3708/4222/601
f 1455/2286/601 1483/2334/601 3201/4063/601 3186/4062/601
f 2351/3449/601 2281/3398/601 3875/4293/601 3874/3757/601
f 1850/1274/600 987/1273/600 2705/1961/600 3507/3932/600
f 1268/1972/600 1296/2041/600 3028/4040/600 3029/3871/600
f 2066/3205/600 2094/3147/600 3709/4223/600 3710/4249/600
f 2281/3398/74 2612/2100/74 3876/2103/74 3875/4293/74
f 999/1341/601 1851/1340/601 3509/3933/601 2715/1558/601
f 1297/2043/601 1269/1963/601 3031/3868/601 3030/4041/601
f 2095/3152/601 2067/3203/601 3712/4250/601 3711/4224/601
f 1052/1455/600 2690/1805/600 2780/3357/600 2781/3502/600
f 1852/1343/600 1009/1342/600 2733/3937/600 3511/3936/600
f 1270/1964/600 1298/2044/600 3032/4042/600 3033/3866/600
f 2068/3204/600 2096/3153/600 3713/4225/600 2812/4234/600
f 1019/1403/601 1853/1402/601 3513/3939/601 2743/3938/601
f 1299/2049/601 1271/1956/601 3035/3862/601 3034/4043/601
f 2097/3156/601 2069/3199/601 2829/4235/601 3714/4228/601
f 1051/1459/600 1408/2254/600 2782/2352/600 2783/1974/600
f 1272/1957/600 1300/2050/600 3036/4450/600 3037/4449/600
f 2070/3200/600 2098/3157/600 3715/4464/600 2840/4465/600
f 1050/1462/600 1646/1651/600 2784/1654/600 2785/2479/600
f 2488/3551/46 2489/3549/46 2831/4310/46 2816/4309/46
f 1301/2021/601 1273/1953/601 3039/4046/601 3038/4045/601
f 2099/3135/601 2071/3216/601 2866/3904/601 3716/4230/601
f 1049/1464/600 1870/2894/600 2786/4197/600 2787/3953/600
f 1856/1465/600 1049/1464/600 2787/3953/600 3519/3952/600
f 1273/1953/74 2602/1952/74 3040/3006/74 3039/4046/74
f 2275/3412/74 2274/3416/74 3861/4291/74 3863/4292/74
f 1059/1523/601 1857/1522/601 3521/3955/601 2794/3954/601
f 1047/1472/600 2262/3367/600 2788/4267/600 2789/3957/600
f 1858/1525/600 1069/1524/600 2811/3965/600 3523/3964/600
f 1478/2320/46 1479/2318/46 3203/4077/46 3202/4076/46
f 1046/1476/600 2486/3554/600 2790/4300/600 2791/3961/600
f 1079/1578/601 1859/1577/601 3525/3967/601 2821/3966/601
f 1860/1580/600 1089/1579/600 2839/4435/600 3527/4434/600
f 2494/3633/600 2508/3655/600 4050/4331/600 4051/4330/600
f 2067/3203/74 2066/3205/74 3710/4249/74 3712/4250/74
f 1099/1236/601 1861/1235/601 3529/3981/601 2853/3906/601
f 2509/3651/601 2495/3631/601 4053/4333/601 4052/4332/601
f 1698/2607/600 1656/2606/600 3349/4102/600 3374/4101/600
f 2496/3629/600 2510/3652/600 4054/4327/600 4055/4326/600
f 1657/2610/601 1699/2609/601 3376/4104/601 3351/4103/601
f 2511/3648/601 2497/3627/601 4057/4329/601 4056/4328/601
f 1700/2612/600 1658/2611/600 3353/4106/600 3378/4105/600
f 2498/3625/600 2512/3649/600 4058/4323/600 4059/4322/600
f 1659/2616/601 1701/2615/601 3380/4108/601 3355/4107/601
f 2513/3646/601 2499/3623/601 4061/4325/601 4060/4324/601
f 1486/2350/600 1472/2333/600 3191/4070/600 3205/3828/600
f 2284/1282/600 985/1281/600 2709/1914/600 3877/3826/600
f 1702/2618/600 1660/2617/600 3357/4110/600 3382/4109/600
f 2500/3621/600 2514/3647/600 4062/4319/600 4063/4318/600
f 1473/2329/601 1487/2353/601 3206/3817/601 3192/4073/601
f 997/1349/601 2285/1348/601 3878/3815/601 2713/1493/601
f 1661/2622/601 1703/2621/601 3384/4112/601 3359/4111/601
f 2515/3643/601 2501/3619/601 4065/4321/601 4064/4320/601
f 1488/2354/600 1474/2330/600 3193/4068/600 3207/3811/600
f 2286/1351/600 1007/1350/600 2737/3940/600 3879/3809/600
f 1704/2624/600 1662/2623/600 3361/4114/600 3386/4113/600
f 1854/1405/46 1855/1437/46 3517/4194/46 3515/4193/46
f 2502/3617/600 2516/3644/600 4066/4315/600 4067/4314/600
f 1475/2323/601 1489/2359/601 3208/3805/601 3194/4069/601
f 1017/1411/601 2287/1410/601 3880/3803/601 2741/3941/601
f 1663/2627/601 1705/2626/601 3388/4116/601 3363/4115/601
f 2517/3640/601 2503/3613/601 4069/4317/601 4068/4316/601
f 1490/2360/600 1476/2324/600 3195/4066/600 3209/4074/600
f 2288/1413/600 1027/1412/600 2763/3946/600 3881/3800/600
f 1055/1450/46 1065/1483/46 2799/3850/46 2798/3853/46
f 1706/2629/600 1664/2628/600 3365/4457/600 3390/4456/600
f 2504/3614/600 2518/3641/600 4070/4474/600 4071/4473/600
f 1477/2321/601 1491/2362/601 3210/4075/601 3196/4067/601
f 1037/1471/601 2289/1470/601 3882/3798/601 2767/3947/601
f 2691/1798/601 1062/1513/601 2797/3490/601 2800/3347/601
f 1665/2597/601 1707/2596/601 3392/4120/601 3367/4119/601
f 2519/3656/601 2505/3610/601 4073/4313/601 4072/4312/601
f 1276/1924/600 1248/1901/600 3003/4010/600 3041/4012/600
f 2074/3224/600 2130/3192/600 3718/3795/600 3719/4240/600
f 1492/2363/600 1478/2320/600 3202/4076/600 3211/3792/600
f 2290/1473/600 1047/1472/600 2789/3957/600 3883/3956/600
f 2505/3610/74 2617/1770/74 4074/1773/74 4073/4313/74
f 1249/1895/601 1277/1927/601 3042/4013/601 3004/4011/601
f 2131/3184/601 2075/3229/601 3721/4241/601 3720/3790/601
f 1479/2318/601 1493/2366/601 3212/3789/601 3203/4077/601
f 1057/1529/601 2291/1528/601 3884/3959/601 2793/3958/601
f 1409/2248/601 1061/1516/601 2796/1940/601 2801/2338/601
f 1278/1928/600 1250/1896/600 3005/4008/600 3043/4014/600
f 2076/3230/600 2132/3187/600 3722/3785/600 3723/4256/600
f 1494/2367/600 1480/2319/600 3197/4064/600 3213/3781/600
f 2292/1531/600 1067/1530/600 2815/3968/600 3885/3779/600
f 1647/1621/601 1060/1519/601 2795/2457/601 2802/1622/601
f 2503/3613/74 2502/3617/74 4067/4314/74 4069/4317/74
f 1251/1891/601 1279/1932/601 3044/4015/601 3006/4009/601
f 2133/3180/601 2077/3232/601 3725/4257/601 3724/3773/601
f 1481/2314/601 1495/2370/601 3214/3772/601 3198/4065/601
f 1077/1586/601 2293/1585/601 3886/3770/601 2819/3969/601
f 1871/2891/601 1059/1523/601 2794/3954/601 2803/4198/601
f 1280/1933/600 1252/1890/600 3013/4017/600 3045/4016/600
f 2078/3234/600 2134/3178/600 3726/3715/600 3727/4242/600
f 1496/2371/600 1482/2315/600 3200/4452/600 3215/3765/600
f 2294/1588/600 1087/1587/600 2843/4436/600 3887/3763/600
f 2501/3619/74 2500/3621/74 4063/4318/74 4065/4321/74
f 1253/1887/601 1281/1938/601 3046/4019/601 3014/4018/601
f 2135/3174/601 2079/3239/601 3729/4243/601 3728/3714/601
f 1483/2334/601 1497/2347/601 3216/3760/601 3201/4063/601
f 1097/1228/601 2295/1227/601 3888/3758/601 2849/3897/601
f 2263/3369/601 1057/1529/601 2793/3958/601 2804/4268/601
f 1864/1959/600 1808/2578/600 3504/2581/600 2704/1960/600
f 1282/1939/600 1254/1889/600 3007/4004/600 3047/4020/600
f 2080/3240/600 2136/3177/600 3730/3754/600 3731/4244/600
f 2487/3552/601 1056/1533/601 2792/3962/601 2805/4301/601
f 1809/2579/601 1865/1557/601 2724/1559/601 3505/2580/601
f 2499/3623/74 2498/3625/74 4059/4322/74 4061/4325/74
f 1255/1881/601 1283/1941/601 3048/4021/601 3008/4007/601
f 2137/3168/601 2081/3243/601 3733/4245/601 3732/3749/601
f 1866/2906/600 1810/2905/600 3493/4172/600 2732/4171/600
f 1284/1942/600 1256/1884/600 3009/4000/600 3049/4022/600
f 2082/3244/600 2138/3171/600 3734/3745/600 3735/4258/600
f 1811/2900/601 1867/2899/601 2750/4173/601 3494/2907/601
f 2497/3627/74 2496/3629/74 4055/4326/74 4057/4329/74
f 1257/1873/601 1285/1947/601 3050/4023/601 3010/4003/601
f 2139/3162/601 2083/3246/601 3737/4259/601 3736/3737/601
f 1868/2902/600 1812/2901/600 3495/4169/600 3533/4168/600
f 1286/1948/600 1258/1876/600 3011/4445/600 3051/4447/600
f 2084/3248/600 2140/3165/600 3738/3735/600 3739/4466/600
f 2291/1528/74 2290/1473/74 3883/3956/74 3884/3959/74
f 1813/2888/601 1869/2895/601 3534/4170/601 3496/2889/601
f 1696/2603/46 1697/2605/46 3372/4150/46 3370/4149/46
f 2495/3631/74 2494/3633/74 4051/4330/74 4053/4333/74
f 1259/1902/601 1287/1921/601 3052/4025/601 3012/3999/601
f 2141/3193/601 2085/3219/601 3741/4248/601 3740/3731/601
f 1491/2362/74 1490/2360/74 3209/4074/74 3210/4075/74
f 2653/2211/74 2196/2588/74 3823/2589/74 4188/2212/74
f 1872/2893/600 1816/2892/600 3499/4166/600 2810/4165/600
f 1285/1947/74 1284/1942/74 3049/4022/74 3050/4023/74
f 1817/2840/601 1873/2885/601 2828/4167/601 3500/2841/601
f 1710/2697/600 1724/2672/600 3396/4143/600 3397/3530/600
f 1874/2887/600 1818/2886/600 3501/4461/600 2838/4460/600
f 2508/3655/600 2522/3672/600 4075/4342/600 4050/4331/600
f 2077/3232/74 2076/3230/74 3723/4256/74 3725/4257/74
f 1725/2665/601 1711/2702/601 3399/3520/601 3398/4146/601
f 1819/2785/601 1875/2911/601 2865/3907/601 3502/2786/601
f 2523/3669/601 2509/3651/601 4052/4332/601 4076/4343/601
f 2252/3283/46 2657/2140/46 4192/2143/46 3784/3284/46
f 1712/2703/600 1726/2668/600 3400/4139/600 3401/3514/600
f 1072/1514/600 2692/1799/600 2806/3329/600 2807/3469/600
f 1727/2657/601 1713/2708/601 3403/3512/601 3402/4142/601
f 2659/2101/74 2280/3402/74 3873/4470/74 4194/2102/74
f 1714/2709/600 1728/2660/600 3404/4135/600 3405/4153/600
f 2512/3649/600 2526/3667/600 4077/4340/600 4058/4323/600
f 1279/1932/74 1278/1928/74 3043/4014/74 3044/4015/74
f 1729/2653/601 1715/2711/601 3407/4154/601 3406/4138/601
f 2527/3664/601 2513/3646/601 4060/4324/601 4078/4341/601
f 1500/2406/600 1542/2397/600 3218/3829/600 3219/3507/600
f 1070/1520/600 1648/1602/600 2808/1605/600 2809/2439/600
f 1716/2713/600 1730/2651/600 3408/4155/600 3409/3503/600
f 2514/3647/600 2528/3665/600 4079/4338/600 4062/4319/600
f 2083/3246/74 2082/3244/74 3735/4258/74 3737/4259/74
f 1543/2392/601 1501/2409/601 3221/3501/601 3220/3816/601
f 1069/1524/600 1872/2893/600 2810/4165/600 2811/3965/600
f 1731/2647/601 1717/2717/601 3411/3494/601 3410/4156/601
f 2529/3661/601 2515/3643/601 4064/4320/601 4080/4339/601
f 1502/2410/600 1544/2393/600 3222/3812/600 3223/4083/600
f 2300/3460/600 2314/3485/600 3890/4278/600 3891/4277/600
f 1068/1526/600 2068/3204/600 2812/4234/600 2813/3864/600
f 2336/3403/46 2663/2057/46 4198/2060/46 3923/4469/46
f 1718/2718/600 1732/2650/600 3412/4131/600 3413/3473/600
f 1869/2895/74 1868/2902/74 3533/4168/74 3534/4170/74
f 2516/3644/600 2530/3662/600 4081/4336/600 4066/4315/600
f 1545/2389/601 1503/2412/601 3225/4084/601 3224/3804/601
f 2315/3488/601 2301/3462/601 3893/4280/601 3892/4279/601
f 1067/1530/600 2264/3370/600 2814/4270/600 2815/3968/600
f 1733/2643/601 1719/2725/601 3415/3444/601 3414/4134/601
f 2531/3658/601 2517/3640/601 4068/4316/601 4082/4337/601
f 1504/2414/600 1546/2388/600 3226/3728/600 3227/3435/600
f 2302/3464/600 2316/3489/600 3894/4281/600 3895/3693/600
f 1066/1534/600 2488/3551/600 2816/4309/600 2817/3971/600
f 1720/2726/600 1734/2646/600 3416/4458/600 3417/3419/600
f 1870/2894/46 1871/2891/46 2803/4198/46 2786/4197/46
f 2518/3641/600 2532/3659/600 4083/4475/600 4070/4474/600
f 1547/2386/601 1505/2418/601 3229/3404/601 3228/3727/601
f 2317/3491/601 2303/3467/601 3897/3678/601 3896/4282/601
f 2666/1980/74 2378/3350/74 3958/3353/74 4201/1981/74
f 1735/2673/601 1721/2692/601 3419/3395/601 3418/4130/601
f 2533/3673/601 2519/3656/601 4072/4312/601 4084/4335/601
f 1290/2024/600 1304/2018/600 3054/4032/600 3016/4034/600
f 1506/2419/600 1548/2387/600 3230/3793/600 3231/3390/600
f 2304/3468/600 2318/3492/600 3898/4283/600 3899/3663/600
f 1305/2015/601 1291/2029/601 3018/4035/601 3055/4033/601
f 1549/2382/601 1507/2424/601 3233/3382/601 3232/3788/601
f 2319/3495/601 2305/3470/601 3901/3653/601 3900/4284/601
f 1292/2030/600 1306/2014/600 3056/3930/600 3020/4036/600
f 2090/3140/600 2034/3084/600 3673/4218/600 3705/4217/600
f 1508/2425/600 1550/2383/600 3234/3782/600 3235/4085/600
f 2306/3471/600 2320/3496/600 3902/4285/600 3903/3645/600
f 1307/2012/601 1293/2034/601 3022/4037/601 3057/3929/601
f 2035/3081/601 2091/3142/601 3706/4220/601 3674/4219/601
f 1551/2376/601 1509/2427/601 3237/4086/601 3236/3771/601
f 2321/3499/601 2307/3476/601 3905/3607/601 3904/4286/601
f 2434/2379/46 2670/1869/46 4205/1872/46 4012/2380/46
f 1294/2035/600 1308/2013/600 3058/4030/600 3024/4038/600
f 2092/3143/600 2036/3083/600 3667/4211/600 3707/4221/600
f 1510/2429/600 1552/2377/600 3238/3766/600 3239/3354/600
f 2308/3477/600 2322/3500/600 3906/4468/600 3907/3601/600
f 1309/2006/601 1295/2040/601 3026/4039/601 3059/4031/601
f 2037/3078/601 2093/3146/601 3708/4222/601 3668/4212/601
f 1553/2398/601 1511/2401/601 3241/3339/601 3240/3759/601
f 2323/3480/601 2309/3451/601 3909/3584/601 3908/4288/601
f 1878/2951/600 1836/2950/600 3508/4190/600 3536/4189/600
f 1296/2041/600 1310/2007/600 3060/4028/600 3028/4040/600
f 2094/3147/600 2038/3079/600 3669/4209/600 3709/4223/600
f 2673/1801/74 2476/3574/74 4044/4472/74 4208/1802/74
f 1715/2711/74 1714/2709/74 3405/4153/74 3407/4154/74
f 1837/2946/601 1879/2945/601 3537/4192/601 3510/4191/601
f 1311/2004/601 1297/2043/601 3030/4041/601 3061/4029/601
f 2039/3075/601 2095/3152/601 3711/4224/601 3670/4210/601
f 2096/3153/600 2040/3073/600 3675/4226/600 3713/4225/600
f 2675/1771/74 2504/3614/74 4071/4473/74 4210/1772/74
f 2510/3652/46 2511/3648/46 4056/4328/46 4054/4327/46
f 2041/3070/601 2097/3156/601 3714/4228/601 3676/4227/601
f 1075/1509/46 1085/1541/46 2825/3844/46 2824/3849/46
f 1882/2942/600 1840/2941/600 3516/4186/600 3538/4185/600
f 1300/2050/600 1314/2002/600 3062/4448/600 3036/4450/600
f 2098/3157/600 2042/3072/600 3671/4463/600 3715/4464/600
f 1503/2412/74 1502/2410/74 3223/4083/74 3225/4084/74
f 2301/3462/74 2300/3460/74 3891/4277/74 3893/4280/74
f 2693/1792/601 1082/1569/601 2823/3440/601 2826/3325/601
f 1841/2936/601 1883/2935/601 3539/4188/601 3518/4187/601
f 1315/2019/601 1301/2021/601 3038/4045/601 3063/4027/601
f 2043/3090/601 2099/3135/601 3716/4230/601 3672/4208/601
f 2546/3677/46 2678/1746/46 4213/1749/46 4096/4476/46
f 1884/2938/600 1842/2937/600 3520/4182/600 3540/4181/600
f 1843/2931/601 1885/2930/601 3541/4184/601 3522/4183/601
f 1649/1554/601 1080/1574/601 2822/2416/601 2827/1555/601
f 1886/2933/600 1844/2932/600 3524/4178/600 3542/4177/600
f 1873/2885/601 1079/1578/601 2821/3966/601 2828/4167/601
f 2681/3705/74 2588/1571/74 4109/3410/74 4222/4433/74
f 1845/2926/601 1887/2925/601 3543/4180/601 3526/4179/601
f 2069/3199/601 1078/1582/601 2820/3861/601 2829/4235/601
f 1724/2672/600 1682/2671/600 3371/4144/600 3396/4143/600
f 1888/2928/600 1846/2927/600 3528/4462/600 3544/3931/600
f 1509/2427/74 1508/2425/74 3235/4085/74 3237/4086/74
f 2265/3371/601 1077/1586/601 2819/3969/601 2830/4271/601
f 1683/2666/601 1725/2665/601 3398/4146/601 3373/4145/601
f 1847/2953/601 1889/2952/601 3545/3928/601 3530/4176/601
f 2489/3549/601 1076/1590/601 2818/3972/601 2831/4310/601
f 2621/3831/601 2681/3705/601 4222/4433/601 4216/4432/601
f 1726/2668/600 1684/2667/600 3375/4140/600 3400/4139/600
f 2524/3668/600 2538/3688/600 4086/3927/600 4087/4344/600
f 1685/2658/601 1727/2657/601 3402/4142/601 3377/4141/601
f 2539/3685/601 2525/3666/601 4089/4345/601 4088/3926/601
f 1728/2660/600 1686/2659/600 3379/4136/600 3404/4135/600
f 2526/3667/600 2540/3686/600 4090/3870/600 4077/4340/600
f 1687/2654/601 1729/2653/601 3406/4138/601 3381/4137/601
f 2541/3681/601 2527/3664/601 4078/4341/601 4091/3869/601
f 2312/3483/600 2326/3428/600 3911/3923/600 3912/4289/600
f 2528/3665/600 2542/3682/600 4092/3920/600 4079/4338/600
f 1298/2044/46 1299/2049/46 3034/4043/46 3032/4042/46
f 2088/3138/46 2089/3139/46 3704/4252/46 3703/4251/46
f 2327/3421/601 2313/3484/601 3914/4290/601 3913/3916/601
f 2543/3679/601 2529/3661/601 4080/4339/601 4093/3914/601
f 1516/2460/600 1586/2527/600 3243/3122/600 3244/2859/600
f 2314/3485/600 2328/3424/600 3915/3913/600 3890/4278/600
f 1732/2650/600 1690/2649/600 3387/4132/600 3412/4131/600
f 2530/3662/600 2544/3680/600 4094/3911/600 4081/4336/600
f 1587/2520/601 1517/2453/601 3246/2848/601 3245/3116/601
f 2329/3417/601 2315/3488/601 3892/4279/601 3916/3909/601
f 1691/2644/601 1733/2643/601 3414/4134/601 3389/4133/601
f 2545/3676/601 2531/3658/601 4082/4337/601 4095/3908/601
f 1518/2454/600 1588/2521/600 3247/3115/600 3248/2838/600
f 2316/3489/600 2330/3415/600 3917/3852/600 3894/4281/600
f 2626/3824/601 2628/3821/601 4219/4440/601 4217/4439/601
f 1734/2646/600 1692/2645/600 3391/4459/600 3416/4458/600
f 2532/3659/600 2546/3677/600 4096/4476/600 4083/4475/600
f 1589/2516/601 1519/2447/601 3250/2812/601 3249/3110/601
f 2331/3411/601 2317/3491/601 3896/4282/601 3918/3851/601
f 2627/3820/601 2629/3818/601 4220/4442/601 4218/4441/601
f 1693/2674/601 1735/2673/601 3418/4130/601 3393/4129/601
f 2547/3691/601 2533/3673/601 4084/4335/601 4097/3894/601
f 1304/2018/600 1276/1924/600 3041/4012/600 3054/4032/600
f 2102/3225/600 2074/3224/600 3719/4240/600 3744/3918/600
f 1520/2448/600 1590/2517/600 3251/3100/600 3252/2758/600
f 2318/3492/600 2332/3414/600 3919/3900/600 3898/4283/600
f 2628/3821/601 2627/3820/601 4218/4441/601 4219/4440/601
f 1887/2925/74 1886/2933/74 3542/4177/74 3543/4180/74
f 1277/1927/601 1305/2015/601 3055/4033/601 3042/4013/601
f 2075/3229/601 2103/3228/601 3745/3919/601 3721/4241/601
f 1591/2513/601 1521/2441/601 3254/2736/601 3253/3076/601
f 2333/3405/601 2319/3495/601 3900/4284/601 3920/3890/601
f 2629/3818/601 2630/3277/601 4221/3280/601 4220/4442/601
f 1522/2442/600 1592/2514/600 3255/3066/600 3256/2728/600
f 2320/3496/600 2334/3408/600 3921/3884/600 3902/4285/600
f 1092/1570/600 2694/1793/600 2832/3309/600 2833/3409/600
f 2697/3278/601 2621/3831/601 4216/4432/601 4223/3279/601
f 1593/2510/601 1523/2436/601 3258/2700/601 3257/3060/601
f 2335/3400/601 2321/3499/601 3904/4286/601 3922/3878/601
f 1308/2013/600 1280/1933/600 3045/4016/600 3058/4030/600
f 2106/3235/600 2078/3234/600 3727/4242/600 3746/3605/600
f 1524/2437/600 1594/2511/600 3259/3051/600 3260/4454/600
f 2322/3500/600 2336/3403/600 3923/4469/600 3906/4468/600
f 1091/1572/600 1412/2245/600 2834/2280/600 2835/1868/600
f 1281/1938/601 1309/2006/601 3059/4031/601 3046/4019/601
f 2079/3239/601 2107/3238/601 3747/3593/601 3729/4243/601
f 1595/2534/601 1525/2433/601 3262/4090/601 3261/3036/601
f 2337/3399/601 2323/3480/601 3908/4288/601 3924/3835/601
f 1090/1575/600 1650/1536/600 2836/1539/600 2837/2384/600
f 1892/2979/600 1878/2951/600 3536/4189/600 3547/3895/600
f 1310/2007/600 1282/1939/600 3047/4020/600 3060/4028/600
f 2108/3241/600 2080/3240/600 3731/4244/600 3748/3579/600
f 1525/2433/74 2607/2432/74 3263/2819/74 3262/4090/74
f 1089/1579/600 1874/2887/600 2838/4460/600 2839/4435/600
f 1879/2945/601 1893/2981/601 3548/3896/601 3537/4192/601
f 1283/1941/601 1311/2004/601 3061/4029/601 3048/4021/601
f 2081/3243/601 2109/3242/601 3749/3572/601 3733/4245/601
f 1088/1583/600 2070/3200/600 2840/4465/600 2841/3857/600
f 2313/3484/74 2312/3483/74 3912/4289/74 3914/4290/74
f 1087/1587/600 2266/3372/600 2842/4467/600 2843/4436/600
f 1730/2651/46 1731/2647/46 3410/4156/46 3408/4155/46
f 2525/3666/74 2524/3668/74 4087/4344/74 4089/4345/74
f 1086/1591/600 2490/3550/600 2844/4471/600 2845/4438/600
f 1896/2984/600 1882/2942/600 3538/4185/600 3549/3565/600
f 1314/2002/600 1286/1948/600 3051/4447/600 3062/4448/600
f 2112/3249/600 2084/3248/600 3739/4466/600 3750/3555/600
f 1883/2935/601 1897/2987/601 3550/3548/601 3539/4188/601
f 2522/3672/46 2523/3669/46 4076/4343/46 4075/4342/46
f 1287/1921/601 1315/2019/601 3063/4027/601 3052/4025/601
f 2085/3219/601 2113/3218/601 3751/3540/601 3741/4248/601
f 1898/2988/600 1884/2938/600 3540/4181/600 3551/3539/600
f 1885/2930/601 1899/2990/601 3552/3536/601 3541/4184/601
f 3501/4461/130 2648/2827/130 2645/4399/130 4161/4395/130
f 4161/4395/130 2645/4399/130 2646/4160/130 3503/4164/130
f 3503/4164/130 2646/4160/130 2647/2787/130 3502/2786/130
f 3499/4166/130 2650/2850/130 2649/2842/130 3500/2841/130
f 3497/2680/130 2652/2875/130 2651/2863/130 3498/2681/130
f 3495/4169/130 2655/2904/130 2654/2890/130 3496/2889/130
f 3493/4172/130 2658/2915/130 2656/2908/130 3494/2907/130
f 1810/2905/600 2672/2810/600 2658/2915/600 3493/4172/600
f 1769/2814/601 2671/2813/601 2656/2908/601 3463/3713/601
f 1812/2901/600 2669/2816/600 2655/2904/600 3495/4169/600
f 1771/2821/601 2668/2820/601 2654/2890/601 3467/3707/601
f 1814/2679/600 2667/2823/600 2652/2875/600 3497/2680/600
f 1773/2829/601 2665/2828/601 2651/2863/601 3471/3701/601
f 1816/2892/600 2664/2831/600 2650/2850/600 3499/4166/600
f 1775/2837/601 2662/2836/601 2649/2842/601 3475/3696/601
f 1817/2840/130 2662/2836/130 2661/2824/130 1818/2886/130
f 1815/2678/130 2665/2828/130 2664/2831/130 1816/2892/130
f 1818/2886/600 2661/2824/600 2648/2827/600 3501/4461/600
f 1813/2888/130 2668/2820/130 2667/2823/130 1814/2679/130
f 1811/2900/130 2671/2813/130 2669/2816/130 1812/2901/130
f 1809/2579/130 2674/2808/130 2672/2810/130 1810/2905/130
f 1808/2578/600 2676/2806/600 2644/4477/600 2643/4478/600
f 1806/2910/130 2679/2803/130 2676/2806/130 1808/2578/130
f 1819/2785/130 2660/2784/130 2677/2802/130 1807/2912/130
f 1777/2800/601 2660/2784/601 2647/2787/601 3479/3675/601
f 2643/4478/130 2644/4477/130 2642/4479/130 2641/4480/130
f 1809/2579/74 1808/2578/74 2643/4478/74 2641/4480/74
f 2674/2808/601 1809/2579/601 2641/4480/601 2642/4479/601
f 2676/2806/46 2674/2808/46 2642/4479/46 2644/4477/46
f 4328/4481/130 4307/1219/130 4308/1222/130 4329/4482/130
f 921/1217/130 4328/4481/130 4329/4482/130 929/1218/130
usemtl pad
f 957/1179/596 956/1175/602 962/1177/602 961/1176/597
f 956/1175/602 958/1173/602 963/1174/602 962/1177/602
f 958/1173/602 959/1172/602 964/1170/602 963/1174/602
f 959/1172/602 960/1178/599 965/1171/598 964/1170/602
usemtl dark
f 195/265/99 4296/4483/99 4340/4484/99 197/4485/98 68/142/98 85/266/98
f 197/4485/98 198/4486/98 69/143/98 68/142/98
f 198/4486/98 199/4487/98 70/145/98 69/143/98
f 199/4487/98 200/4488/98 71/147/99 70/145/98
f 200/4488/98 201/4489/98 72/149/99 71/147/99
f 201/4489/98 202/4490/98 73/151/98 72/149/99
f 202/4490/98 203/4491/99 74/152/99 73/151/98
f 203/4491/99 216/174/99 146/153/99 74/152/99
f 56/853/108 144/347/108 216/174/99 203/4491/99
f 55/851/108 56/853/108 203/4491/99 202/4490/98
f 54/849/108 55/851/108 202/4490/98 201/4489/98
f 53/847/108 54/849/108 201/4489/98 200/4488/98
f 52/845/108 53/847/108 200/4488/98 199/4487/98
f 51/843/108 52/845/108 199/4487/98 198/4486/98
f 50/840/108 51/843/108 198/4486/98 197/4485/98
f 4315/841/108 50/840/108 197/4485/98 4340/4484/99
f 690/509/230 404/497/218 366/372/169 689/438/186
f 596/959/603 595/956/604 619/983/605 620/989/606
f 589/960/607 588/957/608 612/985/609 613/991/610
f 604/961/611 603/958/612 627/987/612 628/993/613
f 597/962/614 596/959/603 620/989/606 621/995/615
f 590/963/616 589/960/607 613/991/610 614/997/617
f 605/964/618 604/961/611 628/993/613 629/999/619
f 598/965/620 597/962/614 621/995/615 622/1001/621
f 591/966/622 590/963/616 614/997/617 615/1003/622
f 606/942/623 605/964/618 629/999/619 630/1005/624
f 599/944/625 598/965/620 622/1001/621 623/1007/626
f 592/946/627 591/966/622 615/1003/622 616/1009/628
f 607/943/629 606/942/623 630/1005/624 631/1011/630
f 600/945/631 599/944/625 623/1007/626 624/1013/632
f 593/947/633 592/946/627 616/1009/628 617/968/634
f 608/948/635 607/943/629 631/1011/630 632/972/636
f 585/950/637 586/949/638 610/1015/639 609/976/640
f 601/951/641 600/945/631 624/1013/632 625/980/642
f 594/952/643 593/947/633 617/968/634 618/967/644
f 586/953/638 608/948/635 632/972/636 610/971/639
f 587/954/645 585/950/637 609/976/640 611/975/646
f 602/955/647 601/951/641 625/980/642 626/979/648
f 595/956/604 594/952/643 618/967/644 619/983/605
f 588/957/608 587/954/645 611/975/646 612/985/609
f 603/958/612 602/955/647 626/979/648 627/987/612
f 633/4492/649 634/4493/649 656/4494/649 655/4495/649 654/4496/649 653/4497/649 652/4498/649 651/4499/649 650/4500/649 649/4501/649 648/4502/649 647/4503/649 646/4504/649 645/4505/649 644/4506/649 643/4507/649 642/4508/649 641/4509/649 640/4510/649 639/4511/649 638/4512/649 637/4513/649 636/4514/649 635/4515/649
f 779/1036/603 778/1033/604 802/1060/605 803/1066/606
f 772/1037/607 771/1034/608 795/1062/609 796/1068/610
f 787/1038/611 786/1035/612 810/1064/612 811/1070/613
f 780/1039/614 779/1036/603 803/1066/606 804/1072/615
f 773/1040/616 772/1037/607 796/1068/610 797/1074/650
f 788/1041/618 787/1038/611 811/1070/613 812/1076/619
f 781/1042/651 780/1039/614 804/1072/615 805/1078/621
f 774/1043/622 773/1040/616 797/1074/650 798/1080/622
f 789/1019/623 788/1041/618 812/1076/619 813/1082/624
f 782/1021/625 781/1042/651 805/1078/621 806/1084/626
f 775/1023/627 774/1043/622 798/1080/622 799/1086/628
f 790/1020/629 789/1019/623 813/1082/624 814/1088/630
f 783/1022/652 782/1021/625 806/1084/626 807/1090/653
f 776/1024/633 775/1023/627 799/1086/628 800/1045/634
f 791/1025/635 790/1020/629 814/1088/630 815/1049/636
f 768/1027/637 769/1026/638 793/1092/639 792/1053/640
f 784/1028/641 783/1022/652 807/1090/653 808/1057/642
f 777/1029/643 776/1024/633 800/1045/634 801/1044/644
f 769/1030/638 791/1025/635 815/1049/636 793/1048/639
f 770/1031/645 768/1027/637 792/1053/640 794/1052/646
f 785/1032/647 784/1028/641 808/1057/642 809/1056/648
f 778/1033/604 777/1029/643 801/1044/644 802/1060/605
f 771/1034/608 770/1031/645 794/1052/646 795/1062/609
f 786/1035/612 785/1032/647 809/1056/648 810/1064/612
f 816/4516/649 817/4517/649 839/4518/649 838/4519/649 837/4520/649 836/4521/649 835/4522/649 834/4523/649 833/4524/649 832/4525/649 831/4526/649 830/4527/649 829/4528/649 828/4529/649 827/4530/649 826/4531/649 825/4532/649 824/4533/649 823/4534/649 822/4535/649 821/4536/649 820/4537/649 819/4538/649 818/4539/649
f 852/1097/46 855/1096/46 854/1095/46 853/1098/46
f 403/467/206 860/513/234 859/515/236 365/436/184
f 888/1102/46 886/1101/46 885/1104/46 884/1103/46
f 886/1101/46 887/1100/46 889/1099/46 885/1104/46
f 135/346/108 4286/1202/108 4296/4483/99 195/265/99
f 4286/1202/108 4315/841/108 4340/4484/99 4296/4483/99
o Plane.001
v -2.006521 0.045649 2.909227
v -2.018792 4.036749 2.909227
v -2.006523 0.046740 -2.908642
v -2.018788 4.035658 -2.908642
v -2.019711 0.046699 -2.908642
v -2.019708 0.045608 2.909227
v -2.031980 4.036708 2.909227
v -2.031976 4.035617 -2.908642
v -2.051361 0.046602 -2.908642
v -2.051358 0.045511 2.909227
v -2.063630 4.036611 2.909227
v -2.063626 4.035520 -2.908642
v -2.006635 0.082719 2.915411
v -2.006634 0.082719 -2.912902
v -2.019822 0.082679 2.915411
v -2.019821 0.082679 -2.912902
v -2.051472 0.082581 2.915411
v -2.051471 0.082581 -2.912902
v -2.006506 0.041208 -2.301350
v -2.006506 0.041208 -1.643463
v -2.006507 0.041208 -0.985576
v -2.006507 0.041208 -0.327689
v -2.006507 0.041208 0.330198
v -2.006507 0.041208 0.988085
v -2.006507 0.041208 1.645971
v -2.006507 0.041208 2.303858
v -2.018806 4.041190 2.303858
v -2.018806 4.041190 1.645971
v -2.018806 4.041190 0.988085
v -2.018806 4.041190 0.330198
v -2.018806 4.041190 -0.327689
v -2.018805 4.041190 -0.985576
v -2.018805 4.041190 -1.643463
v -2.018805 4.041190 -2.301350
v -2.019694 0.041167 -2.301350
v -2.019694 0.041167 -1.643463
v -2.019694 0.041167 -0.985576
v -2.019694 0.041167 -0.327689
v -2.019694 0.041167 0.330198
v -2.019694 0.041167 0.988085
v -2.019695 0.041167 1.645971
v -2.019695 0.041167 2.303858
v -2.031993 4.041149 2.303858
v -2.031993 4.041149 1.645971
v -2.031993 4.041149 0.988085
v -2.031993 4.041149 0.330198
v -2.031993 4.041149 -0.327689
v -2.031993 4.041149 -0.985576
v -2.031993 4.041149 -1.643463
v -2.031993 4.041149 -2.301350
v -2.051344 0.041070 -2.301350
v -2.051344 0.041070 -1.643463
v -2.051344 0.041070 -0.985576
v -2.051344 0.041070 -0.327689
v -2.051344 0.041070 0.330198
v -2.051344 0.041070 0.988085
v -2.051345 0.041070 1.645971
v -2.051345 0.041070 2.303858
v -2.063643 4.041051 2.303858
v -2.063643 4.041051 1.645971
v -2.063643 4.041051 0.988085
v -2.063643 4.041051 0.330198
v -2.063643 4.041051 -0.327689
v -2.063643 4.041051 -0.985576
v -2.063643 4.041051 -1.643463
v -2.063643 4.041051 -2.301350
v -2.051472 0.082581 -2.301350
v -2.051472 0.082581 -1.643463
v -2.051472 0.082581 -0.985576
v -2.051472 0.082581 -0.327689
v -2.051472 0.082581 0.330198
v -2.051472 0.082581 0.988085
v -2.051472 0.082581 1.645971
v -2.051472 0.082581 2.303858
v -2.006635 0.082719 2.303858
v -2.006634 0.082719 1.645971
v -2.006634 0.082719 0.988085
v -2.006634 0.082719 0.330198
v -2.006634 0.082719 -0.327689
v -2.006634 0.082719 -0.985576
v -2.006634 0.082719 -1.643463
v -2.006634 0.082719 -2.301350
v -1.952789 0.041373 -2.301350
v -1.952789 0.041373 -1.643463
v -1.952789 0.041373 -0.985576
v -1.952789 0.041373 -0.327689
v -1.952789 0.041373 0.330198
v -1.952789 0.041373 0.988085
v -1.952790 0.041373 1.645971
v -1.952790 0.041373 2.303858
v -1.952917 0.082884 2.303858
v -1.952917 0.082884 1.645971
v -1.952917 0.082884 0.988085
v -1.952917 0.082884 0.330198
v -1.952917 0.082884 -0.327689
v -1.952917 0.082884 -0.985576
v -1.952917 0.082884 -1.643463
v -1.952917 0.082884 -2.301350
v -2.018760 4.026348 2.915411
v -2.031948 4.026308 2.915411
v -2.063598 4.026210 2.915411
v -2.018759 4.026348 -2.912902
v -2.031947 4.026308 -2.912902
v -2.063597 4.026210 -2.912902
v -2.063598 4.026210 2.303858
v -2.063598 4.026210 1.645971
v -2.063597 4.026210 0.988085
v -2.063597 4.026210 0.330198
v -2.063597 4.026210 -0.327689
v -2.063597 4.026210 -0.985576
v -2.063597 4.026210 -1.643463
v -2.063597 4.026210 -2.301350
v -2.018760 4.026348 2.303858
v -2.018760 4.026348 1.645971
v -2.018760 4.026348 0.988085
v -2.018760 4.026348 0.330198
v -2.018760 4.026348 -0.327689
v -2.018760 4.026348 -0.985576
v -2.018760 4.026348 -1.643463
v -2.018759 4.026348 -2.301350
v -2.018805 4.041190 -2.899100
v -2.031993 4.041149 -2.899100
v -2.063643 4.041051 -2.899100
v -2.006634 0.082719 -2.899100
v -2.006506 0.041208 -2.899100
v -2.019694 0.041167 -2.899100
v -2.051344 0.041070 -2.899100
v -2.051471 0.082581 -2.899100
v -2.063597 4.026210 -2.899100
v -2.018759 4.026348 -2.899100
v -2.006559 0.058190 -2.912902
v -2.019746 0.058149 -2.912902
v -2.051396 0.058052 -2.912902
v -2.006559 0.058190 2.915411
v -2.019747 0.058149 2.915411
v -2.051397 0.058052 2.915411
v -2.006559 0.058190 2.303858
v -2.006559 0.058190 -2.301350
v -2.051397 0.058052 2.303858
v -2.051397 0.058052 1.645971
v -2.051397 0.058052 0.988085
v -2.051397 0.058052 0.330198
v -2.051396 0.058052 -0.327689
v -2.051396 0.058052 -0.985576
v -2.051396 0.058052 -1.643463
v -2.051396 0.058052 -2.301350
v -1.952842 0.058355 2.303858
v -1.952842 0.058355 1.645971
v -1.952842 0.058355 0.988085
v -1.952842 0.058355 0.330198
v -1.952842 0.058355 -0.327689
v -1.952841 0.058355 -0.985576
v -1.952841 0.058355 -1.643463
v -1.952841 0.058355 -2.301350
v -2.006559 0.058190 -2.899100
v -2.051396 0.058052 -2.899100
v -2.006507 0.041208 2.895025
v -2.019695 0.041167 2.895025
v -2.051345 0.041070 2.895025
v -2.051472 0.082581 2.895025
v -2.018806 4.041190 2.895025
v -2.031993 4.041149 2.895025
v -2.063643 4.041051 2.895025
v -2.006635 0.082719 2.895025
v -2.018760 4.026348 2.895025
v -2.063598 4.026210 2.895025
v -2.051397 0.058052 2.895025
v -2.006559 0.058190 2.895025
v -2.018557 3.960621 -2.912902
v -2.031745 3.960580 -2.912902
v -2.063395 3.960483 -2.912902
v -2.018558 3.960621 2.303858
v -2.018558 3.960621 1.645971
v -2.018558 3.960621 0.988085
v -2.018558 3.960621 0.330198
v -2.018558 3.960621 -0.327689
v -2.018558 3.960621 -0.985576
v -2.018558 3.960621 -1.643463
v -2.018558 3.960621 -2.301350
v -2.018558 3.960621 2.915411
v -2.031746 3.960580 2.915411
v -2.063396 3.960483 2.915411
v -2.063396 3.960483 2.303858
v -2.063396 3.960483 1.645971
v -2.063396 3.960483 0.988085
v -2.063395 3.960483 0.330198
v -2.063395 3.960483 -0.327689
v -2.063395 3.960483 -0.985576
v -2.063395 3.960483 -1.643463
v -2.063395 3.960483 -2.301350
v -2.018557 3.960621 -2.899100
v -2.063395 3.960483 -2.899100
v -2.063396 3.960483 2.895025
v -2.018558 3.960621 2.895025
v -2.018806 4.041190 2.877290
v -2.031993 4.041149 2.877290
v -2.063643 4.041051 2.877290
v -2.006635 0.082719 2.877290
v -2.018760 4.026348 2.877290
v -2.006559 0.058190 2.877290
v -2.006507 0.041208 2.877290
v -2.019695 0.041167 2.877290
v -2.051345 0.041070 2.877290
v -2.051472 0.082581 2.877290
v -2.063598 4.026210 2.877290
v -2.051397 0.058052 2.877290
v -2.063396 3.960483 2.877290
v -2.018558 3.960621 2.877290
v -2.006506 0.041208 -2.881167
v -2.019694 0.041167 -2.881167
v -2.051344 0.041070 -2.881167
v -2.051471 0.082581 -2.881167
v -2.063597 4.026210 -2.881167
v -2.018805 4.041190 -2.881167
v -2.031993 4.041149 -2.881167
v -2.063643 4.041051 -2.881167
v -2.006634 0.082719 -2.881167
v -2.018759 4.026348 -2.881167
v -2.051396 0.058052 -2.881167
v -2.006559 0.058190 -2.881167
v -2.063395 3.960483 -2.881167
v -2.018557 3.960621 -2.881167
v -2.006897 0.168164 -2.912902
v -2.020084 0.168124 -2.912902
v -2.051734 0.168026 -2.912902
v -2.006897 0.168164 2.303858
v -2.006897 0.168164 1.645971
v -2.006897 0.168164 0.988085
v -2.006897 0.168164 0.330198
v -2.006897 0.168164 -0.327689
v -2.006897 0.168164 -0.985576
v -2.006897 0.168164 -1.643463
v -2.006897 0.168164 -2.301350
v -2.006897 0.168164 -2.899100
v -2.006897 0.168164 2.895025
v -2.006897 0.168164 2.915411
v -2.020085 0.168124 2.915411
v -2.051735 0.168026 2.915411
v -2.051735 0.168026 2.303858
v -2.051735 0.168026 1.645971
v -2.051735 0.168026 0.988085
v -2.051735 0.168026 0.330198
v -2.051735 0.168026 -0.327689
v -2.051734 0.168026 -0.985576
v -2.051734 0.168026 -1.643463
v -2.051734 0.168026 -2.301350
v -2.051734 0.168026 -2.899100
v -2.051735 0.168026 2.895025
v -2.006897 0.168164 2.877290
v -2.051735 0.168026 2.877290
v -2.006897 0.168164 -2.881167
v -2.051734 0.168026 -2.881167
v -2.011010 1.505601 2.915411
v -2.014897 2.769753 2.915411
v -2.024197 1.505560 2.915411
v -2.028084 2.769712 2.915411
v -2.055847 1.505463 2.915411
v -2.059734 2.769615 2.915411
v -2.055847 1.505463 2.303858
v -2.059734 2.769615 2.303858
v -2.055847 1.505463 1.645971
v -2.059734 2.769615 1.645971
v -2.055847 1.505463 0.988085
v -2.059734 2.769615 0.988085
v -2.055847 1.505463 0.330198
v -2.059734 2.769615 0.330198
v -2.055847 1.505463 -0.327689
v -2.059734 2.769615 -0.327689
v -2.055847 1.505463 -0.985576
v -2.059734 2.769615 -0.985576
v -2.055847 1.505463 -1.643463
v -2.059734 2.769615 -1.643463
v -2.055846 1.505463 -2.301350
v -2.059733 2.769615 -2.301350
v -2.055846 1.505463 -2.899100
v -2.059733 2.769615 -2.899100
v -2.055847 1.505463 2.895025
v -2.059734 2.769615 2.895025
v -2.055847 1.505463 2.877290
v -2.059734 2.769615 2.877290
v -2.055846 1.505463 -2.881167
v -2.059733 2.769615 -2.881167
v -2.014896 2.769753 -2.912902
v -2.011009 1.505600 -2.912902
v -2.028083 2.769712 -2.912902
v -2.024196 1.505560 -2.912902
v -2.059733 2.769615 -2.912902
v -2.055846 1.505463 -2.912902
v -2.014896 2.769753 2.303858
v -2.011010 1.505600 2.303858
v -2.014896 2.769753 1.645971
v -2.011009 1.505600 1.645971
v -2.014896 2.769753 0.988085
v -2.011009 1.505600 0.988085
v -2.014896 2.769753 0.330198
v -2.011009 1.505600 0.330198
v -2.014896 2.769753 -0.327689
v -2.011009 1.505600 -0.327689
v -2.014896 2.769753 -0.985576
v -2.011009 1.505600 -0.985576
v -2.014896 2.769753 -1.643463
v -2.011009 1.505600 -1.643463
v -2.014896 2.769753 -2.301350
v -2.011009 1.505600 -2.301350
v -2.014896 2.769753 -2.899100
v -2.011009 1.505600 -2.899100
v -2.014897 2.769753 2.895025
v -2.011010 1.505600 2.895025
v -2.014897 2.769753 2.877290
v -2.011010 1.505600 2.877290
v -2.014896 2.769753 -2.881167
v -2.011009 1.505600 -2.881167
v -2.018592 3.971575 2.915411
v -2.031779 3.971535 2.915411
v -2.063429 3.971437 2.915411
v -2.063429 3.971437 2.303858
v -2.063429 3.971437 1.645971
v -2.063429 3.971437 0.988085
v -2.063429 3.971437 0.330198
v -2.063429 3.971437 -0.327689
v -2.063429 3.971437 -0.985576
v -2.063429 3.971437 -1.643463
v -2.063429 3.971437 -2.301350
v -2.063429 3.971437 -2.899100
v -2.063429 3.971437 2.895025
v -2.018591 3.971575 -2.912902
v -2.031779 3.971535 -2.912902
v -2.063429 3.971437 -2.912902
v -2.018592 3.971575 2.303858
v -2.018592 3.971575 1.645971
v -2.018592 3.971575 0.988085
v -2.018591 3.971575 0.330198
v -2.018591 3.971575 -0.327689
v -2.018591 3.971575 -0.985576
v -2.018591 3.971575 -1.643463
v -2.018591 3.971575 -2.301350
v -2.018591 3.971575 -2.899100
v -2.018592 3.971575 2.895025
v -2.063429 3.971437 2.877290
v -2.018592 3.971575 2.877290
v -2.063429 3.971437 -2.881167
v -2.018591 3.971575 -2.881167
vt 0.004807 0.000000
vt 0.000000 0.000000
vt 0.000000 0.000000
vt 0.004807 0.000000
vt 0.996295 0.997492
vt 0.996295 1.000000
vt 1.000000 1.000000
vt 1.000000 0.997492
vt 1.000000 0.003704
vt 1.000000 0.000000
vt 1.000000 0.000000
vt 1.000000 0.003704
vt 0.000000 0.997492
vt 0.000000 1.000000
vt 0.000000 1.000000
vt 0.000000 0.997492
vt 0.996295 1.000000
vt 1.000000 1.000000
vt 0.004807 1.000000
vt 0.011752 1.000000
vt 0.011752 1.000000
vt 0.004807 1.000000
vt 0.004807 0.997492
vt 0.011752 0.997492
vt 0.033083 0.000000
vt 0.011752 0.000000
vt 0.011752 0.000000
vt 0.033083 0.000000
vt 0.000000 0.555556
vt 0.000000 0.444444
vt 0.000000 0.444444
vt 0.000000 0.555556
vt 0.000000 0.666667
vt 0.000000 0.666667
vt 0.000000 0.777778
vt 0.000000 0.777778
vt 0.004807 0.006926
vt 0.004807 0.111111
vt 0.011752 0.111111
vt 0.011752 0.006926
vt 0.004807 0.222222
vt 0.011752 0.222222
vt 0.004807 0.333333
vt 0.011752 0.333333
vt 0.004807 0.444444
vt 0.011752 0.444444
vt 0.004807 0.555556
vt 0.011752 0.555556
vt 0.004807 0.666667
vt 0.011752 0.666667
vt 0.004807 0.777778
vt 0.011752 0.777778
vt 0.004807 0.888889
vt 0.011752 0.888889
vt 0.000000 0.006926
vt 0.000000 0.111111
vt 0.000000 0.111111
vt 0.000000 0.006926
vt 0.000000 0.222222
vt 0.000000 0.222222
vt 0.000000 0.333333
vt 0.000000 0.333333
vt 0.000000 0.444444
vt 0.000000 0.444444
vt 0.000000 0.555556
vt 0.000000 0.555556
vt 0.000000 0.666667
vt 0.000000 0.666667
vt 0.000000 0.777778
vt 0.000000 0.777778
vt 0.000000 0.888889
vt 0.000000 0.888889
vt 1.000000 0.994234
vt 1.000000 0.888889
vt 1.000000 0.888889
vt 1.000000 0.994234
vt 1.000000 0.777778
vt 1.000000 0.777778
vt 1.000000 0.666667
vt 1.000000 0.666667
vt 1.000000 0.555556
vt 1.000000 0.555556
vt 1.000000 0.444444
vt 1.000000 0.444444
vt 1.000000 0.333333
vt 1.000000 0.333333
vt 1.000000 0.222222
vt 1.000000 0.222222
vt 1.000000 0.111111
vt 1.000000 0.111111
vt 0.996295 0.006926
vt 0.996295 0.111111
vt 1.000000 0.006926
vt 0.996295 0.222222
vt 0.996295 0.333333
vt 0.996295 0.444444
vt 0.996295 0.555556
vt 0.996295 0.666667
vt 0.996295 0.777778
vt 0.996295 0.888889
vt 0.000000 0.111111
vt 0.000000 0.222222
vt 0.000000 0.333333
vt 0.000000 0.888889
vt 0.000000 0.333333
vt 0.000000 0.222222
vt 0.000000 0.111111
vt 0.000000 0.888889
vt 0.982620 0.777778
vt 0.982620 0.888889
vt 0.982620 0.666667
vt 0.982620 0.555556
vt 0.982620 0.444444
vt 0.982620 0.333333
vt 0.982620 0.222222
vt 0.982620 0.111111
vt 0.982620 0.006926
vt 0.996295 0.000000
vt 0.996295 0.000000
vt 0.982621 1.000000
vt 0.982620 1.000000
vt 0.982621 0.997492
vt 0.982620 0.994234
vt 0.996295 0.994234
vt 1.000000 0.997492
vt 0.004807 0.994234
vt 0.011752 0.994234
vt 0.000000 0.994234
vt 0.000000 0.994234
vt 0.000000 0.997492
vt 0.004807 0.997492
vt 0.004807 1.000000
vt 0.000000 1.000000
vt 0.000000 0.003704
vt 0.004807 0.003704
vt 0.982620 0.000000
vt 0.982620 0.003704
vt 0.996295 0.003704
vt 0.000000 0.003704
vt 0.011752 0.003704
vt 1.000000 0.006926
vt 0.682581 0.000000
vt 0.682581 0.003704
vt 0.979886 0.003704
vt 0.979886 0.000000
vt 0.682581 0.994234
vt 0.682581 0.997492
vt 0.979886 0.997492
vt 0.979886 0.994234
vt 0.682581 1.000000
vt 0.979886 1.000000
vt 0.682581 1.000000
vt 0.979886 1.000000
vt 0.682581 0.006926
vt 0.682581 0.111111
vt 0.979886 0.111111
vt 0.979886 0.006926
vt 0.682581 0.222222
vt 0.979886 0.222222
vt 0.682581 0.333333
vt 0.979886 0.333333
vt 0.682581 0.444444
vt 0.979886 0.444444
vt 0.682581 0.555556
vt 0.979886 0.555556
vt 0.682581 0.666667
vt 0.979886 0.666667
vt 0.682581 0.777778
vt 0.979886 0.777778
vt 0.682581 0.888889
vt 0.979886 0.888889
vt 0.982620 0.000000
vt 0.979886 0.000000
vt 0.033083 0.994234
vt 0.033083 0.888889
vt 0.033083 0.006926
vt 0.033083 0.003704
vt 0.033083 0.777778
vt 0.033083 0.666667
vt 0.033083 0.555556
vt 0.033083 0.444444
vt 0.033083 0.333333
vt 0.033083 0.222222
vt 0.033083 0.111111
vt 0.033083 1.000000
vt 0.033083 1.000000
vt 0.033083 0.997492
vt 0.366980 0.000000
vt 0.366980 0.000000
vt 0.682581 0.000000
vt 0.366980 0.994234
vt 0.366980 0.888889
vt 0.366980 0.006926
vt 0.366980 0.003704
vt 0.366980 0.777778
vt 0.366980 0.666667
vt 0.366980 0.555556
vt 0.366980 0.444444
vt 0.366980 0.333333
vt 0.366980 0.222222
vt 0.366980 0.111111
vt 0.366980 1.000000
vt 0.366980 1.000000
vt 0.366980 0.997492
vt 0.996295 0.997492
vt 1.000000 0.997492
vt 1.000000 1.000000
vt 0.996295 1.000000
vt 0.004807 0.000000
vt 0.000000 0.000000
vt 1.000000 0.003704
vt 1.000000 0.000000
vt 0.033083 0.000000
vt 0.011752 0.000000
vt 0.011752 1.000000
vt 0.011752 0.997492
vt 0.004807 0.006926
vt 0.011752 0.006926
vt 0.011752 0.111111
vt 0.004807 0.111111
vt 0.004807 0.888889
vt 0.004807 0.888889
vt 0.011752 0.777778
vt 0.011752 0.888889
vt 0.011752 0.888889
vt 0.011752 0.777778
vt 0.011752 0.666667
vt 0.011752 0.666667
vt 0.011752 0.555556
vt 0.011752 0.555556
vt 0.000000 0.006926
vt 1.000000 0.994234
vt 1.000000 0.888889
vt 1.000000 0.777778
vt 1.000000 0.666667
vt 1.000000 0.555556
vt 1.000000 0.444444
vt 1.000000 0.333333
vt 1.000000 0.222222
vt 1.000000 0.111111
vt 0.996295 0.006926
vt 1.000000 0.006926
vt 0.996295 0.111111
vt 0.996295 0.222222
vt 0.996295 0.333333
vt 0.996295 0.444444
vt 0.996295 0.555556
vt 0.996295 0.666667
vt 0.996295 0.777778
vt 0.996295 0.888889
vt 0.004807 0.111111
vt 0.011752 0.111111
vt 0.011752 0.222222
vt 0.004807 0.222222
vt 0.011752 0.333333
vt 0.004807 0.333333
vt 0.011752 0.444444
vt 0.004807 0.444444
vt 0.004807 0.555556
vt 0.004807 0.666667
vt 0.004807 0.777778
vt 0.011752 0.222222
vt 0.011752 0.333333
vt 0.011752 0.444444
vt 0.982620 0.777778
vt 0.982620 0.888889
vt 0.982620 0.666667
vt 0.982620 0.555556
vt 0.982620 0.333333
vt 0.982620 0.444444
vt 0.982620 0.222222
vt 0.982620 0.111111
vt 0.982620 0.006926
vt 0.996295 0.000000
vt 0.982621 1.000000
vt 0.982621 0.997492
vt 0.982620 0.994234
vt 0.996295 0.994234
vt 0.004807 0.994234
vt 0.011752 0.994234
vt 0.000000 0.994234
vt 0.004807 0.003704
vt 0.000000 0.003704
vt 0.982621 -0.000000
vt 0.996295 0.003704
vt 0.982620 0.003704
vt 0.011752 0.003704
vt 0.682581 0.000000
vt 0.979886 0.000000
vt 0.979886 0.003704
vt 0.682580 0.003704
vt 0.682581 0.994234
vt 0.979886 0.994234
vt 0.979886 0.997492
vt 0.682581 0.997492
vt 0.979886 1.000000
vt 0.682581 1.000000
vt 0.979886 0.006926
vt 0.682580 0.006926
vt 0.033083 0.888889
vt 0.033083 0.994234
vt 0.033083 0.003704
vt 0.033083 0.006926
vt 0.033083 0.777778
vt 0.033083 0.666667
vt 0.033083 0.555556
vt 0.033083 0.444444
vt 0.033083 0.333333
vt 0.033083 0.222222
vt 0.033083 0.111111
vt 0.033083 1.000000
vt 0.033083 0.997492
vt 0.366980 0.000000
vt 0.366980 0.003704
vt 0.366980 0.006926
vt 0.366980 1.000000
vt 0.366980 0.997492
vt 0.366980 0.994234
vt 0.979886 0.888889
vt 0.979886 0.111111
vt 0.979886 0.222222
vt 0.979886 0.333333
vt 0.979886 0.444444
vt 0.979886 0.555556
vt 0.979886 0.666667
vt 0.979886 0.777778
vt 1.001156 0.684902
vt 1.001156 0.997074
vt 0.901800 0.997074
vt 0.901800 0.684902
vt 0.787812 0.997074
vt 0.787812 0.684902
vt 0.673823 0.997074
vt 0.673823 0.684902
vt 0.559834 0.997074
vt 0.559834 0.684902
vt 0.445845 0.997074
vt 0.445845 0.684902
vt 0.331856 0.997074
vt 0.331856 0.684902
vt 0.217867 0.997074
vt 0.217867 0.684902
vt 0.103878 0.997074
vt 0.103878 0.684902
vt 0.003416 0.997074
vt 0.003416 0.684902
vt 0.103879 0.002925
vt 0.103879 0.353519
vt 0.003416 0.353519
vt 0.003416 0.002925
vt 0.217867 0.002925
vt 0.217867 0.353519
vt 0.331856 0.002925
vt 0.331856 0.353519
vt 0.445845 0.002925
vt 0.445845 0.353519
vt 0.559834 0.002925
vt 0.559834 0.353519
vt 0.673823 0.002925
vt 0.673823 0.353519
vt 0.787812 0.002925
vt 0.787812 0.353519
vt 0.901800 0.002925
vt 0.901800 0.353519
vt 1.001156 0.002925
vt 1.001156 0.353519
vn -0.0007 0.2270 -0.9739
vn -0.0014 0.4422 -0.8969
vn -0.0013 0.4422 -0.8969
vn 1.0000 0.0031 0.0000
vn 0.0030 -0.9885 -0.1509
vn 0.0029 -0.9544 -0.2984
vn 0.0029 -0.9544 -0.2985
vn 0.0031 -0.9885 -0.1510
vn -0.0027 0.8651 0.5015
vn 0.0007 -0.2129 0.9771
vn 0.0013 -0.4161 0.9093
vn -0.0005 0.1771 0.9842
vn 0.0000 0.0000 1.0000
vn -0.0000 0.0000 -1.0000
vn -0.0031 1.0000 0.0000
vn 0.0031 -1.0000 0.0000
vn 0.0016 -0.5110 -0.8596
vn 0.0027 -0.8652 0.5015
vn -1.0000 -0.0031 -0.0000
vn -0.0011 0.3487 0.9372
vn -0.0029 0.9544 -0.2985
vn -0.0030 0.9885 -0.1510
vn -0.0029 0.9544 -0.2984
usemtl color.001
s 1
f 4477/4540/654 4348/4541/655 4352/4542/656 4478/4543/654
f 4471/4544/657 4446/4545/657 4354/4546/657 4465/4547/657
f 4504/4548/658 4349/4549/659 4353/4550/660 4505/4551/661
f 4468/4552/662 4347/4553/662 4351/4554/662 4469/4555/662
f 4445/4556/663 4350/4557/664 4354/4546/664 4446/4545/663
f 4474/4558/665 4358/4559/666 4360/4560/666 4475/4561/665
f 4498/4562/657 4475/4561/657 4360/4560/657 4470/4563/657
f 4579/4564/667 4357/4565/667 4359/4566/667 4580/4567/667
f 4364/4568/668 4365/4569/668 4429/4570/668 4428/4571/668
f 4363/4572/668 4364/4568/668 4428/4571/668 4427/4573/668
f 4362/4574/668 4363/4572/668 4427/4573/668 4426/4575/668
f 4548/4576/657 4481/4577/657 4416/4578/657 4546/4579/657
f 4481/4577/657 4482/4580/657 4415/4581/657 4416/4578/657
f 4482/4580/657 4483/4582/657 4414/4583/657 4415/4581/657
f 4483/4582/657 4484/4584/657 4413/4585/657 4414/4583/657
f 4484/4584/657 4485/4586/657 4412/4587/657 4413/4585/657
f 4485/4586/657 4486/4588/657 4411/4589/657 4412/4587/657
f 4486/4588/657 4487/4590/657 4410/4591/657 4411/4589/657
f 4487/4590/657 4488/4592/657 4409/4593/657 4410/4591/657
f 4544/4594/668 4384/4595/668 4400/4596/668 4545/4597/668
f 4384/4595/668 4383/4598/668 4399/4599/668 4400/4596/668
f 4383/4598/668 4382/4600/668 4398/4601/668 4399/4599/668
f 4382/4600/668 4381/4602/668 4397/4603/668 4398/4601/668
f 4381/4602/668 4380/4604/668 4396/4605/668 4397/4603/668
f 4380/4604/668 4379/4606/668 4395/4607/668 4396/4605/668
f 4379/4606/668 4378/4608/668 4394/4609/668 4395/4607/668
f 4378/4608/668 4377/4610/668 4393/4611/668 4394/4609/668
f 4557/4612/669 4392/4613/669 4408/4614/669 4558/4615/669
f 4392/4613/669 4391/4616/669 4407/4617/669 4408/4614/669
f 4391/4616/669 4390/4618/669 4406/4619/669 4407/4617/669
f 4390/4618/669 4389/4620/669 4405/4621/669 4406/4619/669
f 4389/4620/669 4388/4622/669 4404/4623/669 4405/4621/669
f 4388/4622/669 4387/4624/669 4403/4625/669 4404/4623/669
f 4387/4624/669 4386/4626/669 4402/4627/669 4403/4625/669
f 4386/4626/669 4385/4628/669 4401/4629/669 4402/4627/669
f 4547/4630/657 4447/4631/657 4401/4629/657 4539/4632/657
f 4447/4631/657 4448/4633/657 4402/4627/657 4401/4629/657
f 4448/4633/657 4449/4634/657 4403/4625/657 4402/4627/657
f 4449/4634/657 4450/4635/657 4404/4623/657 4403/4625/657
f 4450/4635/657 4451/4636/657 4405/4621/657 4404/4623/657
f 4451/4636/657 4452/4637/657 4406/4619/657 4405/4621/657
f 4452/4637/657 4453/4638/657 4407/4617/657 4406/4619/657
f 4453/4638/657 4454/4639/657 4408/4614/657 4407/4617/657
f 4368/4640/668 4367/4641/668 4383/4598/668 4384/4595/668
f 4367/4641/668 4366/4642/668 4382/4600/668 4383/4598/668
f 4366/4642/668 4365/4569/668 4381/4602/668 4382/4600/668
f 4365/4569/668 4364/4568/668 4380/4604/668 4381/4602/668
f 4364/4568/668 4363/4572/668 4379/4606/668 4380/4604/668
f 4363/4572/668 4362/4574/668 4378/4608/668 4379/4606/668
f 4362/4574/668 4361/4643/668 4377/4610/668 4378/4608/668
f 4365/4569/668 4366/4642/668 4430/4644/668 4429/4570/668
f 4366/4642/668 4367/4641/668 4431/4645/668 4430/4644/668
f 4367/4641/668 4368/4640/668 4432/4646/668 4431/4645/668
f 4361/4643/668 4362/4574/668 4426/4575/668 4425/4647/668
f 4664/4648/657 4665/4649/657 4454/4639/657 4453/4638/657
f 4663/4650/657 4664/4648/657 4453/4638/657 4452/4637/657
f 4662/4651/657 4663/4650/657 4452/4637/657 4451/4636/657
f 4661/4652/657 4662/4651/657 4451/4636/657 4450/4635/657
f 4660/4653/657 4661/4652/657 4450/4635/657 4449/4634/657
f 4659/4654/657 4660/4653/657 4449/4634/657 4448/4633/657
f 4658/4655/657 4659/4654/657 4448/4633/657 4447/4631/657
f 4681/4656/657 4658/4655/657 4447/4631/657 4547/4630/657
f 4349/4549/670 4442/4657/670 4443/4658/670 4353/4550/670
f 4669/4659/666 4445/4556/663 4446/4545/663 4670/4660/666
f 4666/4661/657 4670/4660/657 4446/4545/657 4471/4544/657
f 4683/4662/657 4666/4661/657 4471/4544/657 4555/4663/657
f 4350/4557/671 4464/4664/671 4465/4547/671 4354/4546/671
f 4561/4665/657 4498/4562/657 4470/4563/657 4554/4666/657
f 4552/4667/668 4468/4552/668 4469/4555/668 4553/4668/668
f 4555/4663/657 4471/4544/657 4465/4547/657 4558/4615/657
f 4553/4668/657 4469/4555/657 4498/4562/657 4561/4665/657
f 4394/4609/657 4393/4611/657 4488/4592/657 4487/4590/657
f 4395/4607/657 4394/4609/657 4487/4590/657 4486/4588/657
f 4396/4605/657 4395/4607/657 4486/4588/657 4485/4586/657
f 4397/4603/657 4396/4605/657 4485/4586/657 4484/4584/657
f 4398/4601/657 4397/4603/657 4484/4584/657 4483/4582/657
f 4399/4599/657 4398/4601/657 4483/4582/657 4482/4580/657
f 4400/4596/657 4399/4599/657 4482/4580/657 4481/4577/657
f 4545/4597/657 4400/4596/657 4481/4577/657 4548/4576/657
f 4467/4669/672 4497/4670/672 4473/4671/672 4345/4672/672
f 4469/4555/657 4351/4554/657 4475/4561/657 4498/4562/657
f 4347/4553/673 4474/4558/665 4475/4561/665 4351/4554/673
f 4357/4565/667 4477/4540/654 4478/4543/654 4359/4566/667
f 4352/4542/657 4501/4673/657 4509/4674/657 4478/4543/657
f 4657/4675/657 4667/4676/657 4508/4677/657 4443/4658/657
f 4443/4658/657 4508/4677/657 4505/4551/657 4353/4550/657
f 4348/4541/674 4500/4678/675 4501/4673/675 4352/4542/676
f 4478/4543/657 4509/4674/657 4502/4679/657 4359/4566/657
f 4538/4680/669 4504/4548/658 4505/4551/661 4539/4632/669
f 4600/4681/657 4620/4682/657 4535/4683/657 4524/4684/657
f 4624/4685/657 4618/4686/657 4534/4687/657 4563/4688/657
f 4618/4686/657 4629/4689/657 4513/4690/657 4534/4687/657
f 4627/4691/666 4512/4692/666 4513/4690/666 4629/4689/666
f 4622/4693/657 4602/4694/657 4525/4695/657 4549/4696/657
f 4602/4694/657 4604/4697/657 4526/4698/657 4525/4695/657
f 4604/4697/657 4606/4699/657 4527/4700/657 4526/4698/657
f 4606/4699/657 4608/4701/657 4528/4702/657 4527/4700/657
f 4608/4701/657 4610/4703/657 4529/4704/657 4528/4702/657
f 4610/4703/657 4612/4705/657 4530/4706/657 4529/4704/657
f 4612/4705/657 4614/4707/657 4531/4708/657 4530/4706/657
f 4614/4707/657 4616/4709/657 4532/4710/657 4531/4708/657
f 4656/4711/667 4523/4712/667 4524/4684/667 4657/4675/667
f 4620/4682/657 4622/4693/657 4549/4696/657 4535/4683/657
f 4385/4628/669 4538/4680/669 4539/4632/669 4401/4629/669
f 4501/4673/657 4545/4597/657 4548/4576/657 4509/4674/657
f 4667/4676/657 4681/4656/657 4547/4630/657 4508/4677/657
f 4508/4677/657 4547/4630/657 4539/4632/657 4505/4551/657
f 4500/4678/675 4544/4594/668 4545/4597/668 4501/4673/675
f 4509/4674/657 4548/4576/657 4546/4579/657 4502/4679/657
f 4616/4709/657 4624/4685/657 4563/4688/657 4532/4710/657
f 4393/4611/657 4553/4668/657 4561/4665/657 4488/4592/657
f 4454/4639/657 4555/4663/657 4558/4615/657 4408/4614/657
f 4377/4610/668 4552/4667/668 4553/4668/668 4393/4611/668
f 4488/4592/657 4561/4665/657 4554/4666/657 4409/4593/657
f 4665/4649/657 4683/4662/657 4555/4663/657 4454/4639/657
f 4464/4664/669 4557/4612/669 4558/4615/669 4465/4547/669
f 4409/4593/657 4554/4666/657 4594/4713/657 4588/4714/657
f 4502/4679/657 4546/4579/657 4592/4715/657 4590/4716/657
f 4410/4591/657 4409/4593/657 4588/4714/657 4587/4717/657
f 4411/4589/657 4410/4591/657 4587/4717/657 4586/4718/657
f 4412/4587/657 4411/4589/657 4586/4718/657 4585/4719/657
f 4413/4585/657 4412/4587/657 4585/4719/657 4584/4720/657
f 4414/4583/657 4413/4585/657 4584/4720/657 4583/4721/657
f 4415/4581/657 4414/4583/657 4583/4721/657 4582/4722/657
f 4416/4578/657 4415/4581/657 4582/4722/657 4581/4723/657
f 4546/4579/657 4416/4578/657 4581/4723/657 4592/4715/657
f 4358/4559/666 4566/4724/666 4567/4725/666 4360/4560/666
f 4470/4563/657 4360/4560/657 4567/4725/657 4589/4726/657
f 4554/4666/657 4470/4563/657 4589/4726/657 4594/4713/657
f 4359/4566/657 4502/4679/657 4590/4716/657 4580/4567/657
f 4597/4727/667 4579/4564/667 4580/4567/667 4599/4728/667
f 4523/4712/667 4598/4729/667 4600/4681/667 4524/4684/667
f 4598/4729/667 4597/4727/667 4599/4728/667 4600/4681/667
f 4588/4714/657 4594/4713/657 4623/4730/657 4615/4731/657
f 4615/4731/657 4623/4730/657 4624/4685/657 4616/4709/657
f 4590/4716/657 4592/4715/657 4621/4732/657 4619/4733/657
f 4619/4733/657 4621/4732/657 4622/4693/657 4620/4682/657
f 4587/4717/657 4588/4714/657 4615/4731/657 4613/4734/657
f 4613/4734/657 4615/4731/657 4616/4709/657 4614/4707/657
f 4586/4718/657 4587/4717/657 4613/4734/657 4611/4735/657
f 4611/4735/657 4613/4734/657 4614/4707/657 4612/4705/657
f 4585/4719/657 4586/4718/657 4611/4735/657 4609/4736/657
f 4609/4736/657 4611/4735/657 4612/4705/657 4610/4703/657
f 4584/4720/657 4585/4719/657 4609/4736/657 4607/4737/657
f 4607/4737/657 4609/4736/657 4610/4703/657 4608/4701/657
f 4583/4721/657 4584/4720/657 4607/4737/657 4605/4738/657
f 4605/4738/657 4607/4737/657 4608/4701/657 4606/4699/657
f 4582/4722/657 4583/4721/657 4605/4738/657 4603/4739/657
f 4603/4739/657 4605/4738/657 4606/4699/657 4604/4697/657
f 4581/4723/657 4582/4722/657 4603/4739/657 4601/4740/657
f 4601/4740/657 4603/4739/657 4604/4697/657 4602/4694/657
f 4592/4715/657 4581/4723/657 4601/4740/657 4621/4732/657
f 4621/4732/657 4601/4740/657 4602/4694/657 4622/4693/657
f 4566/4724/666 4628/4741/666 4630/4742/666 4567/4725/666
f 4628/4741/666 4627/4691/666 4629/4689/666 4630/4742/666
f 4589/4726/657 4567/4725/657 4630/4742/657 4617/4743/657
f 4617/4743/657 4630/4742/657 4629/4689/657 4618/4686/657
f 4594/4713/657 4589/4726/657 4617/4743/657 4623/4730/657
f 4623/4730/657 4617/4743/657 4618/4686/657 4624/4685/657
f 4580/4567/657 4590/4716/657 4619/4733/657 4599/4728/657
f 4599/4728/657 4619/4733/657 4620/4682/657 4600/4681/657
f 4532/4710/657 4563/4688/657 4683/4662/657 4665/4649/657
f 4535/4683/657 4549/4696/657 4681/4656/657 4667/4676/657
f 4442/4657/667 4656/4711/667 4657/4675/667 4443/4658/667
f 4524/4684/657 4535/4683/657 4667/4676/657 4657/4675/657
f 4563/4688/657 4534/4687/657 4666/4661/657 4683/4662/657
f 4534/4687/657 4513/4690/657 4670/4660/657 4666/4661/657
f 4512/4692/666 4669/4659/666 4670/4660/666 4513/4690/666
f 4549/4696/657 4525/4695/657 4658/4655/657 4681/4656/657
f 4525/4695/657 4526/4698/657 4659/4654/657 4658/4655/657
f 4526/4698/657 4527/4700/657 4660/4653/657 4659/4654/657
f 4527/4700/657 4528/4702/657 4661/4652/657 4660/4653/657
f 4528/4702/657 4529/4704/657 4662/4651/657 4661/4652/657
f 4529/4704/657 4530/4706/657 4663/4650/657 4662/4651/657
f 4530/4706/657 4531/4708/657 4664/4648/657 4663/4650/657
f 4531/4708/657 4532/4710/657 4665/4649/657 4664/4648/657
usemtl screen_border
f 4472/4744/672 4463/4745/672 4346/4746/672 4444/4747/672
f 4444/4747/663 4346/4746/664 4350/4557/664 4445/4556/663
f 4476/4748/654 4343/4749/655 4348/4541/655 4477/4540/654
f 4503/4750/658 4344/4751/659 4349/4549/659 4504/4548/658
f 4467/4669/662 4345/4672/662 4347/4553/662 4468/4552/662
f 4578/4752/667 4355/4753/667 4357/4565/667 4579/4564/667
f 4473/4671/665 4356/4754/666 4358/4559/666 4474/4558/665
f 4497/4670/672 4466/4755/672 4356/4754/672 4473/4671/672
f 4542/4756/672 4540/4757/672 4417/4758/672 4479/4759/672
f 4480/4760/666 4361/4643/666 4425/4647/666 4496/4761/666
f 4423/4762/669 4424/4763/669 4440/4764/669 4439/4765/669
f 4422/4766/669 4423/4762/669 4439/4765/669 4438/4767/669
f 4421/4768/669 4422/4766/669 4438/4767/669 4437/4769/669
f 4543/4770/668 4368/4640/668 4384/4595/668 4544/4594/668
f 4556/4771/669 4376/4772/669 4392/4613/669 4557/4612/669
f 4376/4772/669 4375/4773/669 4391/4616/669 4392/4613/669
f 4375/4773/669 4374/4774/669 4390/4618/669 4391/4616/669
f 4374/4774/669 4373/4775/669 4389/4620/669 4390/4618/669
f 4373/4775/669 4372/4776/669 4388/4622/669 4389/4620/669
f 4372/4776/669 4371/4777/669 4387/4624/669 4388/4622/669
f 4371/4777/669 4370/4778/669 4386/4626/669 4387/4624/669
f 4370/4778/669 4369/4779/669 4385/4628/669 4386/4626/669
f 4541/4780/672 4537/4781/672 4369/4779/672 4455/4782/672
f 4455/4782/672 4369/4779/672 4370/4778/672 4456/4783/672
f 4456/4783/672 4370/4778/672 4371/4777/672 4457/4784/672
f 4457/4784/672 4371/4777/672 4372/4776/672 4458/4785/672
f 4458/4785/672 4372/4776/672 4373/4775/672 4459/4786/672
f 4459/4786/672 4373/4775/672 4374/4774/672 4460/4787/672
f 4460/4787/672 4374/4774/672 4375/4773/672 4461/4788/672
f 4461/4788/672 4375/4773/672 4376/4772/672 4462/4789/672
f 4489/4790/672 4433/4791/672 4434/4792/672 4490/4793/672
f 4490/4793/672 4434/4792/672 4435/4794/672 4491/4795/672
f 4491/4795/672 4435/4794/672 4436/4796/672 4492/4797/672
f 4492/4797/672 4436/4796/672 4437/4769/672 4493/4798/672
f 4493/4798/672 4437/4769/672 4438/4767/672 4494/4799/672
f 4494/4799/672 4438/4767/672 4439/4765/672 4495/4800/672
f 4495/4800/672 4439/4765/672 4440/4764/672 4496/4761/672
f 4479/4759/667 4417/4758/667 4433/4791/667 4489/4790/667
f 4417/4758/669 4418/4801/669 4434/4792/669 4433/4791/669
f 4418/4801/669 4419/4802/669 4435/4794/669 4434/4792/669
f 4419/4802/669 4420/4803/669 4436/4796/669 4435/4794/669
f 4420/4803/669 4421/4768/669 4437/4769/669 4436/4796/669
f 4677/4804/672 4461/4788/672 4462/4789/672 4678/4805/672
f 4676/4806/672 4460/4787/672 4461/4788/672 4677/4804/672
f 4675/4807/672 4459/4786/672 4460/4787/672 4676/4806/672
f 4673/4808/672 4457/4784/672 4458/4785/672 4674/4809/672
f 4672/4810/672 4456/4783/672 4457/4784/672 4673/4808/672
f 4671/4811/672 4455/4782/672 4456/4783/672 4672/4810/672
f 4682/4812/672 4541/4780/672 4455/4782/672 4671/4811/672
f 4344/4751/670 4441/4813/670 4442/4657/670 4349/4549/670
f 4668/4814/666 4444/4747/663 4445/4556/663 4669/4659/666
f 4679/4815/672 4472/4744/672 4444/4747/672 4668/4814/672
f 4684/4816/672 4560/4817/672 4472/4744/672 4679/4815/672
f 4346/4746/671 4463/4745/671 4464/4664/671 4350/4557/671
f 4562/4818/672 4559/4819/672 4466/4755/672 4497/4670/672
f 4551/4820/668 4467/4669/668 4468/4552/668 4552/4667/668
f 4560/4817/672 4556/4771/672 4463/4745/672 4472/4744/672
f 4551/4820/672 4562/4818/672 4497/4670/672 4467/4669/672
f 4368/4640/667 4479/4759/667 4489/4790/667 4432/4646/667
f 4426/4575/672 4495/4800/672 4496/4761/672 4425/4647/672
f 4427/4573/672 4494/4799/672 4495/4800/672 4426/4575/672
f 4428/4571/672 4493/4798/672 4494/4799/672 4427/4573/672
f 4429/4570/672 4492/4797/672 4493/4798/672 4428/4571/672
f 4430/4644/672 4491/4795/672 4492/4797/672 4429/4570/672
f 4431/4645/672 4490/4793/672 4491/4795/672 4430/4644/672
f 4432/4646/672 4489/4790/672 4490/4793/672 4431/4645/672
f 4424/4763/666 4480/4760/666 4496/4761/666 4440/4764/666
f 4543/4770/672 4542/4756/672 4479/4759/672 4368/4640/672
f 4345/4672/673 4473/4671/665 4474/4558/665 4347/4553/673
f 4355/4753/667 4476/4748/654 4477/4540/654 4357/4565/667
f 4343/4749/672 4476/4748/672 4510/4821/672 4499/4822/672
f 4655/4823/672 4441/4813/672 4507/4824/672 4680/4825/672
f 4441/4813/672 4344/4751/672 4503/4750/672 4507/4824/672
f 4343/4749/674 4499/4822/675 4500/4678/675 4348/4541/674
f 4476/4748/672 4355/4753/672 4506/4826/672 4510/4821/672
f 4537/4781/669 4503/4750/658 4504/4548/658 4538/4680/669
f 4596/4827/672 4522/4828/672 4536/4829/672 4649/4830/672
f 4653/4831/672 4564/4832/672 4533/4833/672 4647/4834/672
f 4647/4834/672 4533/4833/672 4511/4835/672 4625/4836/672
f 4625/4836/666 4511/4835/666 4512/4692/666 4627/4691/666
f 4655/4823/667 4522/4828/667 4523/4712/667 4656/4711/667
f 4649/4830/672 4536/4829/672 4550/4837/672 4651/4838/672
f 4369/4779/669 4537/4781/669 4538/4680/669 4385/4628/669
f 4499/4822/672 4510/4821/672 4542/4756/672 4543/4770/672
f 4680/4825/672 4507/4824/672 4541/4780/672 4682/4812/672
f 4507/4824/672 4503/4750/672 4537/4781/672 4541/4780/672
f 4499/4822/675 4543/4770/668 4544/4594/668 4500/4678/675
f 4510/4821/672 4506/4826/672 4540/4757/672 4542/4756/672
f 4361/4643/672 4480/4760/672 4562/4818/672 4551/4820/672
f 4462/4789/672 4376/4772/672 4556/4771/672 4560/4817/672
f 4361/4643/668 4551/4820/668 4552/4667/668 4377/4610/668
f 4480/4760/672 4424/4763/672 4559/4819/672 4562/4818/672
f 4678/4805/672 4462/4789/672 4560/4817/672 4684/4816/672
f 4463/4745/669 4556/4771/669 4557/4612/669 4464/4664/669
f 4424/4763/672 4575/4839/672 4593/4840/672 4559/4819/672
f 4506/4826/672 4577/4841/672 4591/4842/672 4540/4757/672
f 4423/4762/672 4574/4843/672 4575/4839/672 4424/4763/672
f 4422/4766/672 4573/4844/672 4574/4843/672 4423/4762/672
f 4421/4768/672 4572/4845/672 4573/4844/672 4422/4766/672
f 4420/4803/672 4571/4846/672 4572/4845/672 4421/4768/672
f 4419/4802/672 4570/4847/672 4571/4846/672 4420/4803/672
f 4418/4801/672 4569/4848/672 4570/4847/672 4419/4802/672
f 4417/4758/672 4568/4849/672 4569/4848/672 4418/4801/672
f 4540/4757/672 4591/4842/672 4568/4849/672 4417/4758/672
f 4356/4754/666 4565/4850/666 4566/4724/666 4358/4559/666
f 4466/4755/672 4576/4851/672 4565/4850/672 4356/4754/672
f 4559/4819/672 4593/4840/672 4576/4851/672 4466/4755/672
f 4355/4753/672 4578/4752/672 4577/4841/672 4506/4826/672
f 4595/4852/667 4578/4752/667 4579/4564/667 4597/4727/667
f 4522/4828/667 4596/4827/667 4598/4729/667 4523/4712/667
f 4596/4827/667 4595/4852/667 4597/4727/667 4598/4729/667
f 4577/4841/672 4650/4853/672 4652/4854/672 4591/4842/672
f 4650/4853/672 4649/4830/672 4651/4838/672 4652/4854/672
f 4565/4850/666 4626/4855/666 4628/4741/666 4566/4724/666
f 4626/4855/666 4625/4836/666 4627/4691/666 4628/4741/666
f 4576/4851/672 4648/4856/672 4626/4855/672 4565/4850/672
f 4648/4856/672 4647/4834/672 4625/4836/672 4626/4855/672
f 4593/4840/672 4654/4857/672 4648/4856/672 4576/4851/672
f 4654/4857/672 4653/4831/672 4647/4834/672 4648/4856/672
f 4578/4752/672 4595/4852/672 4650/4853/672 4577/4841/672
f 4595/4852/672 4596/4827/672 4649/4830/672 4650/4853/672
f 4521/4858/672 4678/4805/672 4684/4816/672 4564/4832/672
f 4536/4829/672 4680/4825/672 4682/4812/672 4550/4837/672
f 4441/4813/667 4655/4823/667 4656/4711/667 4442/4657/667
f 4522/4828/672 4655/4823/672 4680/4825/672 4536/4829/672
f 4564/4832/672 4684/4816/672 4679/4815/672 4533/4833/672
f 4533/4833/672 4679/4815/672 4668/4814/672 4511/4835/672
f 4511/4835/666 4668/4814/666 4669/4659/666 4512/4692/666
f 4550/4837/672 4682/4812/672 4671/4811/672 4514/4859/672
f 4514/4859/672 4671/4811/672 4672/4810/672 4515/4860/672
f 4515/4860/672 4672/4810/672 4673/4808/672 4516/4861/672
f 4516/4861/672 4673/4808/672 4674/4809/672 4517/4862/672
f 4517/4862/672 4674/4809/672 4675/4807/672 4518/4863/672
f 4518/4863/672 4675/4807/672 4676/4806/672 4519/4864/672
f 4519/4864/672 4676/4806/672 4677/4804/672 4520/4865/672
f 4520/4865/672 4677/4804/672 4678/4805/672 4521/4858/672
usemtl wallpeper
f 4651/4866/672 4550/4867/672 4514/4868/672 4631/4869/672
f 4631/4869/672 4514/4868/672 4515/4870/672 4633/4871/672
f 4633/4871/672 4515/4870/672 4516/4872/672 4635/4873/672
f 4635/4873/672 4516/4872/672 4517/4874/672 4637/4875/672
f 4637/4875/672 4517/4874/672 4518/4876/672 4639/4877/672
f 4639/4877/672 4518/4876/672 4519/4878/672 4641/4879/672
f 4641/4879/672 4519/4878/672 4520/4880/672 4643/4881/672
f 4643/4881/672 4520/4880/672 4521/4882/672 4645/4883/672
f 4645/4883/672 4521/4882/672 4564/4884/672 4653/4885/672
f 4575/4886/672 4646/4887/672 4654/4888/672 4593/4889/672
f 4646/4887/672 4645/4883/672 4653/4885/672 4654/4888/672
f 4574/4890/672 4644/4891/672 4646/4887/672 4575/4886/672
f 4644/4891/672 4643/4881/672 4645/4883/672 4646/4887/672
f 4573/4892/672 4642/4893/672 4644/4891/672 4574/4890/672
f 4642/4893/672 4641/4879/672 4643/4881/672 4644/4891/672
f 4572/4894/672 4640/4895/672 4642/4893/672 4573/4892/672
f 4640/4895/672 4639/4877/672 4641/4879/672 4642/4893/672
f 4571/4896/672 4638/4897/672 4640/4895/672 4572/4894/672
f 4638/4897/672 4637/4875/672 4639/4877/672 4640/4895/672
f 4570/4898/672 4636/4899/672 4638/4897/672 4571/4896/672
f 4636/4899/672 4635/4873/672 4637/4875/672 4638/4897/672
f 4569/4900/672 4634/4901/672 4636/4899/672 4570/4898/672
f 4634/4901/672 4633/4871/672 4635/4873/672 4636/4899/672
f 4568/4902/672 4632/4903/672 4634/4901/672 4569/4900/672
f 4632/4903/672 4631/4869/672 4633/4871/672 4634/4901/672
f 4591/4904/672 4652/4905/672 4632/4903/672 4568/4902/672
f 4652/4905/672 4651/4866/672 4631/4869/672 4632/4903/672
usemtl webcam
f 4674/4809/672 4458/4785/672 4459/4786/672 4675/4807/672
